ISO-10303-21;
HEADER;
/* Generated by software containing ST-Developer
 * from STEP Tools, Inc. (www.steptools.com) 
 */

FILE_DESCRIPTION(
/* description */ (''),
/* implementation_level */ '2;1');

FILE_NAME(
/* name */ 'R1-C4 - Central-foot-lift-carriage.step',
/* time_stamp */ '2026-09-30T00:58:57+02:00',
/* author */ (''),
/* organization */ (''),
/* preprocessor_version */ 'ST-DEVELOPER v20.2',
/* originating_system */ 'Autodesk Translation Framework v15.15.0.0',
/* authorisation */ '');

FILE_SCHEMA (('AUTOMOTIVE_DESIGN { 1 0 10303 214 3 1 1 }'));
ENDSEC;

DATA;
#10=MECHANICAL_DESIGN_GEOMETRIC_PRESENTATION_REPRESENTATION('',(#13),#2679);
#11=SHAPE_REPRESENTATION_RELATIONSHIP('SRR','None',#2686,#12);
#12=ADVANCED_BREP_SHAPE_REPRESENTATION('',(#14),#2678);
#13=STYLED_ITEM('',(#2695),#14);
#14=MANIFOLD_SOLID_BREP('Corps1',#1595);
#15=ELLIPSE('',#1647,4.24264068712096,3.);
#16=ELLIPSE('',#1648,4.24264068711929,3.);
#17=ELLIPSE('',#1650,4.24264068711761,3.);
#18=ELLIPSE('',#1654,4.24264068712096,3.);
#19=ELLIPSE('',#1655,4.24264068711928,3.);
#20=ELLIPSE('',#1657,4.24264068711761,3.);
#21=ELLIPSE('',#1660,4.24264068712096,3.);
#22=ELLIPSE('',#1661,4.24264068711929,3.);
#23=ELLIPSE('',#1663,4.24264068711761,3.);
#24=ELLIPSE('',#1667,5.40832691319865,3.);
#25=ELLIPSE('',#1668,4.24264068711929,3.);
#26=ELLIPSE('',#1670,3.60555127546319,3.);
#27=ELLIPSE('',#1673,4.24264068711761,3.);
#28=ELLIPSE('',#1674,4.24264068711929,3.);
#29=ELLIPSE('',#1676,4.24264068712096,3.);
#30=ELLIPSE('',#1678,5.40832691319865,3.);
#31=ELLIPSE('',#1679,4.24264068711929,3.);
#32=ELLIPSE('',#1681,3.60555127546319,3.);
#33=ELLIPSE('',#1689,4.24264068712097,3.);
#34=ELLIPSE('',#1690,4.24264068711928,3.);
#35=ELLIPSE('',#1692,4.2426406871176,3.);
#36=ELLIPSE('',#1695,4.24264068712097,3.);
#37=ELLIPSE('',#1696,4.24264068711928,3.);
#38=ELLIPSE('',#1698,4.2426406871176,3.);
#39=ELLIPSE('',#1702,4.24264068712097,3.);
#40=ELLIPSE('',#1703,4.24264068711928,3.);
#41=ELLIPSE('',#1705,4.2426406871176,3.);
#42=ELLIPSE('',#1709,4.2426406871176,3.);
#43=ELLIPSE('',#1710,4.2426406871193,3.);
#44=ELLIPSE('',#1712,4.24264068712097,3.);
#45=ELLIPSE('',#1714,3.6055512754632,3.);
#46=ELLIPSE('',#1715,4.24264068711928,3.);
#47=ELLIPSE('',#1717,5.40832691319868,3.);
#48=ELLIPSE('',#1720,3.6055512754632,3.);
#49=ELLIPSE('',#1721,4.24264068711928,3.);
#50=ELLIPSE('',#1723,5.40832691319868,3.);
#51=FACE_BOUND('',#214,.T.);
#52=FACE_BOUND('',#215,.T.);
#53=FACE_BOUND('',#216,.T.);
#54=FACE_BOUND('',#217,.T.);
#55=FACE_BOUND('',#218,.T.);
#56=FACE_BOUND('',#245,.T.);
#57=FACE_BOUND('',#246,.T.);
#58=FACE_BOUND('',#247,.T.);
#59=FACE_BOUND('',#248,.T.);
#60=FACE_BOUND('',#250,.T.);
#61=FACE_BOUND('',#251,.T.);
#62=FACE_BOUND('',#252,.T.);
#63=FACE_BOUND('',#253,.T.);
#64=FACE_BOUND('',#254,.T.);
#65=FACE_BOUND('',#255,.T.);
#66=FACE_BOUND('',#256,.T.);
#67=FACE_BOUND('',#257,.T.);
#68=FACE_BOUND('',#258,.T.);
#69=FACE_BOUND('',#259,.T.);
#70=FACE_BOUND('',#260,.T.);
#71=FACE_BOUND('',#280,.T.);
#72=FACE_BOUND('',#281,.T.);
#73=FACE_BOUND('',#282,.T.);
#74=FACE_BOUND('',#283,.T.);
#75=FACE_BOUND('',#287,.T.);
#76=FACE_BOUND('',#288,.T.);
#77=FACE_BOUND('',#289,.T.);
#78=FACE_BOUND('',#290,.T.);
#79=FACE_BOUND('',#293,.T.);
#80=FACE_BOUND('',#294,.T.);
#81=FACE_BOUND('',#295,.T.);
#82=FACE_BOUND('',#296,.T.);
#83=FACE_BOUND('',#312,.T.);
#84=FACE_BOUND('',#313,.T.);
#85=FACE_BOUND('',#314,.T.);
#86=FACE_BOUND('',#315,.T.);
#87=FACE_BOUND('',#316,.T.);
#88=FACE_BOUND('',#317,.T.);
#89=FACE_BOUND('',#318,.T.);
#90=PLANE('',#1624);
#91=PLANE('',#1651);
#92=PLANE('',#1652);
#93=PLANE('',#1658);
#94=PLANE('',#1664);
#95=PLANE('',#1665);
#96=PLANE('',#1671);
#97=PLANE('',#1682);
#98=PLANE('',#1687);
#99=PLANE('',#1693);
#100=PLANE('',#1699);
#101=PLANE('',#1700);
#102=PLANE('',#1706);
#103=PLANE('',#1707);
#104=PLANE('',#1718);
#105=PLANE('',#1724);
#106=PLANE('',#1729);
#107=PLANE('',#1730);
#108=PLANE('',#1731);
#109=PLANE('',#1736);
#110=PLANE('',#1737);
#111=PLANE('',#1742);
#112=PLANE('',#1743);
#113=PLANE('',#1744);
#114=PLANE('',#1745);
#115=PLANE('',#1746);
#116=PLANE('',#1747);
#117=PLANE('',#1748);
#118=PLANE('',#1749);
#119=PLANE('',#1750);
#120=PLANE('',#1751);
#121=PLANE('',#1752);
#122=PLANE('',#1753);
#123=PLANE('',#1754);
#124=PLANE('',#1755);
#125=PLANE('',#1756);
#126=PLANE('',#1765);
#127=FACE_OUTER_BOUND('',#208,.T.);
#128=FACE_OUTER_BOUND('',#209,.T.);
#129=FACE_OUTER_BOUND('',#210,.T.);
#130=FACE_OUTER_BOUND('',#211,.T.);
#131=FACE_OUTER_BOUND('',#212,.T.);
#132=FACE_OUTER_BOUND('',#213,.T.);
#133=FACE_OUTER_BOUND('',#219,.T.);
#134=FACE_OUTER_BOUND('',#220,.T.);
#135=FACE_OUTER_BOUND('',#221,.T.);
#136=FACE_OUTER_BOUND('',#222,.T.);
#137=FACE_OUTER_BOUND('',#223,.T.);
#138=FACE_OUTER_BOUND('',#224,.T.);
#139=FACE_OUTER_BOUND('',#225,.T.);
#140=FACE_OUTER_BOUND('',#226,.T.);
#141=FACE_OUTER_BOUND('',#227,.T.);
#142=FACE_OUTER_BOUND('',#228,.T.);
#143=FACE_OUTER_BOUND('',#229,.T.);
#144=FACE_OUTER_BOUND('',#230,.T.);
#145=FACE_OUTER_BOUND('',#231,.T.);
#146=FACE_OUTER_BOUND('',#232,.T.);
#147=FACE_OUTER_BOUND('',#233,.T.);
#148=FACE_OUTER_BOUND('',#234,.T.);
#149=FACE_OUTER_BOUND('',#235,.T.);
#150=FACE_OUTER_BOUND('',#236,.T.);
#151=FACE_OUTER_BOUND('',#237,.T.);
#152=FACE_OUTER_BOUND('',#238,.T.);
#153=FACE_OUTER_BOUND('',#239,.T.);
#154=FACE_OUTER_BOUND('',#240,.T.);
#155=FACE_OUTER_BOUND('',#241,.T.);
#156=FACE_OUTER_BOUND('',#242,.T.);
#157=FACE_OUTER_BOUND('',#243,.T.);
#158=FACE_OUTER_BOUND('',#244,.T.);
#159=FACE_OUTER_BOUND('',#249,.T.);
#160=FACE_OUTER_BOUND('',#261,.T.);
#161=FACE_OUTER_BOUND('',#262,.T.);
#162=FACE_OUTER_BOUND('',#263,.T.);
#163=FACE_OUTER_BOUND('',#264,.T.);
#164=FACE_OUTER_BOUND('',#265,.T.);
#165=FACE_OUTER_BOUND('',#266,.T.);
#166=FACE_OUTER_BOUND('',#267,.T.);
#167=FACE_OUTER_BOUND('',#268,.T.);
#168=FACE_OUTER_BOUND('',#269,.T.);
#169=FACE_OUTER_BOUND('',#270,.T.);
#170=FACE_OUTER_BOUND('',#271,.T.);
#171=FACE_OUTER_BOUND('',#272,.T.);
#172=FACE_OUTER_BOUND('',#273,.T.);
#173=FACE_OUTER_BOUND('',#274,.T.);
#174=FACE_OUTER_BOUND('',#275,.T.);
#175=FACE_OUTER_BOUND('',#276,.T.);
#176=FACE_OUTER_BOUND('',#277,.T.);
#177=FACE_OUTER_BOUND('',#278,.T.);
#178=FACE_OUTER_BOUND('',#279,.T.);
#179=FACE_OUTER_BOUND('',#284,.T.);
#180=FACE_OUTER_BOUND('',#285,.T.);
#181=FACE_OUTER_BOUND('',#286,.T.);
#182=FACE_OUTER_BOUND('',#291,.T.);
#183=FACE_OUTER_BOUND('',#292,.T.);
#184=FACE_OUTER_BOUND('',#297,.T.);
#185=FACE_OUTER_BOUND('',#298,.T.);
#186=FACE_OUTER_BOUND('',#299,.T.);
#187=FACE_OUTER_BOUND('',#300,.T.);
#188=FACE_OUTER_BOUND('',#301,.T.);
#189=FACE_OUTER_BOUND('',#302,.T.);
#190=FACE_OUTER_BOUND('',#303,.T.);
#191=FACE_OUTER_BOUND('',#304,.T.);
#192=FACE_OUTER_BOUND('',#305,.T.);
#193=FACE_OUTER_BOUND('',#306,.T.);
#194=FACE_OUTER_BOUND('',#307,.T.);
#195=FACE_OUTER_BOUND('',#308,.T.);
#196=FACE_OUTER_BOUND('',#309,.T.);
#197=FACE_OUTER_BOUND('',#310,.T.);
#198=FACE_OUTER_BOUND('',#311,.T.);
#199=FACE_OUTER_BOUND('',#319,.T.);
#200=FACE_OUTER_BOUND('',#320,.T.);
#201=FACE_OUTER_BOUND('',#321,.T.);
#202=FACE_OUTER_BOUND('',#322,.T.);
#203=FACE_OUTER_BOUND('',#323,.T.);
#204=FACE_OUTER_BOUND('',#324,.T.);
#205=FACE_OUTER_BOUND('',#325,.T.);
#206=FACE_OUTER_BOUND('',#326,.T.);
#207=FACE_OUTER_BOUND('',#327,.T.);
#208=EDGE_LOOP('',(#1026,#1027,#1028,#1029));
#209=EDGE_LOOP('',(#1030,#1031,#1032,#1033));
#210=EDGE_LOOP('',(#1034,#1035,#1036,#1037));
#211=EDGE_LOOP('',(#1038,#1039,#1040,#1041));
#212=EDGE_LOOP('',(#1042,#1043,#1044,#1045));
#213=EDGE_LOOP('',(#1046));
#214=EDGE_LOOP('',(#1047));
#215=EDGE_LOOP('',(#1048));
#216=EDGE_LOOP('',(#1049));
#217=EDGE_LOOP('',(#1050));
#218=EDGE_LOOP('',(#1051));
#219=EDGE_LOOP('',(#1052,#1053,#1054,#1055));
#220=EDGE_LOOP('',(#1056,#1057,#1058,#1059));
#221=EDGE_LOOP('',(#1060,#1061,#1062,#1063));
#222=EDGE_LOOP('',(#1064,#1065,#1066,#1067));
#223=EDGE_LOOP('',(#1068,#1069,#1070,#1071));
#224=EDGE_LOOP('',(#1072,#1073,#1074,#1075));
#225=EDGE_LOOP('',(#1076,#1077,#1078,#1079));
#226=EDGE_LOOP('',(#1080,#1081,#1082,#1083));
#227=EDGE_LOOP('',(#1084,#1085,#1086,#1087));
#228=EDGE_LOOP('',(#1088,#1089,#1090,#1091,#1092,#1093,#1094,#1095,#1096,
#1097));
#229=EDGE_LOOP('',(#1098,#1099,#1100,#1101,#1102,#1103,#1104,#1105));
#230=EDGE_LOOP('',(#1106,#1107,#1108,#1109));
#231=EDGE_LOOP('',(#1110,#1111,#1112,#1113));
#232=EDGE_LOOP('',(#1114,#1115,#1116));
#233=EDGE_LOOP('',(#1117,#1118,#1119,#1120));
#234=EDGE_LOOP('',(#1121,#1122,#1123,#1124));
#235=EDGE_LOOP('',(#1125,#1126,#1127,#1128,#1129,#1130,#1131,#1132,#1133,
#1134));
#236=EDGE_LOOP('',(#1135,#1136,#1137,#1138,#1139,#1140,#1141,#1142));
#237=EDGE_LOOP('',(#1143,#1144,#1145,#1146));
#238=EDGE_LOOP('',(#1147,#1148,#1149,#1150));
#239=EDGE_LOOP('',(#1151,#1152,#1153));
#240=EDGE_LOOP('',(#1154,#1155,#1156,#1157));
#241=EDGE_LOOP('',(#1158,#1159,#1160,#1161));
#242=EDGE_LOOP('',(#1162,#1163,#1164,#1165));
#243=EDGE_LOOP('',(#1166,#1167,#1168,#1169));
#244=EDGE_LOOP('',(#1170,#1171,#1172,#1173,#1174,#1175,#1176,#1177));
#245=EDGE_LOOP('',(#1178));
#246=EDGE_LOOP('',(#1179));
#247=EDGE_LOOP('',(#1180));
#248=EDGE_LOOP('',(#1181));
#249=EDGE_LOOP('',(#1182,#1183,#1184,#1185,#1186,#1187,#1188,#1189,#1190,
#1191,#1192,#1193,#1194,#1195,#1196,#1197,#1198,#1199,#1200,#1201));
#250=EDGE_LOOP('',(#1202));
#251=EDGE_LOOP('',(#1203));
#252=EDGE_LOOP('',(#1204));
#253=EDGE_LOOP('',(#1205));
#254=EDGE_LOOP('',(#1206));
#255=EDGE_LOOP('',(#1207));
#256=EDGE_LOOP('',(#1208));
#257=EDGE_LOOP('',(#1209));
#258=EDGE_LOOP('',(#1210));
#259=EDGE_LOOP('',(#1211));
#260=EDGE_LOOP('',(#1212));
#261=EDGE_LOOP('',(#1213,#1214,#1215,#1216));
#262=EDGE_LOOP('',(#1217,#1218,#1219,#1220));
#263=EDGE_LOOP('',(#1221,#1222,#1223));
#264=EDGE_LOOP('',(#1224,#1225,#1226,#1227));
#265=EDGE_LOOP('',(#1228,#1229,#1230,#1231));
#266=EDGE_LOOP('',(#1232,#1233,#1234,#1235,#1236,#1237,#1238,#1239,#1240,
#1241));
#267=EDGE_LOOP('',(#1242,#1243,#1244,#1245,#1246,#1247,#1248,#1249));
#268=EDGE_LOOP('',(#1250,#1251,#1252,#1253));
#269=EDGE_LOOP('',(#1254,#1255,#1256,#1257));
#270=EDGE_LOOP('',(#1258,#1259,#1260,#1261,#1262,#1263,#1264,#1265,#1266,
#1267));
#271=EDGE_LOOP('',(#1268,#1269,#1270,#1271,#1272,#1273,#1274,#1275));
#272=EDGE_LOOP('',(#1276,#1277,#1278,#1279));
#273=EDGE_LOOP('',(#1280,#1281,#1282,#1283));
#274=EDGE_LOOP('',(#1284,#1285,#1286,#1287));
#275=EDGE_LOOP('',(#1288,#1289,#1290,#1291));
#276=EDGE_LOOP('',(#1292,#1293,#1294));
#277=EDGE_LOOP('',(#1295,#1296,#1297,#1298));
#278=EDGE_LOOP('',(#1299,#1300,#1301,#1302));
#279=EDGE_LOOP('',(#1303,#1304,#1305,#1306,#1307,#1308,#1309,#1310));
#280=EDGE_LOOP('',(#1311));
#281=EDGE_LOOP('',(#1312));
#282=EDGE_LOOP('',(#1313));
#283=EDGE_LOOP('',(#1314));
#284=EDGE_LOOP('',(#1315,#1316,#1317));
#285=EDGE_LOOP('',(#1318,#1319,#1320,#1321,#1322,#1323,#1324,#1325));
#286=EDGE_LOOP('',(#1326,#1327,#1328,#1329));
#287=EDGE_LOOP('',(#1330));
#288=EDGE_LOOP('',(#1331));
#289=EDGE_LOOP('',(#1332));
#290=EDGE_LOOP('',(#1333));
#291=EDGE_LOOP('',(#1334,#1335,#1336,#1337));
#292=EDGE_LOOP('',(#1338,#1339,#1340,#1341));
#293=EDGE_LOOP('',(#1342));
#294=EDGE_LOOP('',(#1343));
#295=EDGE_LOOP('',(#1344));
#296=EDGE_LOOP('',(#1345));
#297=EDGE_LOOP('',(#1346,#1347,#1348));
#298=EDGE_LOOP('',(#1349,#1350,#1351));
#299=EDGE_LOOP('',(#1352,#1353,#1354,#1355,#1356,#1357,#1358,#1359));
#300=EDGE_LOOP('',(#1360,#1361,#1362,#1363));
#301=EDGE_LOOP('',(#1364,#1365,#1366));
#302=EDGE_LOOP('',(#1367,#1368,#1369));
#303=EDGE_LOOP('',(#1370,#1371,#1372,#1373,#1374,#1375,#1376,#1377));
#304=EDGE_LOOP('',(#1378,#1379,#1380));
#305=EDGE_LOOP('',(#1381,#1382,#1383,#1384,#1385,#1386,#1387,#1388));
#306=EDGE_LOOP('',(#1389,#1390,#1391));
#307=EDGE_LOOP('',(#1392,#1393,#1394,#1395,#1396,#1397,#1398,#1399));
#308=EDGE_LOOP('',(#1400,#1401,#1402,#1403));
#309=EDGE_LOOP('',(#1404,#1405,#1406));
#310=EDGE_LOOP('',(#1407,#1408,#1409,#1410,#1411,#1412,#1413,#1414));
#311=EDGE_LOOP('',(#1415,#1416,#1417,#1418,#1419,#1420,#1421,#1422,#1423,
#1424,#1425,#1426));
#312=EDGE_LOOP('',(#1427));
#313=EDGE_LOOP('',(#1428));
#314=EDGE_LOOP('',(#1429));
#315=EDGE_LOOP('',(#1430));
#316=EDGE_LOOP('',(#1431));
#317=EDGE_LOOP('',(#1432));
#318=EDGE_LOOP('',(#1433));
#319=EDGE_LOOP('',(#1434,#1435,#1436,#1437));
#320=EDGE_LOOP('',(#1438,#1439,#1440,#1441));
#321=EDGE_LOOP('',(#1442,#1443,#1444,#1445));
#322=EDGE_LOOP('',(#1446,#1447,#1448,#1449));
#323=EDGE_LOOP('',(#1450,#1451,#1452,#1453));
#324=EDGE_LOOP('',(#1454,#1455,#1456,#1457));
#325=EDGE_LOOP('',(#1458,#1459,#1460,#1461));
#326=EDGE_LOOP('',(#1462,#1463,#1464,#1465));
#327=EDGE_LOOP('',(#1466,#1467,#1468,#1469));
#328=LINE('',#2233,#474);
#329=LINE('',#2239,#475);
#330=LINE('',#2245,#476);
#331=LINE('',#2251,#477);
#332=LINE('',#2257,#478);
#333=LINE('',#2266,#479);
#334=LINE('',#2272,#480);
#335=LINE('',#2278,#481);
#336=LINE('',#2284,#482);
#337=LINE('',#2290,#483);
#338=LINE('',#2296,#484);
#339=LINE('',#2301,#485);
#340=LINE('',#2305,#486);
#341=LINE('',#2309,#487);
#342=LINE('',#2313,#488);
#343=LINE('',#2316,#489);
#344=LINE('',#2319,#490);
#345=LINE('',#2321,#491);
#346=LINE('',#2323,#492);
#347=LINE('',#2325,#493);
#348=LINE('',#2327,#494);
#349=LINE('',#2329,#495);
#350=LINE('',#2331,#496);
#351=LINE('',#2333,#497);
#352=LINE('',#2334,#498);
#353=LINE('',#2337,#499);
#354=LINE('',#2338,#500);
#355=LINE('',#2340,#501);
#356=LINE('',#2342,#502);
#357=LINE('',#2343,#503);
#358=LINE('',#2347,#504);
#359=LINE('',#2351,#505);
#360=LINE('',#2355,#506);
#361=LINE('',#2358,#507);
#362=LINE('',#2360,#508);
#363=LINE('',#2364,#509);
#364=LINE('',#2368,#510);
#365=LINE('',#2372,#511);
#366=LINE('',#2375,#512);
#367=LINE('',#2377,#513);
#368=LINE('',#2379,#514);
#369=LINE('',#2381,#515);
#370=LINE('',#2383,#516);
#371=LINE('',#2385,#517);
#372=LINE('',#2387,#518);
#373=LINE('',#2389,#519);
#374=LINE('',#2390,#520);
#375=LINE('',#2393,#521);
#376=LINE('',#2395,#522);
#377=LINE('',#2396,#523);
#378=LINE('',#2397,#524);
#379=LINE('',#2401,#525);
#380=LINE('',#2405,#526);
#381=LINE('',#2409,#527);
#382=LINE('',#2412,#528);
#383=LINE('',#2414,#529);
#384=LINE('',#2419,#530);
#385=LINE('',#2423,#531);
#386=LINE('',#2428,#532);
#387=LINE('',#2432,#533);
#388=LINE('',#2436,#534);
#389=LINE('',#2439,#535);
#390=LINE('',#2441,#536);
#391=LINE('',#2442,#537);
#392=LINE('',#2443,#538);
#393=LINE('',#2444,#539);
#394=LINE('',#2455,#540);
#395=LINE('',#2457,#541);
#396=LINE('',#2459,#542);
#397=LINE('',#2461,#543);
#398=LINE('',#2463,#544);
#399=LINE('',#2465,#545);
#400=LINE('',#2467,#546);
#401=LINE('',#2469,#547);
#402=LINE('',#2471,#548);
#403=LINE('',#2473,#549);
#404=LINE('',#2474,#550);
#405=LINE('',#2475,#551);
#406=LINE('',#2479,#552);
#407=LINE('',#2483,#553);
#408=LINE('',#2487,#554);
#409=LINE('',#2490,#555);
#410=LINE('',#2492,#556);
#411=LINE('',#2496,#557);
#412=LINE('',#2500,#558);
#413=LINE('',#2504,#559);
#414=LINE('',#2507,#560);
#415=LINE('',#2510,#561);
#416=LINE('',#2512,#562);
#417=LINE('',#2514,#563);
#418=LINE('',#2516,#564);
#419=LINE('',#2518,#565);
#420=LINE('',#2519,#566);
#421=LINE('',#2521,#567);
#422=LINE('',#2522,#568);
#423=LINE('',#2525,#569);
#424=LINE('',#2526,#570);
#425=LINE('',#2528,#571);
#426=LINE('',#2529,#572);
#427=LINE('',#2533,#573);
#428=LINE('',#2537,#574);
#429=LINE('',#2541,#575);
#430=LINE('',#2544,#576);
#431=LINE('',#2546,#577);
#432=LINE('',#2547,#578);
#433=LINE('',#2549,#579);
#434=LINE('',#2551,#580);
#435=LINE('',#2553,#581);
#436=LINE('',#2555,#582);
#437=LINE('',#2556,#583);
#438=LINE('',#2559,#584);
#439=LINE('',#2560,#585);
#440=LINE('',#2561,#586);
#441=LINE('',#2566,#587);
#442=LINE('',#2570,#588);
#443=LINE('',#2575,#589);
#444=LINE('',#2580,#590);
#445=LINE('',#2583,#591);
#446=LINE('',#2585,#592);
#447=LINE('',#2590,#593);
#448=LINE('',#2594,#594);
#449=LINE('',#2597,#595);
#450=LINE('',#2599,#596);
#451=LINE('',#2600,#597);
#452=LINE('',#2610,#598);
#453=LINE('',#2613,#599);
#454=LINE('',#2614,#600);
#455=LINE('',#2624,#601);
#456=LINE('',#2626,#602);
#457=LINE('',#2627,#603);
#458=LINE('',#2637,#604);
#459=LINE('',#2639,#605);
#460=LINE('',#2642,#606);
#461=LINE('',#2644,#607);
#462=LINE('',#2646,#608);
#463=LINE('',#2649,#609);
#464=LINE('',#2652,#610);
#465=LINE('',#2656,#611);
#466=LINE('',#2660,#612);
#467=LINE('',#2662,#613);
#468=LINE('',#2664,#614);
#469=LINE('',#2666,#615);
#470=LINE('',#2668,#616);
#471=LINE('',#2670,#617);
#472=LINE('',#2672,#618);
#473=LINE('',#2674,#619);
#474=VECTOR('',#1772,1.5);
#475=VECTOR('',#1779,1.5);
#476=VECTOR('',#1786,1.5);
#477=VECTOR('',#1793,1.5);
#478=VECTOR('',#1800,11.075);
#479=VECTOR('',#1811,2.);
#480=VECTOR('',#1818,2.);
#481=VECTOR('',#1825,2.);
#482=VECTOR('',#1832,2.);
#483=VECTOR('',#1839,2.);
#484=VECTOR('',#1846,2.);
#485=VECTOR('',#1853,5.075);
#486=VECTOR('',#1856,10.);
#487=VECTOR('',#1859,10.);
#488=VECTOR('',#1864,10.);
#489=VECTOR('',#1867,10.);
#490=VECTOR('',#1870,10.);
#491=VECTOR('',#1871,10.);
#492=VECTOR('',#1872,10.);
#493=VECTOR('',#1873,10.);
#494=VECTOR('',#1874,10.);
#495=VECTOR('',#1875,10.);
#496=VECTOR('',#1876,10.);
#497=VECTOR('',#1877,10.);
#498=VECTOR('',#1878,10.);
#499=VECTOR('',#1881,10.);
#500=VECTOR('',#1882,10.);
#501=VECTOR('',#1883,10.);
#502=VECTOR('',#1884,10.);
#503=VECTOR('',#1885,10.);
#504=VECTOR('',#1888,10.);
#505=VECTOR('',#1891,10.);
#506=VECTOR('',#1896,10.);
#507=VECTOR('',#1899,10.);
#508=VECTOR('',#1902,10.);
#509=VECTOR('',#1905,10.);
#510=VECTOR('',#1908,10.);
#511=VECTOR('',#1913,10.);
#512=VECTOR('',#1916,10.);
#513=VECTOR('',#1919,10.);
#514=VECTOR('',#1920,10.);
#515=VECTOR('',#1921,10.);
#516=VECTOR('',#1922,10.);
#517=VECTOR('',#1923,10.);
#518=VECTOR('',#1924,10.);
#519=VECTOR('',#1925,10.);
#520=VECTOR('',#1926,10.);
#521=VECTOR('',#1929,10.);
#522=VECTOR('',#1930,10.);
#523=VECTOR('',#1931,10.);
#524=VECTOR('',#1932,10.);
#525=VECTOR('',#1935,10.);
#526=VECTOR('',#1938,10.);
#527=VECTOR('',#1943,10.);
#528=VECTOR('',#1946,10.);
#529=VECTOR('',#1949,10.);
#530=VECTOR('',#1954,10.);
#531=VECTOR('',#1959,10.);
#532=VECTOR('',#1964,10.);
#533=VECTOR('',#1967,10.);
#534=VECTOR('',#1972,10.);
#535=VECTOR('',#1975,10.);
#536=VECTOR('',#1978,10.);
#537=VECTOR('',#1979,10.);
#538=VECTOR('',#1980,10.);
#539=VECTOR('',#1981,10.);
#540=VECTOR('',#1992,10.);
#541=VECTOR('',#1993,10.);
#542=VECTOR('',#1994,10.);
#543=VECTOR('',#1995,10.);
#544=VECTOR('',#1996,10.);
#545=VECTOR('',#1997,10.);
#546=VECTOR('',#1998,10.);
#547=VECTOR('',#1999,10.);
#548=VECTOR('',#2000,10.);
#549=VECTOR('',#2001,10.);
#550=VECTOR('',#2002,10.);
#551=VECTOR('',#2003,10.);
#552=VECTOR('',#2006,10.);
#553=VECTOR('',#2009,10.);
#554=VECTOR('',#2014,10.);
#555=VECTOR('',#2017,10.);
#556=VECTOR('',#2020,10.);
#557=VECTOR('',#2023,10.);
#558=VECTOR('',#2026,10.);
#559=VECTOR('',#2031,10.);
#560=VECTOR('',#2034,10.);
#561=VECTOR('',#2037,10.);
#562=VECTOR('',#2038,10.);
#563=VECTOR('',#2039,10.);
#564=VECTOR('',#2040,10.);
#565=VECTOR('',#2041,10.);
#566=VECTOR('',#2042,10.);
#567=VECTOR('',#2043,10.);
#568=VECTOR('',#2044,10.);
#569=VECTOR('',#2047,10.);
#570=VECTOR('',#2048,10.);
#571=VECTOR('',#2049,10.);
#572=VECTOR('',#2050,10.);
#573=VECTOR('',#2053,10.);
#574=VECTOR('',#2056,10.);
#575=VECTOR('',#2061,10.);
#576=VECTOR('',#2064,10.);
#577=VECTOR('',#2067,10.);
#578=VECTOR('',#2068,10.);
#579=VECTOR('',#2069,10.);
#580=VECTOR('',#2070,10.);
#581=VECTOR('',#2071,10.);
#582=VECTOR('',#2072,10.);
#583=VECTOR('',#2073,10.);
#584=VECTOR('',#2076,10.);
#585=VECTOR('',#2077,10.);
#586=VECTOR('',#2078,10.);
#587=VECTOR('',#2083,10.);
#588=VECTOR('',#2088,10.);
#589=VECTOR('',#2093,10.);
#590=VECTOR('',#2100,10.);
#591=VECTOR('',#2103,10.);
#592=VECTOR('',#2106,10.);
#593=VECTOR('',#2111,10.);
#594=VECTOR('',#2116,10.);
#595=VECTOR('',#2119,10.);
#596=VECTOR('',#2122,10.);
#597=VECTOR('',#2123,10.);
#598=VECTOR('',#2134,10.);
#599=VECTOR('',#2139,10.);
#600=VECTOR('',#2140,10.);
#601=VECTOR('',#2151,10.);
#602=VECTOR('',#2154,10.);
#603=VECTOR('',#2155,10.);
#604=VECTOR('',#2166,10.);
#605=VECTOR('',#2169,10.);
#606=VECTOR('',#2174,10.);
#607=VECTOR('',#2177,10.);
#608=VECTOR('',#2180,10.);
#609=VECTOR('',#2185,10.);
#610=VECTOR('',#2190,10.);
#611=VECTOR('',#2197,10.);
#612=VECTOR('',#2204,1.95);
#613=VECTOR('',#2207,1.95);
#614=VECTOR('',#2210,1.95);
#615=VECTOR('',#2213,1.95);
#616=VECTOR('',#2216,1.95);
#617=VECTOR('',#2219,1.95);
#618=VECTOR('',#2222,1.95);
#619=VECTOR('',#2225,1.95);
#620=CIRCLE('',#1610,1.5);
#621=CIRCLE('',#1611,1.5);
#622=CIRCLE('',#1613,1.5);
#623=CIRCLE('',#1614,1.5);
#624=CIRCLE('',#1616,1.5);
#625=CIRCLE('',#1617,1.5);
#626=CIRCLE('',#1619,1.5);
#627=CIRCLE('',#1620,1.5);
#628=CIRCLE('',#1622,11.075);
#629=CIRCLE('',#1623,11.075);
#630=CIRCLE('',#1625,5.075);
#631=CIRCLE('',#1627,2.);
#632=CIRCLE('',#1628,2.);
#633=CIRCLE('',#1630,2.);
#634=CIRCLE('',#1631,2.);
#635=CIRCLE('',#1633,2.);
#636=CIRCLE('',#1634,2.);
#637=CIRCLE('',#1636,2.);
#638=CIRCLE('',#1637,2.);
#639=CIRCLE('',#1639,2.);
#640=CIRCLE('',#1640,2.);
#641=CIRCLE('',#1642,2.);
#642=CIRCLE('',#1643,2.);
#643=CIRCLE('',#1645,5.075);
#644=CIRCLE('',#1683,1.95);
#645=CIRCLE('',#1684,1.95);
#646=CIRCLE('',#1685,1.95);
#647=CIRCLE('',#1686,1.95);
#648=CIRCLE('',#1725,1.95);
#649=CIRCLE('',#1726,1.95);
#650=CIRCLE('',#1727,1.95);
#651=CIRCLE('',#1728,1.95);
#652=CIRCLE('',#1732,1.95);
#653=CIRCLE('',#1733,1.95);
#654=CIRCLE('',#1734,1.95);
#655=CIRCLE('',#1735,1.95);
#656=CIRCLE('',#1738,1.95);
#657=CIRCLE('',#1739,1.95);
#658=CIRCLE('',#1740,1.95);
#659=CIRCLE('',#1741,1.95);
#660=VERTEX_POINT('',#2230);
#661=VERTEX_POINT('',#2232);
#662=VERTEX_POINT('',#2236);
#663=VERTEX_POINT('',#2238);
#664=VERTEX_POINT('',#2242);
#665=VERTEX_POINT('',#2244);
#666=VERTEX_POINT('',#2248);
#667=VERTEX_POINT('',#2250);
#668=VERTEX_POINT('',#2254);
#669=VERTEX_POINT('',#2256);
#670=VERTEX_POINT('',#2260);
#671=VERTEX_POINT('',#2263);
#672=VERTEX_POINT('',#2265);
#673=VERTEX_POINT('',#2269);
#674=VERTEX_POINT('',#2271);
#675=VERTEX_POINT('',#2275);
#676=VERTEX_POINT('',#2277);
#677=VERTEX_POINT('',#2281);
#678=VERTEX_POINT('',#2283);
#679=VERTEX_POINT('',#2287);
#680=VERTEX_POINT('',#2289);
#681=VERTEX_POINT('',#2293);
#682=VERTEX_POINT('',#2295);
#683=VERTEX_POINT('',#2299);
#684=VERTEX_POINT('',#2303);
#685=VERTEX_POINT('',#2304);
#686=VERTEX_POINT('',#2306);
#687=VERTEX_POINT('',#2308);
#688=VERTEX_POINT('',#2312);
#689=VERTEX_POINT('',#2314);
#690=VERTEX_POINT('',#2318);
#691=VERTEX_POINT('',#2320);
#692=VERTEX_POINT('',#2322);
#693=VERTEX_POINT('',#2324);
#694=VERTEX_POINT('',#2326);
#695=VERTEX_POINT('',#2328);
#696=VERTEX_POINT('',#2330);
#697=VERTEX_POINT('',#2332);
#698=VERTEX_POINT('',#2336);
#699=VERTEX_POINT('',#2339);
#700=VERTEX_POINT('',#2341);
#701=VERTEX_POINT('',#2345);
#702=VERTEX_POINT('',#2346);
#703=VERTEX_POINT('',#2348);
#704=VERTEX_POINT('',#2350);
#705=VERTEX_POINT('',#2354);
#706=VERTEX_POINT('',#2356);
#707=VERTEX_POINT('',#2362);
#708=VERTEX_POINT('',#2363);
#709=VERTEX_POINT('',#2365);
#710=VERTEX_POINT('',#2367);
#711=VERTEX_POINT('',#2371);
#712=VERTEX_POINT('',#2373);
#713=VERTEX_POINT('',#2378);
#714=VERTEX_POINT('',#2380);
#715=VERTEX_POINT('',#2382);
#716=VERTEX_POINT('',#2384);
#717=VERTEX_POINT('',#2386);
#718=VERTEX_POINT('',#2388);
#719=VERTEX_POINT('',#2392);
#720=VERTEX_POINT('',#2394);
#721=VERTEX_POINT('',#2399);
#722=VERTEX_POINT('',#2400);
#723=VERTEX_POINT('',#2402);
#724=VERTEX_POINT('',#2404);
#725=VERTEX_POINT('',#2408);
#726=VERTEX_POINT('',#2410);
#727=VERTEX_POINT('',#2416);
#728=VERTEX_POINT('',#2418);
#729=VERTEX_POINT('',#2422);
#730=VERTEX_POINT('',#2426);
#731=VERTEX_POINT('',#2427);
#732=VERTEX_POINT('',#2429);
#733=VERTEX_POINT('',#2431);
#734=VERTEX_POINT('',#2435);
#735=VERTEX_POINT('',#2437);
#736=VERTEX_POINT('',#2445);
#737=VERTEX_POINT('',#2447);
#738=VERTEX_POINT('',#2449);
#739=VERTEX_POINT('',#2451);
#740=VERTEX_POINT('',#2454);
#741=VERTEX_POINT('',#2456);
#742=VERTEX_POINT('',#2458);
#743=VERTEX_POINT('',#2460);
#744=VERTEX_POINT('',#2462);
#745=VERTEX_POINT('',#2464);
#746=VERTEX_POINT('',#2466);
#747=VERTEX_POINT('',#2468);
#748=VERTEX_POINT('',#2470);
#749=VERTEX_POINT('',#2472);
#750=VERTEX_POINT('',#2477);
#751=VERTEX_POINT('',#2478);
#752=VERTEX_POINT('',#2480);
#753=VERTEX_POINT('',#2482);
#754=VERTEX_POINT('',#2486);
#755=VERTEX_POINT('',#2488);
#756=VERTEX_POINT('',#2494);
#757=VERTEX_POINT('',#2495);
#758=VERTEX_POINT('',#2497);
#759=VERTEX_POINT('',#2499);
#760=VERTEX_POINT('',#2503);
#761=VERTEX_POINT('',#2505);
#762=VERTEX_POINT('',#2509);
#763=VERTEX_POINT('',#2511);
#764=VERTEX_POINT('',#2513);
#765=VERTEX_POINT('',#2515);
#766=VERTEX_POINT('',#2517);
#767=VERTEX_POINT('',#2520);
#768=VERTEX_POINT('',#2524);
#769=VERTEX_POINT('',#2527);
#770=VERTEX_POINT('',#2531);
#771=VERTEX_POINT('',#2532);
#772=VERTEX_POINT('',#2534);
#773=VERTEX_POINT('',#2536);
#774=VERTEX_POINT('',#2540);
#775=VERTEX_POINT('',#2542);
#776=VERTEX_POINT('',#2548);
#777=VERTEX_POINT('',#2550);
#778=VERTEX_POINT('',#2552);
#779=VERTEX_POINT('',#2554);
#780=VERTEX_POINT('',#2558);
#781=VERTEX_POINT('',#2563);
#782=VERTEX_POINT('',#2565);
#783=VERTEX_POINT('',#2569);
#784=VERTEX_POINT('',#2573);
#785=VERTEX_POINT('',#2574);
#786=VERTEX_POINT('',#2579);
#787=VERTEX_POINT('',#2581);
#788=VERTEX_POINT('',#2587);
#789=VERTEX_POINT('',#2589);
#790=VERTEX_POINT('',#2593);
#791=VERTEX_POINT('',#2595);
#792=VERTEX_POINT('',#2601);
#793=VERTEX_POINT('',#2603);
#794=VERTEX_POINT('',#2605);
#795=VERTEX_POINT('',#2607);
#796=VERTEX_POINT('',#2615);
#797=VERTEX_POINT('',#2617);
#798=VERTEX_POINT('',#2619);
#799=VERTEX_POINT('',#2621);
#800=VERTEX_POINT('',#2628);
#801=VERTEX_POINT('',#2630);
#802=VERTEX_POINT('',#2632);
#803=VERTEX_POINT('',#2634);
#804=EDGE_CURVE('',#660,#660,#620,.T.);
#805=EDGE_CURVE('',#660,#661,#328,.T.);
#806=EDGE_CURVE('',#661,#661,#621,.T.);
#807=EDGE_CURVE('',#662,#662,#622,.T.);
#808=EDGE_CURVE('',#662,#663,#329,.T.);
#809=EDGE_CURVE('',#663,#663,#623,.T.);
#810=EDGE_CURVE('',#664,#664,#624,.T.);
#811=EDGE_CURVE('',#664,#665,#330,.T.);
#812=EDGE_CURVE('',#665,#665,#625,.T.);
#813=EDGE_CURVE('',#666,#666,#626,.T.);
#814=EDGE_CURVE('',#666,#667,#331,.T.);
#815=EDGE_CURVE('',#667,#667,#627,.T.);
#816=EDGE_CURVE('',#668,#668,#628,.T.);
#817=EDGE_CURVE('',#668,#669,#332,.T.);
#818=EDGE_CURVE('',#669,#669,#629,.T.);
#819=EDGE_CURVE('',#670,#670,#630,.T.);
#820=EDGE_CURVE('',#671,#671,#631,.T.);
#821=EDGE_CURVE('',#671,#672,#333,.T.);
#822=EDGE_CURVE('',#672,#672,#632,.T.);
#823=EDGE_CURVE('',#673,#673,#633,.T.);
#824=EDGE_CURVE('',#673,#674,#334,.T.);
#825=EDGE_CURVE('',#674,#674,#634,.T.);
#826=EDGE_CURVE('',#675,#675,#635,.T.);
#827=EDGE_CURVE('',#675,#676,#335,.T.);
#828=EDGE_CURVE('',#676,#676,#636,.T.);
#829=EDGE_CURVE('',#677,#677,#637,.T.);
#830=EDGE_CURVE('',#677,#678,#336,.T.);
#831=EDGE_CURVE('',#678,#678,#638,.T.);
#832=EDGE_CURVE('',#679,#679,#639,.T.);
#833=EDGE_CURVE('',#679,#680,#337,.T.);
#834=EDGE_CURVE('',#680,#680,#640,.T.);
#835=EDGE_CURVE('',#681,#681,#641,.T.);
#836=EDGE_CURVE('',#681,#682,#338,.T.);
#837=EDGE_CURVE('',#682,#682,#642,.T.);
#838=EDGE_CURVE('',#683,#683,#643,.T.);
#839=EDGE_CURVE('',#683,#670,#339,.T.);
#840=EDGE_CURVE('',#684,#685,#340,.T.);
#841=EDGE_CURVE('',#685,#686,#15,.T.);
#842=EDGE_CURVE('',#686,#687,#341,.T.);
#843=EDGE_CURVE('',#687,#684,#16,.T.);
#844=EDGE_CURVE('',#687,#688,#342,.T.);
#845=EDGE_CURVE('',#688,#689,#17,.T.);
#846=EDGE_CURVE('',#689,#684,#343,.T.);
#847=EDGE_CURVE('',#690,#685,#344,.T.);
#848=EDGE_CURVE('',#684,#691,#345,.T.);
#849=EDGE_CURVE('',#691,#692,#346,.T.);
#850=EDGE_CURVE('',#692,#693,#347,.T.);
#851=EDGE_CURVE('',#693,#694,#348,.T.);
#852=EDGE_CURVE('',#694,#695,#349,.T.);
#853=EDGE_CURVE('',#695,#696,#350,.T.);
#854=EDGE_CURVE('',#696,#697,#351,.T.);
#855=EDGE_CURVE('',#690,#697,#352,.T.);
#856=EDGE_CURVE('',#689,#698,#353,.T.);
#857=EDGE_CURVE('',#697,#698,#354,.T.);
#858=EDGE_CURVE('',#696,#699,#355,.T.);
#859=EDGE_CURVE('',#700,#699,#356,.T.);
#860=EDGE_CURVE('',#691,#700,#357,.T.);
#861=EDGE_CURVE('',#701,#702,#358,.T.);
#862=EDGE_CURVE('',#702,#703,#18,.T.);
#863=EDGE_CURVE('',#703,#704,#359,.T.);
#864=EDGE_CURVE('',#704,#701,#19,.T.);
#865=EDGE_CURVE('',#704,#705,#360,.T.);
#866=EDGE_CURVE('',#705,#706,#20,.T.);
#867=EDGE_CURVE('',#706,#701,#361,.T.);
#868=EDGE_CURVE('',#706,#702,#362,.T.);
#869=EDGE_CURVE('',#707,#708,#363,.T.);
#870=EDGE_CURVE('',#708,#709,#21,.T.);
#871=EDGE_CURVE('',#709,#710,#364,.T.);
#872=EDGE_CURVE('',#710,#707,#22,.T.);
#873=EDGE_CURVE('',#710,#711,#365,.T.);
#874=EDGE_CURVE('',#711,#712,#23,.T.);
#875=EDGE_CURVE('',#712,#707,#366,.T.);
#876=EDGE_CURVE('',#703,#708,#367,.T.);
#877=EDGE_CURVE('',#707,#713,#368,.T.);
#878=EDGE_CURVE('',#713,#714,#369,.T.);
#879=EDGE_CURVE('',#714,#715,#370,.T.);
#880=EDGE_CURVE('',#715,#716,#371,.T.);
#881=EDGE_CURVE('',#716,#717,#372,.T.);
#882=EDGE_CURVE('',#717,#718,#373,.T.);
#883=EDGE_CURVE('',#718,#704,#374,.T.);
#884=EDGE_CURVE('',#718,#719,#375,.T.);
#885=EDGE_CURVE('',#720,#719,#376,.T.);
#886=EDGE_CURVE('',#713,#720,#377,.T.);
#887=EDGE_CURVE('',#712,#705,#378,.T.);
#888=EDGE_CURVE('',#721,#722,#379,.T.);
#889=EDGE_CURVE('',#722,#723,#24,.T.);
#890=EDGE_CURVE('',#723,#724,#380,.T.);
#891=EDGE_CURVE('',#724,#721,#25,.T.);
#892=EDGE_CURVE('',#724,#725,#381,.T.);
#893=EDGE_CURVE('',#725,#726,#26,.T.);
#894=EDGE_CURVE('',#726,#721,#382,.T.);
#895=EDGE_CURVE('',#722,#726,#383,.T.);
#896=EDGE_CURVE('',#698,#727,#27,.T.);
#897=EDGE_CURVE('',#727,#728,#384,.T.);
#898=EDGE_CURVE('',#728,#697,#28,.T.);
#899=EDGE_CURVE('',#728,#729,#385,.T.);
#900=EDGE_CURVE('',#729,#690,#29,.T.);
#901=EDGE_CURVE('',#730,#731,#386,.T.);
#902=EDGE_CURVE('',#731,#732,#30,.T.);
#903=EDGE_CURVE('',#732,#733,#387,.T.);
#904=EDGE_CURVE('',#733,#730,#31,.T.);
#905=EDGE_CURVE('',#733,#734,#388,.T.);
#906=EDGE_CURVE('',#734,#735,#32,.T.);
#907=EDGE_CURVE('',#735,#730,#389,.T.);
#908=EDGE_CURVE('',#723,#731,#390,.T.);
#909=EDGE_CURVE('',#730,#695,#391,.T.);
#910=EDGE_CURVE('',#715,#694,#392,.T.);
#911=EDGE_CURVE('',#714,#724,#393,.T.);
#912=EDGE_CURVE('',#736,#736,#644,.T.);
#913=EDGE_CURVE('',#737,#737,#645,.T.);
#914=EDGE_CURVE('',#738,#738,#646,.T.);
#915=EDGE_CURVE('',#739,#739,#647,.T.);
#916=EDGE_CURVE('',#740,#720,#394,.T.);
#917=EDGE_CURVE('',#741,#740,#395,.T.);
#918=EDGE_CURVE('',#742,#741,#396,.T.);
#919=EDGE_CURVE('',#742,#743,#397,.T.);
#920=EDGE_CURVE('',#744,#743,#398,.T.);
#921=EDGE_CURVE('',#744,#745,#399,.T.);
#922=EDGE_CURVE('',#746,#745,#400,.T.);
#923=EDGE_CURVE('',#746,#747,#401,.T.);
#924=EDGE_CURVE('',#748,#747,#402,.T.);
#925=EDGE_CURVE('',#748,#749,#403,.T.);
#926=EDGE_CURVE('',#699,#749,#404,.T.);
#927=EDGE_CURVE('',#735,#725,#405,.T.);
#928=EDGE_CURVE('',#750,#751,#406,.T.);
#929=EDGE_CURVE('',#751,#752,#33,.T.);
#930=EDGE_CURVE('',#752,#753,#407,.T.);
#931=EDGE_CURVE('',#753,#750,#34,.T.);
#932=EDGE_CURVE('',#753,#754,#408,.T.);
#933=EDGE_CURVE('',#754,#755,#35,.T.);
#934=EDGE_CURVE('',#755,#750,#409,.T.);
#935=EDGE_CURVE('',#755,#751,#410,.T.);
#936=EDGE_CURVE('',#756,#757,#411,.T.);
#937=EDGE_CURVE('',#757,#758,#36,.T.);
#938=EDGE_CURVE('',#758,#759,#412,.T.);
#939=EDGE_CURVE('',#759,#756,#37,.T.);
#940=EDGE_CURVE('',#759,#760,#413,.T.);
#941=EDGE_CURVE('',#760,#761,#38,.T.);
#942=EDGE_CURVE('',#761,#756,#414,.T.);
#943=EDGE_CURVE('',#762,#757,#415,.T.);
#944=EDGE_CURVE('',#756,#763,#416,.T.);
#945=EDGE_CURVE('',#763,#764,#417,.T.);
#946=EDGE_CURVE('',#764,#765,#418,.T.);
#947=EDGE_CURVE('',#765,#766,#419,.T.);
#948=EDGE_CURVE('',#766,#742,#420,.T.);
#949=EDGE_CURVE('',#741,#767,#421,.T.);
#950=EDGE_CURVE('',#762,#767,#422,.T.);
#951=EDGE_CURVE('',#761,#768,#423,.T.);
#952=EDGE_CURVE('',#767,#768,#424,.T.);
#953=EDGE_CURVE('',#769,#740,#425,.T.);
#954=EDGE_CURVE('',#763,#769,#426,.T.);
#955=EDGE_CURVE('',#770,#771,#427,.T.);
#956=EDGE_CURVE('',#771,#772,#39,.T.);
#957=EDGE_CURVE('',#772,#773,#428,.T.);
#958=EDGE_CURVE('',#773,#770,#40,.T.);
#959=EDGE_CURVE('',#773,#774,#429,.T.);
#960=EDGE_CURVE('',#774,#775,#41,.T.);
#961=EDGE_CURVE('',#775,#770,#430,.T.);
#962=EDGE_CURVE('',#752,#771,#431,.T.);
#963=EDGE_CURVE('',#770,#748,#432,.T.);
#964=EDGE_CURVE('',#747,#776,#433,.T.);
#965=EDGE_CURVE('',#776,#777,#434,.T.);
#966=EDGE_CURVE('',#777,#778,#435,.T.);
#967=EDGE_CURVE('',#778,#779,#436,.T.);
#968=EDGE_CURVE('',#779,#753,#437,.T.);
#969=EDGE_CURVE('',#779,#780,#438,.T.);
#970=EDGE_CURVE('',#749,#780,#439,.T.);
#971=EDGE_CURVE('',#775,#754,#440,.T.);
#972=EDGE_CURVE('',#768,#781,#42,.T.);
#973=EDGE_CURVE('',#781,#782,#441,.T.);
#974=EDGE_CURVE('',#782,#767,#43,.T.);
#975=EDGE_CURVE('',#782,#783,#442,.T.);
#976=EDGE_CURVE('',#783,#762,#44,.T.);
#977=EDGE_CURVE('',#784,#785,#443,.T.);
#978=EDGE_CURVE('',#785,#744,#45,.T.);
#979=EDGE_CURVE('',#743,#784,#46,.T.);
#980=EDGE_CURVE('',#743,#786,#444,.T.);
#981=EDGE_CURVE('',#786,#787,#47,.T.);
#982=EDGE_CURVE('',#787,#784,#445,.T.);
#983=EDGE_CURVE('',#787,#785,#446,.T.);
#984=EDGE_CURVE('',#745,#788,#48,.T.);
#985=EDGE_CURVE('',#788,#789,#447,.T.);
#986=EDGE_CURVE('',#789,#746,#49,.T.);
#987=EDGE_CURVE('',#789,#790,#448,.T.);
#988=EDGE_CURVE('',#790,#791,#50,.T.);
#989=EDGE_CURVE('',#791,#746,#449,.T.);
#990=EDGE_CURVE('',#766,#776,#450,.T.);
#991=EDGE_CURVE('',#791,#786,#451,.T.);
#992=EDGE_CURVE('',#792,#792,#648,.T.);
#993=EDGE_CURVE('',#793,#793,#649,.T.);
#994=EDGE_CURVE('',#794,#794,#650,.T.);
#995=EDGE_CURVE('',#795,#795,#651,.T.);
#996=EDGE_CURVE('',#709,#711,#452,.T.);
#997=EDGE_CURVE('',#717,#692,#453,.T.);
#998=EDGE_CURVE('',#716,#693,#454,.T.);
#999=EDGE_CURVE('',#796,#796,#652,.T.);
#1000=EDGE_CURVE('',#797,#797,#653,.T.);
#1001=EDGE_CURVE('',#798,#798,#654,.T.);
#1002=EDGE_CURVE('',#799,#799,#655,.T.);
#1003=EDGE_CURVE('',#780,#700,#455,.T.);
#1004=EDGE_CURVE('',#765,#777,#456,.T.);
#1005=EDGE_CURVE('',#778,#764,#457,.T.);
#1006=EDGE_CURVE('',#800,#800,#656,.T.);
#1007=EDGE_CURVE('',#801,#801,#657,.T.);
#1008=EDGE_CURVE('',#802,#802,#658,.T.);
#1009=EDGE_CURVE('',#803,#803,#659,.T.);
#1010=EDGE_CURVE('',#688,#686,#458,.T.);
#1011=EDGE_CURVE('',#729,#727,#459,.T.);
#1012=EDGE_CURVE('',#719,#769,#460,.T.);
#1013=EDGE_CURVE('',#760,#758,#461,.T.);
#1014=EDGE_CURVE('',#783,#781,#462,.T.);
#1015=EDGE_CURVE('',#772,#774,#463,.T.);
#1016=EDGE_CURVE('',#734,#732,#464,.T.);
#1017=EDGE_CURVE('',#788,#790,#465,.T.);
#1018=EDGE_CURVE('',#736,#798,#466,.T.);
#1019=EDGE_CURVE('',#737,#796,#467,.T.);
#1020=EDGE_CURVE('',#738,#797,#468,.T.);
#1021=EDGE_CURVE('',#739,#799,#469,.T.);
#1022=EDGE_CURVE('',#795,#800,#470,.T.);
#1023=EDGE_CURVE('',#794,#803,#471,.T.);
#1024=EDGE_CURVE('',#793,#801,#472,.T.);
#1025=EDGE_CURVE('',#792,#802,#473,.T.);
#1026=ORIENTED_EDGE('',*,*,#804,.T.);
#1027=ORIENTED_EDGE('',*,*,#805,.T.);
#1028=ORIENTED_EDGE('',*,*,#806,.F.);
#1029=ORIENTED_EDGE('',*,*,#805,.F.);
#1030=ORIENTED_EDGE('',*,*,#807,.T.);
#1031=ORIENTED_EDGE('',*,*,#808,.T.);
#1032=ORIENTED_EDGE('',*,*,#809,.F.);
#1033=ORIENTED_EDGE('',*,*,#808,.F.);
#1034=ORIENTED_EDGE('',*,*,#810,.T.);
#1035=ORIENTED_EDGE('',*,*,#811,.T.);
#1036=ORIENTED_EDGE('',*,*,#812,.F.);
#1037=ORIENTED_EDGE('',*,*,#811,.F.);
#1038=ORIENTED_EDGE('',*,*,#813,.T.);
#1039=ORIENTED_EDGE('',*,*,#814,.T.);
#1040=ORIENTED_EDGE('',*,*,#815,.F.);
#1041=ORIENTED_EDGE('',*,*,#814,.F.);
#1042=ORIENTED_EDGE('',*,*,#816,.F.);
#1043=ORIENTED_EDGE('',*,*,#817,.T.);
#1044=ORIENTED_EDGE('',*,*,#818,.T.);
#1045=ORIENTED_EDGE('',*,*,#817,.F.);
#1046=ORIENTED_EDGE('',*,*,#818,.F.);
#1047=ORIENTED_EDGE('',*,*,#810,.F.);
#1048=ORIENTED_EDGE('',*,*,#813,.F.);
#1049=ORIENTED_EDGE('',*,*,#819,.F.);
#1050=ORIENTED_EDGE('',*,*,#807,.F.);
#1051=ORIENTED_EDGE('',*,*,#804,.F.);
#1052=ORIENTED_EDGE('',*,*,#820,.F.);
#1053=ORIENTED_EDGE('',*,*,#821,.T.);
#1054=ORIENTED_EDGE('',*,*,#822,.F.);
#1055=ORIENTED_EDGE('',*,*,#821,.F.);
#1056=ORIENTED_EDGE('',*,*,#823,.F.);
#1057=ORIENTED_EDGE('',*,*,#824,.T.);
#1058=ORIENTED_EDGE('',*,*,#825,.F.);
#1059=ORIENTED_EDGE('',*,*,#824,.F.);
#1060=ORIENTED_EDGE('',*,*,#826,.F.);
#1061=ORIENTED_EDGE('',*,*,#827,.T.);
#1062=ORIENTED_EDGE('',*,*,#828,.F.);
#1063=ORIENTED_EDGE('',*,*,#827,.F.);
#1064=ORIENTED_EDGE('',*,*,#829,.F.);
#1065=ORIENTED_EDGE('',*,*,#830,.T.);
#1066=ORIENTED_EDGE('',*,*,#831,.F.);
#1067=ORIENTED_EDGE('',*,*,#830,.F.);
#1068=ORIENTED_EDGE('',*,*,#832,.F.);
#1069=ORIENTED_EDGE('',*,*,#833,.T.);
#1070=ORIENTED_EDGE('',*,*,#834,.F.);
#1071=ORIENTED_EDGE('',*,*,#833,.F.);
#1072=ORIENTED_EDGE('',*,*,#835,.F.);
#1073=ORIENTED_EDGE('',*,*,#836,.T.);
#1074=ORIENTED_EDGE('',*,*,#837,.F.);
#1075=ORIENTED_EDGE('',*,*,#836,.F.);
#1076=ORIENTED_EDGE('',*,*,#838,.F.);
#1077=ORIENTED_EDGE('',*,*,#839,.T.);
#1078=ORIENTED_EDGE('',*,*,#819,.T.);
#1079=ORIENTED_EDGE('',*,*,#839,.F.);
#1080=ORIENTED_EDGE('',*,*,#840,.T.);
#1081=ORIENTED_EDGE('',*,*,#841,.T.);
#1082=ORIENTED_EDGE('',*,*,#842,.T.);
#1083=ORIENTED_EDGE('',*,*,#843,.T.);
#1084=ORIENTED_EDGE('',*,*,#844,.T.);
#1085=ORIENTED_EDGE('',*,*,#845,.T.);
#1086=ORIENTED_EDGE('',*,*,#846,.T.);
#1087=ORIENTED_EDGE('',*,*,#843,.F.);
#1088=ORIENTED_EDGE('',*,*,#847,.T.);
#1089=ORIENTED_EDGE('',*,*,#840,.F.);
#1090=ORIENTED_EDGE('',*,*,#848,.T.);
#1091=ORIENTED_EDGE('',*,*,#849,.T.);
#1092=ORIENTED_EDGE('',*,*,#850,.T.);
#1093=ORIENTED_EDGE('',*,*,#851,.T.);
#1094=ORIENTED_EDGE('',*,*,#852,.T.);
#1095=ORIENTED_EDGE('',*,*,#853,.T.);
#1096=ORIENTED_EDGE('',*,*,#854,.T.);
#1097=ORIENTED_EDGE('',*,*,#855,.F.);
#1098=ORIENTED_EDGE('',*,*,#846,.F.);
#1099=ORIENTED_EDGE('',*,*,#856,.T.);
#1100=ORIENTED_EDGE('',*,*,#857,.F.);
#1101=ORIENTED_EDGE('',*,*,#854,.F.);
#1102=ORIENTED_EDGE('',*,*,#858,.T.);
#1103=ORIENTED_EDGE('',*,*,#859,.F.);
#1104=ORIENTED_EDGE('',*,*,#860,.F.);
#1105=ORIENTED_EDGE('',*,*,#848,.F.);
#1106=ORIENTED_EDGE('',*,*,#861,.T.);
#1107=ORIENTED_EDGE('',*,*,#862,.T.);
#1108=ORIENTED_EDGE('',*,*,#863,.T.);
#1109=ORIENTED_EDGE('',*,*,#864,.T.);
#1110=ORIENTED_EDGE('',*,*,#865,.T.);
#1111=ORIENTED_EDGE('',*,*,#866,.T.);
#1112=ORIENTED_EDGE('',*,*,#867,.T.);
#1113=ORIENTED_EDGE('',*,*,#864,.F.);
#1114=ORIENTED_EDGE('',*,*,#861,.F.);
#1115=ORIENTED_EDGE('',*,*,#867,.F.);
#1116=ORIENTED_EDGE('',*,*,#868,.T.);
#1117=ORIENTED_EDGE('',*,*,#869,.T.);
#1118=ORIENTED_EDGE('',*,*,#870,.T.);
#1119=ORIENTED_EDGE('',*,*,#871,.T.);
#1120=ORIENTED_EDGE('',*,*,#872,.T.);
#1121=ORIENTED_EDGE('',*,*,#873,.T.);
#1122=ORIENTED_EDGE('',*,*,#874,.T.);
#1123=ORIENTED_EDGE('',*,*,#875,.T.);
#1124=ORIENTED_EDGE('',*,*,#872,.F.);
#1125=ORIENTED_EDGE('',*,*,#876,.T.);
#1126=ORIENTED_EDGE('',*,*,#869,.F.);
#1127=ORIENTED_EDGE('',*,*,#877,.T.);
#1128=ORIENTED_EDGE('',*,*,#878,.T.);
#1129=ORIENTED_EDGE('',*,*,#879,.T.);
#1130=ORIENTED_EDGE('',*,*,#880,.T.);
#1131=ORIENTED_EDGE('',*,*,#881,.T.);
#1132=ORIENTED_EDGE('',*,*,#882,.T.);
#1133=ORIENTED_EDGE('',*,*,#883,.T.);
#1134=ORIENTED_EDGE('',*,*,#863,.F.);
#1135=ORIENTED_EDGE('',*,*,#865,.F.);
#1136=ORIENTED_EDGE('',*,*,#883,.F.);
#1137=ORIENTED_EDGE('',*,*,#884,.T.);
#1138=ORIENTED_EDGE('',*,*,#885,.F.);
#1139=ORIENTED_EDGE('',*,*,#886,.F.);
#1140=ORIENTED_EDGE('',*,*,#877,.F.);
#1141=ORIENTED_EDGE('',*,*,#875,.F.);
#1142=ORIENTED_EDGE('',*,*,#887,.T.);
#1143=ORIENTED_EDGE('',*,*,#888,.T.);
#1144=ORIENTED_EDGE('',*,*,#889,.T.);
#1145=ORIENTED_EDGE('',*,*,#890,.T.);
#1146=ORIENTED_EDGE('',*,*,#891,.T.);
#1147=ORIENTED_EDGE('',*,*,#892,.T.);
#1148=ORIENTED_EDGE('',*,*,#893,.T.);
#1149=ORIENTED_EDGE('',*,*,#894,.T.);
#1150=ORIENTED_EDGE('',*,*,#891,.F.);
#1151=ORIENTED_EDGE('',*,*,#888,.F.);
#1152=ORIENTED_EDGE('',*,*,#894,.F.);
#1153=ORIENTED_EDGE('',*,*,#895,.F.);
#1154=ORIENTED_EDGE('',*,*,#857,.T.);
#1155=ORIENTED_EDGE('',*,*,#896,.T.);
#1156=ORIENTED_EDGE('',*,*,#897,.T.);
#1157=ORIENTED_EDGE('',*,*,#898,.T.);
#1158=ORIENTED_EDGE('',*,*,#899,.T.);
#1159=ORIENTED_EDGE('',*,*,#900,.T.);
#1160=ORIENTED_EDGE('',*,*,#855,.T.);
#1161=ORIENTED_EDGE('',*,*,#898,.F.);
#1162=ORIENTED_EDGE('',*,*,#901,.T.);
#1163=ORIENTED_EDGE('',*,*,#902,.T.);
#1164=ORIENTED_EDGE('',*,*,#903,.T.);
#1165=ORIENTED_EDGE('',*,*,#904,.T.);
#1166=ORIENTED_EDGE('',*,*,#905,.T.);
#1167=ORIENTED_EDGE('',*,*,#906,.T.);
#1168=ORIENTED_EDGE('',*,*,#907,.T.);
#1169=ORIENTED_EDGE('',*,*,#904,.F.);
#1170=ORIENTED_EDGE('',*,*,#908,.T.);
#1171=ORIENTED_EDGE('',*,*,#901,.F.);
#1172=ORIENTED_EDGE('',*,*,#909,.T.);
#1173=ORIENTED_EDGE('',*,*,#852,.F.);
#1174=ORIENTED_EDGE('',*,*,#910,.F.);
#1175=ORIENTED_EDGE('',*,*,#879,.F.);
#1176=ORIENTED_EDGE('',*,*,#911,.T.);
#1177=ORIENTED_EDGE('',*,*,#890,.F.);
#1178=ORIENTED_EDGE('',*,*,#912,.T.);
#1179=ORIENTED_EDGE('',*,*,#913,.T.);
#1180=ORIENTED_EDGE('',*,*,#914,.T.);
#1181=ORIENTED_EDGE('',*,*,#915,.T.);
#1182=ORIENTED_EDGE('',*,*,#892,.F.);
#1183=ORIENTED_EDGE('',*,*,#911,.F.);
#1184=ORIENTED_EDGE('',*,*,#878,.F.);
#1185=ORIENTED_EDGE('',*,*,#886,.T.);
#1186=ORIENTED_EDGE('',*,*,#916,.F.);
#1187=ORIENTED_EDGE('',*,*,#917,.F.);
#1188=ORIENTED_EDGE('',*,*,#918,.F.);
#1189=ORIENTED_EDGE('',*,*,#919,.T.);
#1190=ORIENTED_EDGE('',*,*,#920,.F.);
#1191=ORIENTED_EDGE('',*,*,#921,.T.);
#1192=ORIENTED_EDGE('',*,*,#922,.F.);
#1193=ORIENTED_EDGE('',*,*,#923,.T.);
#1194=ORIENTED_EDGE('',*,*,#924,.F.);
#1195=ORIENTED_EDGE('',*,*,#925,.T.);
#1196=ORIENTED_EDGE('',*,*,#926,.F.);
#1197=ORIENTED_EDGE('',*,*,#858,.F.);
#1198=ORIENTED_EDGE('',*,*,#853,.F.);
#1199=ORIENTED_EDGE('',*,*,#909,.F.);
#1200=ORIENTED_EDGE('',*,*,#907,.F.);
#1201=ORIENTED_EDGE('',*,*,#927,.T.);
#1202=ORIENTED_EDGE('',*,*,#820,.T.);
#1203=ORIENTED_EDGE('',*,*,#823,.T.);
#1204=ORIENTED_EDGE('',*,*,#826,.T.);
#1205=ORIENTED_EDGE('',*,*,#829,.T.);
#1206=ORIENTED_EDGE('',*,*,#832,.T.);
#1207=ORIENTED_EDGE('',*,*,#835,.T.);
#1208=ORIENTED_EDGE('',*,*,#838,.T.);
#1209=ORIENTED_EDGE('',*,*,#815,.T.);
#1210=ORIENTED_EDGE('',*,*,#812,.T.);
#1211=ORIENTED_EDGE('',*,*,#809,.T.);
#1212=ORIENTED_EDGE('',*,*,#806,.T.);
#1213=ORIENTED_EDGE('',*,*,#928,.T.);
#1214=ORIENTED_EDGE('',*,*,#929,.T.);
#1215=ORIENTED_EDGE('',*,*,#930,.T.);
#1216=ORIENTED_EDGE('',*,*,#931,.T.);
#1217=ORIENTED_EDGE('',*,*,#932,.T.);
#1218=ORIENTED_EDGE('',*,*,#933,.T.);
#1219=ORIENTED_EDGE('',*,*,#934,.T.);
#1220=ORIENTED_EDGE('',*,*,#931,.F.);
#1221=ORIENTED_EDGE('',*,*,#928,.F.);
#1222=ORIENTED_EDGE('',*,*,#934,.F.);
#1223=ORIENTED_EDGE('',*,*,#935,.T.);
#1224=ORIENTED_EDGE('',*,*,#936,.T.);
#1225=ORIENTED_EDGE('',*,*,#937,.T.);
#1226=ORIENTED_EDGE('',*,*,#938,.T.);
#1227=ORIENTED_EDGE('',*,*,#939,.T.);
#1228=ORIENTED_EDGE('',*,*,#940,.T.);
#1229=ORIENTED_EDGE('',*,*,#941,.T.);
#1230=ORIENTED_EDGE('',*,*,#942,.T.);
#1231=ORIENTED_EDGE('',*,*,#939,.F.);
#1232=ORIENTED_EDGE('',*,*,#943,.T.);
#1233=ORIENTED_EDGE('',*,*,#936,.F.);
#1234=ORIENTED_EDGE('',*,*,#944,.T.);
#1235=ORIENTED_EDGE('',*,*,#945,.T.);
#1236=ORIENTED_EDGE('',*,*,#946,.T.);
#1237=ORIENTED_EDGE('',*,*,#947,.T.);
#1238=ORIENTED_EDGE('',*,*,#948,.T.);
#1239=ORIENTED_EDGE('',*,*,#918,.T.);
#1240=ORIENTED_EDGE('',*,*,#949,.T.);
#1241=ORIENTED_EDGE('',*,*,#950,.F.);
#1242=ORIENTED_EDGE('',*,*,#942,.F.);
#1243=ORIENTED_EDGE('',*,*,#951,.T.);
#1244=ORIENTED_EDGE('',*,*,#952,.F.);
#1245=ORIENTED_EDGE('',*,*,#949,.F.);
#1246=ORIENTED_EDGE('',*,*,#917,.T.);
#1247=ORIENTED_EDGE('',*,*,#953,.F.);
#1248=ORIENTED_EDGE('',*,*,#954,.F.);
#1249=ORIENTED_EDGE('',*,*,#944,.F.);
#1250=ORIENTED_EDGE('',*,*,#955,.T.);
#1251=ORIENTED_EDGE('',*,*,#956,.T.);
#1252=ORIENTED_EDGE('',*,*,#957,.T.);
#1253=ORIENTED_EDGE('',*,*,#958,.T.);
#1254=ORIENTED_EDGE('',*,*,#959,.T.);
#1255=ORIENTED_EDGE('',*,*,#960,.T.);
#1256=ORIENTED_EDGE('',*,*,#961,.T.);
#1257=ORIENTED_EDGE('',*,*,#958,.F.);
#1258=ORIENTED_EDGE('',*,*,#962,.T.);
#1259=ORIENTED_EDGE('',*,*,#955,.F.);
#1260=ORIENTED_EDGE('',*,*,#963,.T.);
#1261=ORIENTED_EDGE('',*,*,#924,.T.);
#1262=ORIENTED_EDGE('',*,*,#964,.T.);
#1263=ORIENTED_EDGE('',*,*,#965,.T.);
#1264=ORIENTED_EDGE('',*,*,#966,.T.);
#1265=ORIENTED_EDGE('',*,*,#967,.T.);
#1266=ORIENTED_EDGE('',*,*,#968,.T.);
#1267=ORIENTED_EDGE('',*,*,#930,.F.);
#1268=ORIENTED_EDGE('',*,*,#932,.F.);
#1269=ORIENTED_EDGE('',*,*,#968,.F.);
#1270=ORIENTED_EDGE('',*,*,#969,.T.);
#1271=ORIENTED_EDGE('',*,*,#970,.F.);
#1272=ORIENTED_EDGE('',*,*,#925,.F.);
#1273=ORIENTED_EDGE('',*,*,#963,.F.);
#1274=ORIENTED_EDGE('',*,*,#961,.F.);
#1275=ORIENTED_EDGE('',*,*,#971,.T.);
#1276=ORIENTED_EDGE('',*,*,#952,.T.);
#1277=ORIENTED_EDGE('',*,*,#972,.T.);
#1278=ORIENTED_EDGE('',*,*,#973,.T.);
#1279=ORIENTED_EDGE('',*,*,#974,.T.);
#1280=ORIENTED_EDGE('',*,*,#975,.T.);
#1281=ORIENTED_EDGE('',*,*,#976,.T.);
#1282=ORIENTED_EDGE('',*,*,#950,.T.);
#1283=ORIENTED_EDGE('',*,*,#974,.F.);
#1284=ORIENTED_EDGE('',*,*,#977,.T.);
#1285=ORIENTED_EDGE('',*,*,#978,.T.);
#1286=ORIENTED_EDGE('',*,*,#920,.T.);
#1287=ORIENTED_EDGE('',*,*,#979,.T.);
#1288=ORIENTED_EDGE('',*,*,#980,.T.);
#1289=ORIENTED_EDGE('',*,*,#981,.T.);
#1290=ORIENTED_EDGE('',*,*,#982,.T.);
#1291=ORIENTED_EDGE('',*,*,#979,.F.);
#1292=ORIENTED_EDGE('',*,*,#977,.F.);
#1293=ORIENTED_EDGE('',*,*,#982,.F.);
#1294=ORIENTED_EDGE('',*,*,#983,.T.);
#1295=ORIENTED_EDGE('',*,*,#922,.T.);
#1296=ORIENTED_EDGE('',*,*,#984,.T.);
#1297=ORIENTED_EDGE('',*,*,#985,.T.);
#1298=ORIENTED_EDGE('',*,*,#986,.T.);
#1299=ORIENTED_EDGE('',*,*,#987,.T.);
#1300=ORIENTED_EDGE('',*,*,#988,.T.);
#1301=ORIENTED_EDGE('',*,*,#989,.T.);
#1302=ORIENTED_EDGE('',*,*,#986,.F.);
#1303=ORIENTED_EDGE('',*,*,#980,.F.);
#1304=ORIENTED_EDGE('',*,*,#919,.F.);
#1305=ORIENTED_EDGE('',*,*,#948,.F.);
#1306=ORIENTED_EDGE('',*,*,#990,.T.);
#1307=ORIENTED_EDGE('',*,*,#964,.F.);
#1308=ORIENTED_EDGE('',*,*,#923,.F.);
#1309=ORIENTED_EDGE('',*,*,#989,.F.);
#1310=ORIENTED_EDGE('',*,*,#991,.T.);
#1311=ORIENTED_EDGE('',*,*,#992,.T.);
#1312=ORIENTED_EDGE('',*,*,#993,.T.);
#1313=ORIENTED_EDGE('',*,*,#994,.T.);
#1314=ORIENTED_EDGE('',*,*,#995,.T.);
#1315=ORIENTED_EDGE('',*,*,#871,.F.);
#1316=ORIENTED_EDGE('',*,*,#996,.T.);
#1317=ORIENTED_EDGE('',*,*,#873,.F.);
#1318=ORIENTED_EDGE('',*,*,#876,.F.);
#1319=ORIENTED_EDGE('',*,*,#862,.F.);
#1320=ORIENTED_EDGE('',*,*,#868,.F.);
#1321=ORIENTED_EDGE('',*,*,#866,.F.);
#1322=ORIENTED_EDGE('',*,*,#887,.F.);
#1323=ORIENTED_EDGE('',*,*,#874,.F.);
#1324=ORIENTED_EDGE('',*,*,#996,.F.);
#1325=ORIENTED_EDGE('',*,*,#870,.F.);
#1326=ORIENTED_EDGE('',*,*,#850,.F.);
#1327=ORIENTED_EDGE('',*,*,#997,.F.);
#1328=ORIENTED_EDGE('',*,*,#881,.F.);
#1329=ORIENTED_EDGE('',*,*,#998,.T.);
#1330=ORIENTED_EDGE('',*,*,#999,.T.);
#1331=ORIENTED_EDGE('',*,*,#1000,.T.);
#1332=ORIENTED_EDGE('',*,*,#1001,.T.);
#1333=ORIENTED_EDGE('',*,*,#1002,.T.);
#1334=ORIENTED_EDGE('',*,*,#859,.T.);
#1335=ORIENTED_EDGE('',*,*,#926,.T.);
#1336=ORIENTED_EDGE('',*,*,#970,.T.);
#1337=ORIENTED_EDGE('',*,*,#1003,.T.);
#1338=ORIENTED_EDGE('',*,*,#966,.F.);
#1339=ORIENTED_EDGE('',*,*,#1004,.F.);
#1340=ORIENTED_EDGE('',*,*,#946,.F.);
#1341=ORIENTED_EDGE('',*,*,#1005,.F.);
#1342=ORIENTED_EDGE('',*,*,#1006,.T.);
#1343=ORIENTED_EDGE('',*,*,#1007,.T.);
#1344=ORIENTED_EDGE('',*,*,#1008,.T.);
#1345=ORIENTED_EDGE('',*,*,#1009,.T.);
#1346=ORIENTED_EDGE('',*,*,#842,.F.);
#1347=ORIENTED_EDGE('',*,*,#1010,.F.);
#1348=ORIENTED_EDGE('',*,*,#844,.F.);
#1349=ORIENTED_EDGE('',*,*,#897,.F.);
#1350=ORIENTED_EDGE('',*,*,#1011,.F.);
#1351=ORIENTED_EDGE('',*,*,#899,.F.);
#1352=ORIENTED_EDGE('',*,*,#847,.F.);
#1353=ORIENTED_EDGE('',*,*,#900,.F.);
#1354=ORIENTED_EDGE('',*,*,#1011,.T.);
#1355=ORIENTED_EDGE('',*,*,#896,.F.);
#1356=ORIENTED_EDGE('',*,*,#856,.F.);
#1357=ORIENTED_EDGE('',*,*,#845,.F.);
#1358=ORIENTED_EDGE('',*,*,#1010,.T.);
#1359=ORIENTED_EDGE('',*,*,#841,.F.);
#1360=ORIENTED_EDGE('',*,*,#953,.T.);
#1361=ORIENTED_EDGE('',*,*,#916,.T.);
#1362=ORIENTED_EDGE('',*,*,#885,.T.);
#1363=ORIENTED_EDGE('',*,*,#1012,.T.);
#1364=ORIENTED_EDGE('',*,*,#938,.F.);
#1365=ORIENTED_EDGE('',*,*,#1013,.F.);
#1366=ORIENTED_EDGE('',*,*,#940,.F.);
#1367=ORIENTED_EDGE('',*,*,#973,.F.);
#1368=ORIENTED_EDGE('',*,*,#1014,.F.);
#1369=ORIENTED_EDGE('',*,*,#975,.F.);
#1370=ORIENTED_EDGE('',*,*,#943,.F.);
#1371=ORIENTED_EDGE('',*,*,#976,.F.);
#1372=ORIENTED_EDGE('',*,*,#1014,.T.);
#1373=ORIENTED_EDGE('',*,*,#972,.F.);
#1374=ORIENTED_EDGE('',*,*,#951,.F.);
#1375=ORIENTED_EDGE('',*,*,#941,.F.);
#1376=ORIENTED_EDGE('',*,*,#1013,.T.);
#1377=ORIENTED_EDGE('',*,*,#937,.F.);
#1378=ORIENTED_EDGE('',*,*,#957,.F.);
#1379=ORIENTED_EDGE('',*,*,#1015,.T.);
#1380=ORIENTED_EDGE('',*,*,#959,.F.);
#1381=ORIENTED_EDGE('',*,*,#971,.F.);
#1382=ORIENTED_EDGE('',*,*,#960,.F.);
#1383=ORIENTED_EDGE('',*,*,#1015,.F.);
#1384=ORIENTED_EDGE('',*,*,#956,.F.);
#1385=ORIENTED_EDGE('',*,*,#962,.F.);
#1386=ORIENTED_EDGE('',*,*,#929,.F.);
#1387=ORIENTED_EDGE('',*,*,#935,.F.);
#1388=ORIENTED_EDGE('',*,*,#933,.F.);
#1389=ORIENTED_EDGE('',*,*,#903,.F.);
#1390=ORIENTED_EDGE('',*,*,#1016,.F.);
#1391=ORIENTED_EDGE('',*,*,#905,.F.);
#1392=ORIENTED_EDGE('',*,*,#927,.F.);
#1393=ORIENTED_EDGE('',*,*,#906,.F.);
#1394=ORIENTED_EDGE('',*,*,#1016,.T.);
#1395=ORIENTED_EDGE('',*,*,#902,.F.);
#1396=ORIENTED_EDGE('',*,*,#908,.F.);
#1397=ORIENTED_EDGE('',*,*,#889,.F.);
#1398=ORIENTED_EDGE('',*,*,#895,.T.);
#1399=ORIENTED_EDGE('',*,*,#893,.F.);
#1400=ORIENTED_EDGE('',*,*,#998,.F.);
#1401=ORIENTED_EDGE('',*,*,#880,.F.);
#1402=ORIENTED_EDGE('',*,*,#910,.T.);
#1403=ORIENTED_EDGE('',*,*,#851,.F.);
#1404=ORIENTED_EDGE('',*,*,#985,.F.);
#1405=ORIENTED_EDGE('',*,*,#1017,.T.);
#1406=ORIENTED_EDGE('',*,*,#987,.F.);
#1407=ORIENTED_EDGE('',*,*,#991,.F.);
#1408=ORIENTED_EDGE('',*,*,#988,.F.);
#1409=ORIENTED_EDGE('',*,*,#1017,.F.);
#1410=ORIENTED_EDGE('',*,*,#984,.F.);
#1411=ORIENTED_EDGE('',*,*,#921,.F.);
#1412=ORIENTED_EDGE('',*,*,#978,.F.);
#1413=ORIENTED_EDGE('',*,*,#983,.F.);
#1414=ORIENTED_EDGE('',*,*,#981,.F.);
#1415=ORIENTED_EDGE('',*,*,#997,.T.);
#1416=ORIENTED_EDGE('',*,*,#849,.F.);
#1417=ORIENTED_EDGE('',*,*,#860,.T.);
#1418=ORIENTED_EDGE('',*,*,#1003,.F.);
#1419=ORIENTED_EDGE('',*,*,#969,.F.);
#1420=ORIENTED_EDGE('',*,*,#967,.F.);
#1421=ORIENTED_EDGE('',*,*,#1005,.T.);
#1422=ORIENTED_EDGE('',*,*,#945,.F.);
#1423=ORIENTED_EDGE('',*,*,#954,.T.);
#1424=ORIENTED_EDGE('',*,*,#1012,.F.);
#1425=ORIENTED_EDGE('',*,*,#884,.F.);
#1426=ORIENTED_EDGE('',*,*,#882,.F.);
#1427=ORIENTED_EDGE('',*,*,#822,.T.);
#1428=ORIENTED_EDGE('',*,*,#825,.T.);
#1429=ORIENTED_EDGE('',*,*,#828,.T.);
#1430=ORIENTED_EDGE('',*,*,#831,.T.);
#1431=ORIENTED_EDGE('',*,*,#834,.T.);
#1432=ORIENTED_EDGE('',*,*,#837,.T.);
#1433=ORIENTED_EDGE('',*,*,#816,.T.);
#1434=ORIENTED_EDGE('',*,*,#912,.F.);
#1435=ORIENTED_EDGE('',*,*,#1018,.T.);
#1436=ORIENTED_EDGE('',*,*,#1001,.F.);
#1437=ORIENTED_EDGE('',*,*,#1018,.F.);
#1438=ORIENTED_EDGE('',*,*,#913,.F.);
#1439=ORIENTED_EDGE('',*,*,#1019,.T.);
#1440=ORIENTED_EDGE('',*,*,#999,.F.);
#1441=ORIENTED_EDGE('',*,*,#1019,.F.);
#1442=ORIENTED_EDGE('',*,*,#914,.F.);
#1443=ORIENTED_EDGE('',*,*,#1020,.T.);
#1444=ORIENTED_EDGE('',*,*,#1000,.F.);
#1445=ORIENTED_EDGE('',*,*,#1020,.F.);
#1446=ORIENTED_EDGE('',*,*,#915,.F.);
#1447=ORIENTED_EDGE('',*,*,#1021,.T.);
#1448=ORIENTED_EDGE('',*,*,#1002,.F.);
#1449=ORIENTED_EDGE('',*,*,#1021,.F.);
#1450=ORIENTED_EDGE('',*,*,#995,.F.);
#1451=ORIENTED_EDGE('',*,*,#1022,.T.);
#1452=ORIENTED_EDGE('',*,*,#1006,.F.);
#1453=ORIENTED_EDGE('',*,*,#1022,.F.);
#1454=ORIENTED_EDGE('',*,*,#994,.F.);
#1455=ORIENTED_EDGE('',*,*,#1023,.T.);
#1456=ORIENTED_EDGE('',*,*,#1009,.F.);
#1457=ORIENTED_EDGE('',*,*,#1023,.F.);
#1458=ORIENTED_EDGE('',*,*,#993,.F.);
#1459=ORIENTED_EDGE('',*,*,#1024,.T.);
#1460=ORIENTED_EDGE('',*,*,#1007,.F.);
#1461=ORIENTED_EDGE('',*,*,#1024,.F.);
#1462=ORIENTED_EDGE('',*,*,#992,.F.);
#1463=ORIENTED_EDGE('',*,*,#1025,.T.);
#1464=ORIENTED_EDGE('',*,*,#1008,.F.);
#1465=ORIENTED_EDGE('',*,*,#1025,.F.);
#1466=ORIENTED_EDGE('',*,*,#1004,.T.);
#1467=ORIENTED_EDGE('',*,*,#965,.F.);
#1468=ORIENTED_EDGE('',*,*,#990,.F.);
#1469=ORIENTED_EDGE('',*,*,#947,.F.);
#1470=CYLINDRICAL_SURFACE('',#1609,1.5);
#1471=CYLINDRICAL_SURFACE('',#1612,1.5);
#1472=CYLINDRICAL_SURFACE('',#1615,1.5);
#1473=CYLINDRICAL_SURFACE('',#1618,1.5);
#1474=CYLINDRICAL_SURFACE('',#1621,11.075);
#1475=CYLINDRICAL_SURFACE('',#1626,2.);
#1476=CYLINDRICAL_SURFACE('',#1629,2.);
#1477=CYLINDRICAL_SURFACE('',#1632,2.);
#1478=CYLINDRICAL_SURFACE('',#1635,2.);
#1479=CYLINDRICAL_SURFACE('',#1638,2.);
#1480=CYLINDRICAL_SURFACE('',#1641,2.);
#1481=CYLINDRICAL_SURFACE('',#1644,5.075);
#1482=CYLINDRICAL_SURFACE('',#1646,3.);
#1483=CYLINDRICAL_SURFACE('',#1649,3.);
#1484=CYLINDRICAL_SURFACE('',#1653,3.);
#1485=CYLINDRICAL_SURFACE('',#1656,3.);
#1486=CYLINDRICAL_SURFACE('',#1659,3.);
#1487=CYLINDRICAL_SURFACE('',#1662,3.);
#1488=CYLINDRICAL_SURFACE('',#1666,3.);
#1489=CYLINDRICAL_SURFACE('',#1669,3.);
#1490=CYLINDRICAL_SURFACE('',#1672,3.);
#1491=CYLINDRICAL_SURFACE('',#1675,3.);
#1492=CYLINDRICAL_SURFACE('',#1677,3.);
#1493=CYLINDRICAL_SURFACE('',#1680,3.);
#1494=CYLINDRICAL_SURFACE('',#1688,3.);
#1495=CYLINDRICAL_SURFACE('',#1691,3.);
#1496=CYLINDRICAL_SURFACE('',#1694,3.);
#1497=CYLINDRICAL_SURFACE('',#1697,3.);
#1498=CYLINDRICAL_SURFACE('',#1701,3.);
#1499=CYLINDRICAL_SURFACE('',#1704,3.);
#1500=CYLINDRICAL_SURFACE('',#1708,3.);
#1501=CYLINDRICAL_SURFACE('',#1711,3.);
#1502=CYLINDRICAL_SURFACE('',#1713,3.);
#1503=CYLINDRICAL_SURFACE('',#1716,3.);
#1504=CYLINDRICAL_SURFACE('',#1719,3.);
#1505=CYLINDRICAL_SURFACE('',#1722,3.);
#1506=CYLINDRICAL_SURFACE('',#1757,1.95);
#1507=CYLINDRICAL_SURFACE('',#1758,1.95);
#1508=CYLINDRICAL_SURFACE('',#1759,1.95);
#1509=CYLINDRICAL_SURFACE('',#1760,1.95);
#1510=CYLINDRICAL_SURFACE('',#1761,1.95);
#1511=CYLINDRICAL_SURFACE('',#1762,1.95);
#1512=CYLINDRICAL_SURFACE('',#1763,1.95);
#1513=CYLINDRICAL_SURFACE('',#1764,1.95);
#1514=ADVANCED_FACE('',(#127),#1470,.F.);
#1515=ADVANCED_FACE('',(#128),#1471,.F.);
#1516=ADVANCED_FACE('',(#129),#1472,.F.);
#1517=ADVANCED_FACE('',(#130),#1473,.F.);
#1518=ADVANCED_FACE('',(#131),#1474,.F.);
#1519=ADVANCED_FACE('',(#132,#51,#52,#53,#54,#55),#90,.T.);
#1520=ADVANCED_FACE('',(#133),#1475,.F.);
#1521=ADVANCED_FACE('',(#134),#1476,.F.);
#1522=ADVANCED_FACE('',(#135),#1477,.F.);
#1523=ADVANCED_FACE('',(#136),#1478,.F.);
#1524=ADVANCED_FACE('',(#137),#1479,.F.);
#1525=ADVANCED_FACE('',(#138),#1480,.F.);
#1526=ADVANCED_FACE('',(#139),#1481,.F.);
#1527=ADVANCED_FACE('',(#140),#1482,.F.);
#1528=ADVANCED_FACE('',(#141),#1483,.F.);
#1529=ADVANCED_FACE('',(#142),#91,.T.);
#1530=ADVANCED_FACE('',(#143),#92,.T.);
#1531=ADVANCED_FACE('',(#144),#1484,.F.);
#1532=ADVANCED_FACE('',(#145),#1485,.F.);
#1533=ADVANCED_FACE('',(#146),#93,.F.);
#1534=ADVANCED_FACE('',(#147),#1486,.F.);
#1535=ADVANCED_FACE('',(#148),#1487,.F.);
#1536=ADVANCED_FACE('',(#149),#94,.T.);
#1537=ADVANCED_FACE('',(#150),#95,.T.);
#1538=ADVANCED_FACE('',(#151),#1488,.F.);
#1539=ADVANCED_FACE('',(#152),#1489,.F.);
#1540=ADVANCED_FACE('',(#153),#96,.T.);
#1541=ADVANCED_FACE('',(#154),#1490,.F.);
#1542=ADVANCED_FACE('',(#155),#1491,.F.);
#1543=ADVANCED_FACE('',(#156),#1492,.F.);
#1544=ADVANCED_FACE('',(#157),#1493,.F.);
#1545=ADVANCED_FACE('',(#158,#56,#57,#58,#59),#97,.T.);
#1546=ADVANCED_FACE('',(#159,#60,#61,#62,#63,#64,#65,#66,#67,#68,#69,#70),
#98,.T.);
#1547=ADVANCED_FACE('',(#160),#1494,.F.);
#1548=ADVANCED_FACE('',(#161),#1495,.F.);
#1549=ADVANCED_FACE('',(#162),#99,.F.);
#1550=ADVANCED_FACE('',(#163),#1496,.F.);
#1551=ADVANCED_FACE('',(#164),#1497,.F.);
#1552=ADVANCED_FACE('',(#165),#100,.T.);
#1553=ADVANCED_FACE('',(#166),#101,.T.);
#1554=ADVANCED_FACE('',(#167),#1498,.F.);
#1555=ADVANCED_FACE('',(#168),#1499,.F.);
#1556=ADVANCED_FACE('',(#169),#102,.T.);
#1557=ADVANCED_FACE('',(#170),#103,.T.);
#1558=ADVANCED_FACE('',(#171),#1500,.F.);
#1559=ADVANCED_FACE('',(#172),#1501,.F.);
#1560=ADVANCED_FACE('',(#173),#1502,.F.);
#1561=ADVANCED_FACE('',(#174),#1503,.F.);
#1562=ADVANCED_FACE('',(#175),#104,.F.);
#1563=ADVANCED_FACE('',(#176),#1504,.F.);
#1564=ADVANCED_FACE('',(#177),#1505,.F.);
#1565=ADVANCED_FACE('',(#178,#71,#72,#73,#74),#105,.T.);
#1566=ADVANCED_FACE('',(#179),#106,.T.);
#1567=ADVANCED_FACE('',(#180),#107,.T.);
#1568=ADVANCED_FACE('',(#181,#75,#76,#77,#78),#108,.T.);
#1569=ADVANCED_FACE('',(#182),#109,.T.);
#1570=ADVANCED_FACE('',(#183,#79,#80,#81,#82),#110,.T.);
#1571=ADVANCED_FACE('',(#184),#111,.T.);
#1572=ADVANCED_FACE('',(#185),#112,.F.);
#1573=ADVANCED_FACE('',(#186),#113,.F.);
#1574=ADVANCED_FACE('',(#187),#114,.T.);
#1575=ADVANCED_FACE('',(#188),#115,.T.);
#1576=ADVANCED_FACE('',(#189),#116,.F.);
#1577=ADVANCED_FACE('',(#190),#117,.F.);
#1578=ADVANCED_FACE('',(#191),#118,.T.);
#1579=ADVANCED_FACE('',(#192),#119,.T.);
#1580=ADVANCED_FACE('',(#193),#120,.F.);
#1581=ADVANCED_FACE('',(#194),#121,.F.);
#1582=ADVANCED_FACE('',(#195),#122,.T.);
#1583=ADVANCED_FACE('',(#196),#123,.T.);
#1584=ADVANCED_FACE('',(#197),#124,.T.);
#1585=ADVANCED_FACE('',(#198,#83,#84,#85,#86,#87,#88,#89),#125,.T.);
#1586=ADVANCED_FACE('',(#199),#1506,.F.);
#1587=ADVANCED_FACE('',(#200),#1507,.F.);
#1588=ADVANCED_FACE('',(#201),#1508,.F.);
#1589=ADVANCED_FACE('',(#202),#1509,.F.);
#1590=ADVANCED_FACE('',(#203),#1510,.F.);
#1591=ADVANCED_FACE('',(#204),#1511,.F.);
#1592=ADVANCED_FACE('',(#205),#1512,.F.);
#1593=ADVANCED_FACE('',(#206),#1513,.F.);
#1594=ADVANCED_FACE('',(#207),#126,.T.);
#1595=CLOSED_SHELL('',(#1514,#1515,#1516,#1517,#1518,#1519,#1520,#1521,
#1522,#1523,#1524,#1525,#1526,#1527,#1528,#1529,#1530,#1531,#1532,#1533,
#1534,#1535,#1536,#1537,#1538,#1539,#1540,#1541,#1542,#1543,#1544,#1545,
#1546,#1547,#1548,#1549,#1550,#1551,#1552,#1553,#1554,#1555,#1556,#1557,
#1558,#1559,#1560,#1561,#1562,#1563,#1564,#1565,#1566,#1567,#1568,#1569,
#1570,#1571,#1572,#1573,#1574,#1575,#1576,#1577,#1578,#1579,#1580,#1581,
#1582,#1583,#1584,#1585,#1586,#1587,#1588,#1589,#1590,#1591,#1592,#1593,
#1594));
#1596=DERIVED_UNIT_ELEMENT(#1598,1.);
#1597=DERIVED_UNIT_ELEMENT(#2681,-3.);
#1598=(
MASS_UNIT()
NAMED_UNIT(*)
SI_UNIT(.KILO.,.GRAM.)
);
#1599=DERIVED_UNIT((#1596,#1597));
#1600=MEASURE_REPRESENTATION_ITEM('density measure',
POSITIVE_RATIO_MEASURE(7850.),#1599);
#1601=PROPERTY_DEFINITION_REPRESENTATION(#1606,#1603);
#1602=PROPERTY_DEFINITION_REPRESENTATION(#1607,#1604);
#1603=REPRESENTATION('material name',(#1605),#2678);
#1604=REPRESENTATION('density',(#1600),#2678);
#1605=DESCRIPTIVE_REPRESENTATION_ITEM('Acier','Acier');
#1606=PROPERTY_DEFINITION('material property','material name',#2688);
#1607=PROPERTY_DEFINITION('material property','density of part',#2688);
#1608=AXIS2_PLACEMENT_3D('',#2228,#1766,#1767);
#1609=AXIS2_PLACEMENT_3D('',#2229,#1768,#1769);
#1610=AXIS2_PLACEMENT_3D('',#2231,#1770,#1771);
#1611=AXIS2_PLACEMENT_3D('',#2234,#1773,#1774);
#1612=AXIS2_PLACEMENT_3D('',#2235,#1775,#1776);
#1613=AXIS2_PLACEMENT_3D('',#2237,#1777,#1778);
#1614=AXIS2_PLACEMENT_3D('',#2240,#1780,#1781);
#1615=AXIS2_PLACEMENT_3D('',#2241,#1782,#1783);
#1616=AXIS2_PLACEMENT_3D('',#2243,#1784,#1785);
#1617=AXIS2_PLACEMENT_3D('',#2246,#1787,#1788);
#1618=AXIS2_PLACEMENT_3D('',#2247,#1789,#1790);
#1619=AXIS2_PLACEMENT_3D('',#2249,#1791,#1792);
#1620=AXIS2_PLACEMENT_3D('',#2252,#1794,#1795);
#1621=AXIS2_PLACEMENT_3D('',#2253,#1796,#1797);
#1622=AXIS2_PLACEMENT_3D('',#2255,#1798,#1799);
#1623=AXIS2_PLACEMENT_3D('',#2258,#1801,#1802);
#1624=AXIS2_PLACEMENT_3D('',#2259,#1803,#1804);
#1625=AXIS2_PLACEMENT_3D('',#2261,#1805,#1806);
#1626=AXIS2_PLACEMENT_3D('',#2262,#1807,#1808);
#1627=AXIS2_PLACEMENT_3D('',#2264,#1809,#1810);
#1628=AXIS2_PLACEMENT_3D('',#2267,#1812,#1813);
#1629=AXIS2_PLACEMENT_3D('',#2268,#1814,#1815);
#1630=AXIS2_PLACEMENT_3D('',#2270,#1816,#1817);
#1631=AXIS2_PLACEMENT_3D('',#2273,#1819,#1820);
#1632=AXIS2_PLACEMENT_3D('',#2274,#1821,#1822);
#1633=AXIS2_PLACEMENT_3D('',#2276,#1823,#1824);
#1634=AXIS2_PLACEMENT_3D('',#2279,#1826,#1827);
#1635=AXIS2_PLACEMENT_3D('',#2280,#1828,#1829);
#1636=AXIS2_PLACEMENT_3D('',#2282,#1830,#1831);
#1637=AXIS2_PLACEMENT_3D('',#2285,#1833,#1834);
#1638=AXIS2_PLACEMENT_3D('',#2286,#1835,#1836);
#1639=AXIS2_PLACEMENT_3D('',#2288,#1837,#1838);
#1640=AXIS2_PLACEMENT_3D('',#2291,#1840,#1841);
#1641=AXIS2_PLACEMENT_3D('',#2292,#1842,#1843);
#1642=AXIS2_PLACEMENT_3D('',#2294,#1844,#1845);
#1643=AXIS2_PLACEMENT_3D('',#2297,#1847,#1848);
#1644=AXIS2_PLACEMENT_3D('',#2298,#1849,#1850);
#1645=AXIS2_PLACEMENT_3D('',#2300,#1851,#1852);
#1646=AXIS2_PLACEMENT_3D('',#2302,#1854,#1855);
#1647=AXIS2_PLACEMENT_3D('',#2307,#1857,#1858);
#1648=AXIS2_PLACEMENT_3D('',#2310,#1860,#1861);
#1649=AXIS2_PLACEMENT_3D('',#2311,#1862,#1863);
#1650=AXIS2_PLACEMENT_3D('',#2315,#1865,#1866);
#1651=AXIS2_PLACEMENT_3D('',#2317,#1868,#1869);
#1652=AXIS2_PLACEMENT_3D('',#2335,#1879,#1880);
#1653=AXIS2_PLACEMENT_3D('',#2344,#1886,#1887);
#1654=AXIS2_PLACEMENT_3D('',#2349,#1889,#1890);
#1655=AXIS2_PLACEMENT_3D('',#2352,#1892,#1893);
#1656=AXIS2_PLACEMENT_3D('',#2353,#1894,#1895);
#1657=AXIS2_PLACEMENT_3D('',#2357,#1897,#1898);
#1658=AXIS2_PLACEMENT_3D('',#2359,#1900,#1901);
#1659=AXIS2_PLACEMENT_3D('',#2361,#1903,#1904);
#1660=AXIS2_PLACEMENT_3D('',#2366,#1906,#1907);
#1661=AXIS2_PLACEMENT_3D('',#2369,#1909,#1910);
#1662=AXIS2_PLACEMENT_3D('',#2370,#1911,#1912);
#1663=AXIS2_PLACEMENT_3D('',#2374,#1914,#1915);
#1664=AXIS2_PLACEMENT_3D('',#2376,#1917,#1918);
#1665=AXIS2_PLACEMENT_3D('',#2391,#1927,#1928);
#1666=AXIS2_PLACEMENT_3D('',#2398,#1933,#1934);
#1667=AXIS2_PLACEMENT_3D('',#2403,#1936,#1937);
#1668=AXIS2_PLACEMENT_3D('',#2406,#1939,#1940);
#1669=AXIS2_PLACEMENT_3D('',#2407,#1941,#1942);
#1670=AXIS2_PLACEMENT_3D('',#2411,#1944,#1945);
#1671=AXIS2_PLACEMENT_3D('',#2413,#1947,#1948);
#1672=AXIS2_PLACEMENT_3D('',#2415,#1950,#1951);
#1673=AXIS2_PLACEMENT_3D('',#2417,#1952,#1953);
#1674=AXIS2_PLACEMENT_3D('',#2420,#1955,#1956);
#1675=AXIS2_PLACEMENT_3D('',#2421,#1957,#1958);
#1676=AXIS2_PLACEMENT_3D('',#2424,#1960,#1961);
#1677=AXIS2_PLACEMENT_3D('',#2425,#1962,#1963);
#1678=AXIS2_PLACEMENT_3D('',#2430,#1965,#1966);
#1679=AXIS2_PLACEMENT_3D('',#2433,#1968,#1969);
#1680=AXIS2_PLACEMENT_3D('',#2434,#1970,#1971);
#1681=AXIS2_PLACEMENT_3D('',#2438,#1973,#1974);
#1682=AXIS2_PLACEMENT_3D('',#2440,#1976,#1977);
#1683=AXIS2_PLACEMENT_3D('',#2446,#1982,#1983);
#1684=AXIS2_PLACEMENT_3D('',#2448,#1984,#1985);
#1685=AXIS2_PLACEMENT_3D('',#2450,#1986,#1987);
#1686=AXIS2_PLACEMENT_3D('',#2452,#1988,#1989);
#1687=AXIS2_PLACEMENT_3D('',#2453,#1990,#1991);
#1688=AXIS2_PLACEMENT_3D('',#2476,#2004,#2005);
#1689=AXIS2_PLACEMENT_3D('',#2481,#2007,#2008);
#1690=AXIS2_PLACEMENT_3D('',#2484,#2010,#2011);
#1691=AXIS2_PLACEMENT_3D('',#2485,#2012,#2013);
#1692=AXIS2_PLACEMENT_3D('',#2489,#2015,#2016);
#1693=AXIS2_PLACEMENT_3D('',#2491,#2018,#2019);
#1694=AXIS2_PLACEMENT_3D('',#2493,#2021,#2022);
#1695=AXIS2_PLACEMENT_3D('',#2498,#2024,#2025);
#1696=AXIS2_PLACEMENT_3D('',#2501,#2027,#2028);
#1697=AXIS2_PLACEMENT_3D('',#2502,#2029,#2030);
#1698=AXIS2_PLACEMENT_3D('',#2506,#2032,#2033);
#1699=AXIS2_PLACEMENT_3D('',#2508,#2035,#2036);
#1700=AXIS2_PLACEMENT_3D('',#2523,#2045,#2046);
#1701=AXIS2_PLACEMENT_3D('',#2530,#2051,#2052);
#1702=AXIS2_PLACEMENT_3D('',#2535,#2054,#2055);
#1703=AXIS2_PLACEMENT_3D('',#2538,#2057,#2058);
#1704=AXIS2_PLACEMENT_3D('',#2539,#2059,#2060);
#1705=AXIS2_PLACEMENT_3D('',#2543,#2062,#2063);
#1706=AXIS2_PLACEMENT_3D('',#2545,#2065,#2066);
#1707=AXIS2_PLACEMENT_3D('',#2557,#2074,#2075);
#1708=AXIS2_PLACEMENT_3D('',#2562,#2079,#2080);
#1709=AXIS2_PLACEMENT_3D('',#2564,#2081,#2082);
#1710=AXIS2_PLACEMENT_3D('',#2567,#2084,#2085);
#1711=AXIS2_PLACEMENT_3D('',#2568,#2086,#2087);
#1712=AXIS2_PLACEMENT_3D('',#2571,#2089,#2090);
#1713=AXIS2_PLACEMENT_3D('',#2572,#2091,#2092);
#1714=AXIS2_PLACEMENT_3D('',#2576,#2094,#2095);
#1715=AXIS2_PLACEMENT_3D('',#2577,#2096,#2097);
#1716=AXIS2_PLACEMENT_3D('',#2578,#2098,#2099);
#1717=AXIS2_PLACEMENT_3D('',#2582,#2101,#2102);
#1718=AXIS2_PLACEMENT_3D('',#2584,#2104,#2105);
#1719=AXIS2_PLACEMENT_3D('',#2586,#2107,#2108);
#1720=AXIS2_PLACEMENT_3D('',#2588,#2109,#2110);
#1721=AXIS2_PLACEMENT_3D('',#2591,#2112,#2113);
#1722=AXIS2_PLACEMENT_3D('',#2592,#2114,#2115);
#1723=AXIS2_PLACEMENT_3D('',#2596,#2117,#2118);
#1724=AXIS2_PLACEMENT_3D('',#2598,#2120,#2121);
#1725=AXIS2_PLACEMENT_3D('',#2602,#2124,#2125);
#1726=AXIS2_PLACEMENT_3D('',#2604,#2126,#2127);
#1727=AXIS2_PLACEMENT_3D('',#2606,#2128,#2129);
#1728=AXIS2_PLACEMENT_3D('',#2608,#2130,#2131);
#1729=AXIS2_PLACEMENT_3D('',#2609,#2132,#2133);
#1730=AXIS2_PLACEMENT_3D('',#2611,#2135,#2136);
#1731=AXIS2_PLACEMENT_3D('',#2612,#2137,#2138);
#1732=AXIS2_PLACEMENT_3D('',#2616,#2141,#2142);
#1733=AXIS2_PLACEMENT_3D('',#2618,#2143,#2144);
#1734=AXIS2_PLACEMENT_3D('',#2620,#2145,#2146);
#1735=AXIS2_PLACEMENT_3D('',#2622,#2147,#2148);
#1736=AXIS2_PLACEMENT_3D('',#2623,#2149,#2150);
#1737=AXIS2_PLACEMENT_3D('',#2625,#2152,#2153);
#1738=AXIS2_PLACEMENT_3D('',#2629,#2156,#2157);
#1739=AXIS2_PLACEMENT_3D('',#2631,#2158,#2159);
#1740=AXIS2_PLACEMENT_3D('',#2633,#2160,#2161);
#1741=AXIS2_PLACEMENT_3D('',#2635,#2162,#2163);
#1742=AXIS2_PLACEMENT_3D('',#2636,#2164,#2165);
#1743=AXIS2_PLACEMENT_3D('',#2638,#2167,#2168);
#1744=AXIS2_PLACEMENT_3D('',#2640,#2170,#2171);
#1745=AXIS2_PLACEMENT_3D('',#2641,#2172,#2173);
#1746=AXIS2_PLACEMENT_3D('',#2643,#2175,#2176);
#1747=AXIS2_PLACEMENT_3D('',#2645,#2178,#2179);
#1748=AXIS2_PLACEMENT_3D('',#2647,#2181,#2182);
#1749=AXIS2_PLACEMENT_3D('',#2648,#2183,#2184);
#1750=AXIS2_PLACEMENT_3D('',#2650,#2186,#2187);
#1751=AXIS2_PLACEMENT_3D('',#2651,#2188,#2189);
#1752=AXIS2_PLACEMENT_3D('',#2653,#2191,#2192);
#1753=AXIS2_PLACEMENT_3D('',#2654,#2193,#2194);
#1754=AXIS2_PLACEMENT_3D('',#2655,#2195,#2196);
#1755=AXIS2_PLACEMENT_3D('',#2657,#2198,#2199);
#1756=AXIS2_PLACEMENT_3D('',#2658,#2200,#2201);
#1757=AXIS2_PLACEMENT_3D('',#2659,#2202,#2203);
#1758=AXIS2_PLACEMENT_3D('',#2661,#2205,#2206);
#1759=AXIS2_PLACEMENT_3D('',#2663,#2208,#2209);
#1760=AXIS2_PLACEMENT_3D('',#2665,#2211,#2212);
#1761=AXIS2_PLACEMENT_3D('',#2667,#2214,#2215);
#1762=AXIS2_PLACEMENT_3D('',#2669,#2217,#2218);
#1763=AXIS2_PLACEMENT_3D('',#2671,#2220,#2221);
#1764=AXIS2_PLACEMENT_3D('',#2673,#2223,#2224);
#1765=AXIS2_PLACEMENT_3D('',#2675,#2226,#2227);
#1766=DIRECTION('axis',(0.,0.,1.));
#1767=DIRECTION('refdir',(1.,0.,0.));
#1768=DIRECTION('center_axis',(0.,1.24344978758018E-14,1.));
#1769=DIRECTION('ref_axis',(1.,0.,0.));
#1770=DIRECTION('center_axis',(0.,0.,-1.));
#1771=DIRECTION('ref_axis',(1.,0.,0.));
#1772=DIRECTION('',(0.,1.24344978758018E-14,1.));
#1773=DIRECTION('center_axis',(0.,-6.09343043153215E-16,-1.));
#1774=DIRECTION('ref_axis',(1.,0.,0.));
#1775=DIRECTION('center_axis',(0.,1.24344978758018E-14,1.));
#1776=DIRECTION('ref_axis',(1.,0.,0.));
#1777=DIRECTION('center_axis',(0.,0.,-1.));
#1778=DIRECTION('ref_axis',(1.,0.,0.));
#1779=DIRECTION('',(0.,1.24344978758018E-14,1.));
#1780=DIRECTION('center_axis',(0.,-6.09343043153215E-16,-1.));
#1781=DIRECTION('ref_axis',(1.,0.,0.));
#1782=DIRECTION('center_axis',(0.,1.24344978758018E-14,1.));
#1783=DIRECTION('ref_axis',(1.,0.,0.));
#1784=DIRECTION('center_axis',(0.,0.,-1.));
#1785=DIRECTION('ref_axis',(1.,0.,0.));
#1786=DIRECTION('',(0.,1.24344978758018E-14,1.));
#1787=DIRECTION('center_axis',(0.,-6.09343043153215E-16,-1.));
#1788=DIRECTION('ref_axis',(1.,0.,0.));
#1789=DIRECTION('center_axis',(0.,1.24344978758018E-14,1.));
#1790=DIRECTION('ref_axis',(1.,0.,0.));
#1791=DIRECTION('center_axis',(0.,0.,-1.));
#1792=DIRECTION('ref_axis',(1.,0.,0.));
#1793=DIRECTION('',(0.,1.24344978758018E-14,1.));
#1794=DIRECTION('center_axis',(0.,-6.09343043153215E-16,-1.));
#1795=DIRECTION('ref_axis',(1.,0.,0.));
#1796=DIRECTION('center_axis',(0.,0.,1.));
#1797=DIRECTION('ref_axis',(1.,0.,0.));
#1798=DIRECTION('center_axis',(0.,1.24172462193064E-14,1.));
#1799=DIRECTION('ref_axis',(1.,0.,0.));
#1800=DIRECTION('',(0.,0.,1.));
#1801=DIRECTION('center_axis',(0.,0.,1.));
#1802=DIRECTION('ref_axis',(1.,0.,0.));
#1803=DIRECTION('center_axis',(0.,0.,-1.));
#1804=DIRECTION('ref_axis',(1.,0.,0.));
#1805=DIRECTION('center_axis',(0.,0.,-1.));
#1806=DIRECTION('ref_axis',(-1.,0.,0.));
#1807=DIRECTION('center_axis',(0.,0.,-1.));
#1808=DIRECTION('ref_axis',(-1.,0.,0.));
#1809=DIRECTION('center_axis',(0.,-6.09343043153215E-16,-1.));
#1810=DIRECTION('ref_axis',(-1.,0.,0.));
#1811=DIRECTION('',(0.,0.,-1.));
#1812=DIRECTION('center_axis',(0.,1.24172462193064E-14,1.));
#1813=DIRECTION('ref_axis',(-1.,0.,0.));
#1814=DIRECTION('center_axis',(0.,0.,-1.));
#1815=DIRECTION('ref_axis',(-1.,0.,0.));
#1816=DIRECTION('center_axis',(0.,-6.09343043153215E-16,-1.));
#1817=DIRECTION('ref_axis',(-1.,0.,0.));
#1818=DIRECTION('',(0.,0.,-1.));
#1819=DIRECTION('center_axis',(0.,1.24172462193064E-14,1.));
#1820=DIRECTION('ref_axis',(-1.,0.,0.));
#1821=DIRECTION('center_axis',(0.,0.,-1.));
#1822=DIRECTION('ref_axis',(-1.,0.,0.));
#1823=DIRECTION('center_axis',(0.,-6.09343043153215E-16,-1.));
#1824=DIRECTION('ref_axis',(-1.,0.,0.));
#1825=DIRECTION('',(0.,0.,-1.));
#1826=DIRECTION('center_axis',(0.,1.24172462193064E-14,1.));
#1827=DIRECTION('ref_axis',(-1.,0.,0.));
#1828=DIRECTION('center_axis',(0.,0.,-1.));
#1829=DIRECTION('ref_axis',(-1.,0.,0.));
#1830=DIRECTION('center_axis',(0.,-6.09343043153215E-16,-1.));
#1831=DIRECTION('ref_axis',(-1.,0.,0.));
#1832=DIRECTION('',(0.,0.,-1.));
#1833=DIRECTION('center_axis',(0.,1.24172462193064E-14,1.));
#1834=DIRECTION('ref_axis',(-1.,0.,0.));
#1835=DIRECTION('center_axis',(0.,0.,-1.));
#1836=DIRECTION('ref_axis',(-1.,0.,0.));
#1837=DIRECTION('center_axis',(0.,-6.09343043153215E-16,-1.));
#1838=DIRECTION('ref_axis',(-1.,0.,0.));
#1839=DIRECTION('',(0.,0.,-1.));
#1840=DIRECTION('center_axis',(0.,1.24172462193064E-14,1.));
#1841=DIRECTION('ref_axis',(-1.,0.,0.));
#1842=DIRECTION('center_axis',(0.,0.,-1.));
#1843=DIRECTION('ref_axis',(-1.,0.,0.));
#1844=DIRECTION('center_axis',(0.,-6.09343043153215E-16,-1.));
#1845=DIRECTION('ref_axis',(-1.,0.,0.));
#1846=DIRECTION('',(0.,0.,-1.));
#1847=DIRECTION('center_axis',(0.,1.24172462193064E-14,1.));
#1848=DIRECTION('ref_axis',(-1.,0.,0.));
#1849=DIRECTION('center_axis',(0.,0.,-1.));
#1850=DIRECTION('ref_axis',(-1.,0.,0.));
#1851=DIRECTION('center_axis',(0.,-6.09343043153215E-16,-1.));
#1852=DIRECTION('ref_axis',(-1.,0.,0.));
#1853=DIRECTION('',(0.,0.,-1.));
#1854=DIRECTION('center_axis',(0.,-1.,0.));
#1855=DIRECTION('ref_axis',(-0.707106781186547,0.,0.707106781186547));
#1856=DIRECTION('',(0.,1.,0.));
#1857=DIRECTION('center_axis',(0.707106781186826,0.707106781186269,0.));
#1858=DIRECTION('ref_axis',(-0.707106781186268,0.707106781186826,6.54205191117981E-17));
#1859=DIRECTION('',(0.,-1.,0.));
#1860=DIRECTION('center_axis',(0.707106781186548,-0.707106781186547,-5.23364152894592E-16));
#1861=DIRECTION('ref_axis',(0.707106781186547,0.707106781186548,-5.23364152894591E-16));
#1862=DIRECTION('center_axis',(1.,0.,0.));
#1863=DIRECTION('ref_axis',(0.,-0.707106781186541,0.707106781186554));
#1864=DIRECTION('',(1.,0.,0.));
#1865=DIRECTION('center_axis',(0.707106781186826,0.707106781186269,0.));
#1866=DIRECTION('ref_axis',(0.707106781186269,-0.707106781186826,1.30841038223699E-16));
#1867=DIRECTION('',(-1.,0.,0.));
#1868=DIRECTION('center_axis',(1.,0.,0.));
#1869=DIRECTION('ref_axis',(0.,0.,-1.));
#1870=DIRECTION('',(0.,0.,-1.));
#1871=DIRECTION('',(0.,-1.42108547152026E-14,-1.));
#1872=DIRECTION('',(0.,1.,-1.24172462193064E-14));
#1873=DIRECTION('',(0.,1.75876914792104E-15,1.));
#1874=DIRECTION('',(0.,-1.,0.));
#1875=DIRECTION('',(0.,2.25171993726792E-15,-1.));
#1876=DIRECTION('',(0.,-1.,6.09343043153215E-16));
#1877=DIRECTION('',(0.,-1.42108547152026E-14,-1.));
#1878=DIRECTION('',(0.,-1.,0.));
#1879=DIRECTION('center_axis',(0.,1.,-1.42108547152026E-14));
#1880=DIRECTION('ref_axis',(0.,1.42108547152026E-14,1.));
#1881=DIRECTION('',(-1.42108547151914E-14,1.42108547152026E-14,1.));
#1882=DIRECTION('',(1.,0.,0.));
#1883=DIRECTION('',(1.,0.,0.));
#1884=DIRECTION('',(0.,1.42108547152026E-14,1.));
#1885=DIRECTION('',(1.,0.,0.));
#1886=DIRECTION('center_axis',(0.,1.,0.));
#1887=DIRECTION('ref_axis',(0.707106781186547,0.,0.707106781186547));
#1888=DIRECTION('',(0.,1.,0.));
#1889=DIRECTION('center_axis',(-0.707106781186826,0.707106781186269,0.));
#1890=DIRECTION('ref_axis',(0.707106781186268,0.707106781186826,6.54205191117981E-17));
#1891=DIRECTION('',(0.,-1.,0.));
#1892=DIRECTION('center_axis',(-0.707106781186547,-0.707106781186548,-5.23364152894591E-16));
#1893=DIRECTION('ref_axis',(0.707106781186548,-0.707106781186547,5.23364152894592E-16));
#1894=DIRECTION('center_axis',(1.,0.,0.));
#1895=DIRECTION('ref_axis',(0.,-0.707106781186544,0.707106781186551));
#1896=DIRECTION('',(-1.,0.,0.));
#1897=DIRECTION('center_axis',(-0.707106781186826,0.707106781186269,0.));
#1898=DIRECTION('ref_axis',(-0.707106781186269,-0.707106781186826,1.96261557335549E-16));
#1899=DIRECTION('',(1.,0.,0.));
#1900=DIRECTION('center_axis',(0.,0.,1.));
#1901=DIRECTION('ref_axis',(-1.,0.,0.));
#1902=DIRECTION('',(0.707106781186663,0.707106781186432,0.));
#1903=DIRECTION('center_axis',(0.,-1.,0.));
#1904=DIRECTION('ref_axis',(0.707106781186548,0.,-0.707106781186547));
#1905=DIRECTION('',(0.,1.,0.));
#1906=DIRECTION('center_axis',(-0.707106781186826,0.707106781186269,0.));
#1907=DIRECTION('ref_axis',(0.707106781186268,0.707106781186826,0.));
#1908=DIRECTION('',(0.,-1.,0.));
#1909=DIRECTION('center_axis',(-0.707106781186548,-0.707106781186547,0.));
#1910=DIRECTION('ref_axis',(-0.707106781186547,0.707106781186548,0.));
#1911=DIRECTION('center_axis',(-1.,0.,0.));
#1912=DIRECTION('ref_axis',(0.,-0.707106781186551,-0.707106781186544));
#1913=DIRECTION('',(-1.,0.,0.));
#1914=DIRECTION('center_axis',(-0.707106781186826,0.707106781186269,0.));
#1915=DIRECTION('ref_axis',(-0.707106781186269,-0.707106781186826,0.));
#1916=DIRECTION('',(1.,0.,0.));
#1917=DIRECTION('center_axis',(-1.,0.,0.));
#1918=DIRECTION('ref_axis',(0.,0.,1.));
#1919=DIRECTION('',(0.,0.,1.));
#1920=DIRECTION('',(0.,1.24344978758023E-14,1.));
#1921=DIRECTION('',(0.,1.,-6.09343043153215E-16));
#1922=DIRECTION('',(0.,-2.25171993726792E-15,1.));
#1923=DIRECTION('',(0.,1.,0.));
#1924=DIRECTION('',(0.,-1.75876914792104E-15,-1.));
#1925=DIRECTION('',(0.,-1.,1.24172462193064E-14));
#1926=DIRECTION('',(0.,1.24344978758023E-14,1.));
#1927=DIRECTION('center_axis',(0.,1.,-1.24344978758023E-14));
#1928=DIRECTION('ref_axis',(0.,-1.24344978758023E-14,-1.));
#1929=DIRECTION('',(-1.,0.,0.));
#1930=DIRECTION('',(0.,-1.24344978758023E-14,-1.));
#1931=DIRECTION('',(-1.,0.,0.));
#1932=DIRECTION('',(-1.24344978757925E-14,-1.24344978758023E-14,-1.));
#1933=DIRECTION('center_axis',(0.,-2.25171993726792E-15,1.));
#1934=DIRECTION('ref_axis',(0.707106781186547,0.707106781186548,2.09345661157836E-15));
#1935=DIRECTION('',(0.,-2.25171993726792E-15,1.));
#1936=DIRECTION('center_axis',(0.,-0.832050294338027,0.554700196224954));
#1937=DIRECTION('ref_axis',(0.,0.554700196224954,0.832050294338027));
#1938=DIRECTION('',(0.,2.25171993726792E-15,-1.));
#1939=DIRECTION('center_axis',(0.,-0.707106781186547,-0.707106781186548));
#1940=DIRECTION('ref_axis',(0.,0.707106781186548,-0.707106781186547));
#1941=DIRECTION('center_axis',(0.,1.,-6.09343043153215E-16));
#1942=DIRECTION('ref_axis',(0.707106781186548,0.,-0.707106781186548));
#1943=DIRECTION('',(0.,-1.,6.09343043153215E-16));
#1944=DIRECTION('center_axis',(0.,-0.832050294338027,0.554700196224954));
#1945=DIRECTION('ref_axis',(7.69801162016847E-17,-0.554700196224954,-0.832050294338027));
#1946=DIRECTION('',(0.,1.,-6.09343043153215E-16));
#1947=DIRECTION('center_axis',(-1.,0.,0.));
#1948=DIRECTION('ref_axis',(0.,-1.,0.));
#1949=DIRECTION('',(0.,-0.554700196225466,-0.832050294337686));
#1950=DIRECTION('center_axis',(-1.,0.,0.));
#1951=DIRECTION('ref_axis',(0.,-0.707106781186551,-0.707106781186544));
#1952=DIRECTION('center_axis',(0.707106781186826,0.707106781186269,0.));
#1953=DIRECTION('ref_axis',(0.707106781186269,-0.707106781186826,-6.54205191118497E-17));
#1954=DIRECTION('',(-1.,0.,0.));
#1955=DIRECTION('center_axis',(-0.707106781186547,0.707106781186548,0.));
#1956=DIRECTION('ref_axis',(0.707106781186548,0.707106781186547,0.));
#1957=DIRECTION('center_axis',(0.,1.,0.));
#1958=DIRECTION('ref_axis',(-0.707106781186548,0.,-0.707106781186547));
#1959=DIRECTION('',(0.,1.,0.));
#1960=DIRECTION('center_axis',(0.707106781186826,0.707106781186269,0.));
#1961=DIRECTION('ref_axis',(-0.707106781186268,0.707106781186826,0.));
#1962=DIRECTION('center_axis',(0.,2.25171993726792E-15,-1.));
#1963=DIRECTION('ref_axis',(-0.707106781186547,0.707106781186548,2.09345661157836E-15));
#1964=DIRECTION('',(0.,-2.25171993726792E-15,1.));
#1965=DIRECTION('center_axis',(0.,-0.832050294338027,0.554700196224954));
#1966=DIRECTION('ref_axis',(0.,0.554700196224954,0.832050294338027));
#1967=DIRECTION('',(0.,2.25171993726792E-15,-1.));
#1968=DIRECTION('center_axis',(0.,-0.707106781186547,-0.707106781186548));
#1969=DIRECTION('ref_axis',(0.,-0.707106781186548,0.707106781186547));
#1970=DIRECTION('center_axis',(0.,-1.,6.09343043153215E-16));
#1971=DIRECTION('ref_axis',(-0.707106781186548,0.,-0.707106781186547));
#1972=DIRECTION('',(0.,-1.,6.09343043153215E-16));
#1973=DIRECTION('center_axis',(0.,-0.832050294338027,0.554700196224954));
#1974=DIRECTION('ref_axis',(0.,-0.554700196224954,-0.832050294338027));
#1975=DIRECTION('',(0.,1.,-6.09343043153215E-16));
#1976=DIRECTION('center_axis',(0.,-1.,-2.25171993726792E-15));
#1977=DIRECTION('ref_axis',(0.,2.25171993726792E-15,-1.));
#1978=DIRECTION('',(1.,0.,0.));
#1979=DIRECTION('',(1.,0.,0.));
#1980=DIRECTION('',(1.,0.,0.));
#1981=DIRECTION('',(1.,0.,0.));
#1982=DIRECTION('center_axis',(0.,1.,2.25171993726792E-15));
#1983=DIRECTION('ref_axis',(-1.,0.,0.));
#1984=DIRECTION('center_axis',(0.,1.,2.25171993726792E-15));
#1985=DIRECTION('ref_axis',(-1.,0.,0.));
#1986=DIRECTION('center_axis',(0.,1.,2.25171993726792E-15));
#1987=DIRECTION('ref_axis',(-1.,0.,0.));
#1988=DIRECTION('center_axis',(0.,1.,2.25171993726792E-15));
#1989=DIRECTION('ref_axis',(-1.,0.,0.));
#1990=DIRECTION('center_axis',(0.,6.09343043153215E-16,1.));
#1991=DIRECTION('ref_axis',(0.,-1.,6.09343043153215E-16));
#1992=DIRECTION('',(0.,1.,-6.35457745002638E-16));
#1993=DIRECTION('',(-1.,0.,0.));
#1994=DIRECTION('',(0.,1.,-6.09343043153215E-16));
#1995=DIRECTION('',(1.,0.,0.));
#1996=DIRECTION('',(0.,-1.,6.09343043153215E-16));
#1997=DIRECTION('',(1.,0.,0.));
#1998=DIRECTION('',(0.,1.,-6.09343043153215E-16));
#1999=DIRECTION('',(1.,0.,0.));
#2000=DIRECTION('',(0.,-1.,6.09343043153215E-16));
#2001=DIRECTION('',(1.,0.,0.));
#2002=DIRECTION('',(0.,-1.,6.18047943769689E-16));
#2003=DIRECTION('',(-1.,0.,0.));
#2004=DIRECTION('center_axis',(0.,-1.,0.));
#2005=DIRECTION('ref_axis',(-0.707106781186547,0.,0.707106781186547));
#2006=DIRECTION('',(0.,-1.,0.));
#2007=DIRECTION('center_axis',(0.707106781186828,-0.707106781186267,0.));
#2008=DIRECTION('ref_axis',(-0.707106781186267,-0.707106781186828,6.5420519111798E-17));
#2009=DIRECTION('',(0.,1.,0.));
#2010=DIRECTION('center_axis',(0.707106781186547,0.707106781186548,0.));
#2011=DIRECTION('ref_axis',(-0.707106781186548,0.707106781186547,0.));
#2012=DIRECTION('center_axis',(-1.,0.,0.));
#2013=DIRECTION('ref_axis',(0.,0.707106781186553,0.707106781186542));
#2014=DIRECTION('',(1.,0.,0.));
#2015=DIRECTION('center_axis',(0.707106781186828,-0.707106781186267,0.));
#2016=DIRECTION('ref_axis',(0.707106781186267,0.707106781186828,-1.308410382237E-16));
#2017=DIRECTION('',(-1.,0.,0.));
#2018=DIRECTION('center_axis',(0.,0.,1.));
#2019=DIRECTION('ref_axis',(1.,0.,0.));
#2020=DIRECTION('',(-0.707106781186663,-0.707106781186432,0.));
#2021=DIRECTION('center_axis',(0.,1.,0.));
#2022=DIRECTION('ref_axis',(0.707106781186547,0.,0.707106781186547));
#2023=DIRECTION('',(0.,-1.,0.));
#2024=DIRECTION('center_axis',(-0.707106781186828,-0.707106781186267,0.));
#2025=DIRECTION('ref_axis',(0.707106781186267,-0.707106781186828,6.5420519111798E-17));
#2026=DIRECTION('',(0.,1.,0.));
#2027=DIRECTION('center_axis',(-0.707106781186547,0.707106781186548,0.));
#2028=DIRECTION('ref_axis',(-0.707106781186548,-0.707106781186547,0.));
#2029=DIRECTION('center_axis',(-1.,0.,0.));
#2030=DIRECTION('ref_axis',(0.,0.707106781186553,0.707106781186542));
#2031=DIRECTION('',(-1.,0.,0.));
#2032=DIRECTION('center_axis',(-0.707106781186828,-0.707106781186267,0.));
#2033=DIRECTION('ref_axis',(-0.707106781186267,0.707106781186828,-6.54205191118499E-17));
#2034=DIRECTION('',(1.,0.,0.));
#2035=DIRECTION('center_axis',(-1.,0.,0.));
#2036=DIRECTION('ref_axis',(0.,0.,1.));
#2037=DIRECTION('',(0.,0.,-1.));
#2038=DIRECTION('',(0.,-1.302661682227E-14,-1.));
#2039=DIRECTION('',(0.,-1.,1.24172462193064E-14));
#2040=DIRECTION('',(0.,1.05526148875266E-15,1.));
#2041=DIRECTION('',(0.,1.,0.));
#2042=DIRECTION('',(0.,7.50573312422641E-16,-1.));
#2043=DIRECTION('',(0.,-1.302661682227E-14,-1.));
#2044=DIRECTION('',(0.,1.,0.));
#2045=DIRECTION('center_axis',(0.,-1.,1.302661682227E-14));
#2046=DIRECTION('ref_axis',(0.,1.302661682227E-14,1.));
#2047=DIRECTION('',(-1.30266168222596E-14,1.302661682227E-14,1.));
#2048=DIRECTION('',(-1.,0.,0.));
#2049=DIRECTION('',(0.,1.302661682227E-14,1.));
#2050=DIRECTION('',(-1.,0.,0.));
#2051=DIRECTION('center_axis',(0.,1.,0.));
#2052=DIRECTION('ref_axis',(-0.707106781186548,0.,-0.707106781186547));
#2053=DIRECTION('',(0.,-1.,0.));
#2054=DIRECTION('center_axis',(0.707106781186828,-0.707106781186267,0.));
#2055=DIRECTION('ref_axis',(-0.707106781186267,-0.707106781186828,0.));
#2056=DIRECTION('',(0.,1.,0.));
#2057=DIRECTION('center_axis',(0.707106781186547,0.707106781186548,0.));
#2058=DIRECTION('ref_axis',(0.707106781186548,-0.707106781186547,0.));
#2059=DIRECTION('center_axis',(1.,0.,0.));
#2060=DIRECTION('ref_axis',(0.,0.707106781186544,-0.707106781186551));
#2061=DIRECTION('',(1.,0.,0.));
#2062=DIRECTION('center_axis',(0.707106781186828,-0.707106781186267,0.));
#2063=DIRECTION('ref_axis',(0.707106781186267,0.707106781186828,0.));
#2064=DIRECTION('',(-1.,0.,0.));
#2065=DIRECTION('center_axis',(1.,0.,0.));
#2066=DIRECTION('ref_axis',(0.,0.,-1.));
#2067=DIRECTION('',(0.,0.,1.));
#2068=DIRECTION('',(0.,1.18423789293363E-14,1.));
#2069=DIRECTION('',(0.,-7.50573312422641E-16,1.));
#2070=DIRECTION('',(0.,-1.,0.));
#2071=DIRECTION('',(0.,-1.05526148875266E-15,-1.));
#2072=DIRECTION('',(0.,1.,-1.24172462193064E-14));
#2073=DIRECTION('',(0.,1.18423789293363E-14,1.));
#2074=DIRECTION('center_axis',(0.,-1.,1.18423789293363E-14));
#2075=DIRECTION('ref_axis',(0.,-1.18423789293363E-14,-1.));
#2076=DIRECTION('',(1.,0.,0.));
#2077=DIRECTION('',(0.,-1.18423789293363E-14,-1.));
#2078=DIRECTION('',(-1.1842378929327E-14,-1.18423789293364E-14,-1.));
#2079=DIRECTION('center_axis',(1.,0.,0.));
#2080=DIRECTION('ref_axis',(0.,0.707106781186544,-0.707106781186551));
#2081=DIRECTION('center_axis',(-0.707106781186828,-0.707106781186267,0.));
#2082=DIRECTION('ref_axis',(-0.707106781186267,0.707106781186828,0.));
#2083=DIRECTION('',(1.,0.,0.));
#2084=DIRECTION('center_axis',(0.707106781186546,-0.707106781186549,0.));
#2085=DIRECTION('ref_axis',(-0.707106781186549,-0.707106781186546,0.));
#2086=DIRECTION('center_axis',(0.,-1.,0.));
#2087=DIRECTION('ref_axis',(0.707106781186548,0.,-0.707106781186547));
#2088=DIRECTION('',(0.,-1.,0.));
#2089=DIRECTION('center_axis',(-0.707106781186828,-0.707106781186267,0.));
#2090=DIRECTION('ref_axis',(0.707106781186267,-0.707106781186828,0.));
#2091=DIRECTION('center_axis',(0.,1.,-6.09343043153215E-16));
#2092=DIRECTION('ref_axis',(0.707106781186548,-3.92523114670944E-16,-0.707106781186548));
#2093=DIRECTION('',(0.,1.,-6.09343043153215E-16));
#2094=DIRECTION('center_axis',(0.,0.832050294338027,0.554700196224954));
#2095=DIRECTION('ref_axis',(7.69801162016846E-17,0.554700196224954,-0.832050294338027));
#2096=DIRECTION('center_axis',(0.,-0.707106781186548,0.707106781186548));
#2097=DIRECTION('ref_axis',(0.,-0.707106781186548,-0.707106781186548));
#2098=DIRECTION('center_axis',(0.,7.50573312422641E-16,-1.));
#2099=DIRECTION('ref_axis',(0.707106781186549,-0.707106781186546,-5.23364152894593E-16));
#2100=DIRECTION('',(0.,-7.50573312422641E-16,1.));
#2101=DIRECTION('center_axis',(0.,0.832050294338027,0.554700196224954));
#2102=DIRECTION('ref_axis',(-1.02640154935506E-16,-0.554700196224954,0.832050294338027));
#2103=DIRECTION('',(0.,7.50573312422641E-16,-1.));
#2104=DIRECTION('center_axis',(1.,0.,0.));
#2105=DIRECTION('ref_axis',(0.,1.,0.));
#2106=DIRECTION('',(0.,0.554700196225466,-0.832050294337686));
#2107=DIRECTION('center_axis',(0.,-1.,6.09343043153215E-16));
#2108=DIRECTION('ref_axis',(-0.707106781186548,-3.92523114670944E-16,-0.707106781186547));
#2109=DIRECTION('center_axis',(0.,0.832050294338027,0.554700196224954));
#2110=DIRECTION('ref_axis',(0.,0.554700196224954,-0.832050294338027));
#2111=DIRECTION('',(0.,-1.,6.09343043153215E-16));
#2112=DIRECTION('center_axis',(0.,-0.707106781186547,0.707106781186548));
#2113=DIRECTION('ref_axis',(0.,0.707106781186548,0.707106781186547));
#2114=DIRECTION('center_axis',(0.,-7.50573312422641E-16,1.));
#2115=DIRECTION('ref_axis',(-0.707106781186549,-0.707106781186546,-5.23364152894593E-16));
#2116=DIRECTION('',(0.,-7.50573312422641E-16,1.));
#2117=DIRECTION('center_axis',(0.,0.832050294338027,0.554700196224954));
#2118=DIRECTION('ref_axis',(1.02640154935506E-16,-0.554700196224954,0.832050294338027));
#2119=DIRECTION('',(0.,7.50573312422641E-16,-1.));
#2120=DIRECTION('center_axis',(0.,1.,7.50573312422641E-16));
#2121=DIRECTION('ref_axis',(0.,-7.50573312422641E-16,1.));
#2122=DIRECTION('',(1.,0.,0.));
#2123=DIRECTION('',(-1.,0.,0.));
#2124=DIRECTION('center_axis',(0.,-1.,-7.50573312422641E-16));
#2125=DIRECTION('ref_axis',(-1.,0.,0.));
#2126=DIRECTION('center_axis',(0.,-1.,-7.50573312422641E-16));
#2127=DIRECTION('ref_axis',(-1.,0.,0.));
#2128=DIRECTION('center_axis',(0.,-1.,-7.50573312422641E-16));
#2129=DIRECTION('ref_axis',(-1.,0.,0.));
#2130=DIRECTION('center_axis',(0.,-1.,-7.50573312422641E-16));
#2131=DIRECTION('ref_axis',(-1.,0.,0.));
#2132=DIRECTION('center_axis',(0.,0.,1.));
#2133=DIRECTION('ref_axis',(-1.,0.,0.));
#2134=DIRECTION('',(-0.707106781186269,-0.707106781186826,0.));
#2135=DIRECTION('center_axis',(-0.707106781186826,0.707106781186269,0.));
#2136=DIRECTION('ref_axis',(-0.707106781186269,-0.707106781186826,0.));
#2137=DIRECTION('center_axis',(0.,1.,-1.75876914792104E-15));
#2138=DIRECTION('ref_axis',(0.,1.75876914792104E-15,1.));
#2139=DIRECTION('',(1.,0.,0.));
#2140=DIRECTION('',(1.,0.,0.));
#2141=DIRECTION('center_axis',(0.,-1.,1.75876914792104E-15));
#2142=DIRECTION('ref_axis',(-1.,0.,0.));
#2143=DIRECTION('center_axis',(0.,-1.,1.75876914792104E-15));
#2144=DIRECTION('ref_axis',(-1.,0.,0.));
#2145=DIRECTION('center_axis',(0.,-1.,1.75876914792104E-15));
#2146=DIRECTION('ref_axis',(-1.,0.,0.));
#2147=DIRECTION('center_axis',(0.,-1.,1.75876914792104E-15));
#2148=DIRECTION('ref_axis',(-1.,0.,0.));
#2149=DIRECTION('center_axis',(1.,0.,0.));
#2150=DIRECTION('ref_axis',(0.,0.,-1.));
#2151=DIRECTION('',(0.,1.,-1.24172462193064E-14));
#2152=DIRECTION('center_axis',(0.,-1.,1.05526148875266E-15));
#2153=DIRECTION('ref_axis',(0.,-1.05526148875266E-15,-1.));
#2154=DIRECTION('',(1.,0.,0.));
#2155=DIRECTION('',(-1.,0.,0.));
#2156=DIRECTION('center_axis',(0.,1.,-1.05526148875266E-15));
#2157=DIRECTION('ref_axis',(-1.,0.,0.));
#2158=DIRECTION('center_axis',(0.,1.,-1.05526148875266E-15));
#2159=DIRECTION('ref_axis',(-1.,0.,0.));
#2160=DIRECTION('center_axis',(0.,1.,-1.05526148875266E-15));
#2161=DIRECTION('ref_axis',(-1.,0.,0.));
#2162=DIRECTION('center_axis',(0.,1.,-1.05526148875266E-15));
#2163=DIRECTION('ref_axis',(-1.,0.,0.));
#2164=DIRECTION('center_axis',(0.,0.,-1.));
#2165=DIRECTION('ref_axis',(1.,0.,0.));
#2166=DIRECTION('',(-0.707106781186663,0.707106781186432,0.));
#2167=DIRECTION('center_axis',(0.,0.,-1.));
#2168=DIRECTION('ref_axis',(1.,0.,0.));
#2169=DIRECTION('',(0.707106781186269,-0.707106781186826,0.));
#2170=DIRECTION('center_axis',(-0.707106781186826,-0.707106781186269,0.));
#2171=DIRECTION('ref_axis',(0.707106781186269,-0.707106781186826,0.));
#2172=DIRECTION('center_axis',(-1.,0.,0.));
#2173=DIRECTION('ref_axis',(0.,0.,1.));
#2174=DIRECTION('',(0.,-1.,1.24172462193064E-14));
#2175=DIRECTION('center_axis',(0.,0.,-1.));
#2176=DIRECTION('ref_axis',(-1.,0.,0.));
#2177=DIRECTION('',(0.707106781186663,-0.707106781186432,0.));
#2178=DIRECTION('center_axis',(0.,0.,-1.));
#2179=DIRECTION('ref_axis',(-1.,0.,0.));
#2180=DIRECTION('',(-0.707106781186267,0.707106781186828,0.));
#2181=DIRECTION('center_axis',(0.707106781186828,0.707106781186267,0.));
#2182=DIRECTION('ref_axis',(-0.707106781186267,0.707106781186828,0.));
#2183=DIRECTION('center_axis',(0.,0.,1.));
#2184=DIRECTION('ref_axis',(1.,0.,0.));
#2185=DIRECTION('',(0.707106781186267,0.707106781186828,0.));
#2186=DIRECTION('center_axis',(0.707106781186828,-0.707106781186267,0.));
#2187=DIRECTION('ref_axis',(0.707106781186267,0.707106781186828,0.));
#2188=DIRECTION('center_axis',(-1.,0.,0.));
#2189=DIRECTION('ref_axis',(0.,-1.,0.));
#2190=DIRECTION('',(0.,0.554700196224954,0.832050294338027));
#2191=DIRECTION('center_axis',(0.,0.832050294338027,-0.554700196224954));
#2192=DIRECTION('ref_axis',(0.,0.554700196224954,0.832050294338027));
#2193=DIRECTION('center_axis',(0.,0.,1.));
#2194=DIRECTION('ref_axis',(0.,-1.,0.));
#2195=DIRECTION('center_axis',(1.,0.,0.));
#2196=DIRECTION('ref_axis',(0.,1.,0.));
#2197=DIRECTION('',(0.,-0.554700196224954,0.832050294338027));
#2198=DIRECTION('center_axis',(0.,0.832050294338027,0.554700196224954));
#2199=DIRECTION('ref_axis',(0.,-0.554700196224954,0.832050294338027));
#2200=DIRECTION('center_axis',(0.,-1.24172462193064E-14,-1.));
#2201=DIRECTION('ref_axis',(0.,1.,-1.24172462193064E-14));
#2202=DIRECTION('center_axis',(0.,-1.,-2.96059473233375E-16));
#2203=DIRECTION('ref_axis',(-1.,0.,0.));
#2204=DIRECTION('',(0.,1.,2.96059473233375E-16));
#2205=DIRECTION('center_axis',(0.,-1.,-2.96059473233375E-16));
#2206=DIRECTION('ref_axis',(-1.,0.,0.));
#2207=DIRECTION('',(0.,1.,2.96059473233375E-16));
#2208=DIRECTION('center_axis',(0.,-1.,-2.96059473233375E-16));
#2209=DIRECTION('ref_axis',(-1.,0.,0.));
#2210=DIRECTION('',(0.,1.,2.96059473233375E-16));
#2211=DIRECTION('center_axis',(0.,-1.,-2.96059473233375E-16));
#2212=DIRECTION('ref_axis',(-1.,0.,0.));
#2213=DIRECTION('',(0.,1.,2.96059473233375E-16));
#2214=DIRECTION('center_axis',(0.,-1.,2.96059473233375E-16));
#2215=DIRECTION('ref_axis',(-1.,0.,0.));
#2216=DIRECTION('',(0.,-1.,2.96059473233375E-16));
#2217=DIRECTION('center_axis',(0.,-1.,2.96059473233375E-16));
#2218=DIRECTION('ref_axis',(-1.,0.,0.));
#2219=DIRECTION('',(0.,-1.,2.96059473233375E-16));
#2220=DIRECTION('center_axis',(0.,-1.,2.96059473233375E-16));
#2221=DIRECTION('ref_axis',(-1.,0.,0.));
#2222=DIRECTION('',(0.,-1.,2.96059473233375E-16));
#2223=DIRECTION('center_axis',(0.,-1.,2.96059473233375E-16));
#2224=DIRECTION('ref_axis',(-1.,0.,0.));
#2225=DIRECTION('',(0.,-1.,2.96059473233375E-16));
#2226=DIRECTION('center_axis',(0.,0.,1.));
#2227=DIRECTION('ref_axis',(0.,-1.,0.));
#2228=CARTESIAN_POINT('',(0.,0.,0.));
#2229=CARTESIAN_POINT('Origin',(8.075,18.1102000000001,-7.49999999999864));
#2230=CARTESIAN_POINT('',(6.575,18.1102000000001,-3.79999999999941));
#2231=CARTESIAN_POINT('Origin',(8.075,18.1102000000001,-3.79999999999941));
#2232=CARTESIAN_POINT('',(6.575,18.1102000000003,7.50000000000059));
#2233=CARTESIAN_POINT('',(6.575,18.1102000000001,-7.49999999999864));
#2234=CARTESIAN_POINT('Origin',(8.075,18.1102000000003,7.4999999999999));
#2235=CARTESIAN_POINT('Origin',(-8.075,18.1102000000001,-7.49999999999864));
#2236=CARTESIAN_POINT('',(-9.575,18.1102000000001,-3.79999999999941));
#2237=CARTESIAN_POINT('Origin',(-8.075,18.1102000000001,-3.79999999999941));
#2238=CARTESIAN_POINT('',(-9.575,18.1102000000003,7.50000000000059));
#2239=CARTESIAN_POINT('',(-9.575,18.1102000000001,-7.49999999999864));
#2240=CARTESIAN_POINT('Origin',(-8.075,18.1102000000003,7.4999999999999));
#2241=CARTESIAN_POINT('Origin',(0.,10.0352000000001,-7.49999999999864));
#2242=CARTESIAN_POINT('',(-1.5,10.0352000000001,-3.79999999999941));
#2243=CARTESIAN_POINT('Origin',(0.,10.0352000000001,-3.79999999999941));
#2244=CARTESIAN_POINT('',(-1.5,10.0352000000003,7.50000000000059));
#2245=CARTESIAN_POINT('',(-1.5,10.0352000000001,-7.49999999999864));
#2246=CARTESIAN_POINT('Origin',(0.,10.0352000000003,7.5));
#2247=CARTESIAN_POINT('Origin',(-9.88902290311487E-16,26.1852000000001,
-7.49999999999864));
#2248=CARTESIAN_POINT('',(-1.5,26.1852000000001,-3.79999999999941));
#2249=CARTESIAN_POINT('Origin',(-9.88902290311487E-16,26.1852000000001,
-3.79999999999941));
#2250=CARTESIAN_POINT('',(-1.5,26.1852000000003,7.50000000000059));
#2251=CARTESIAN_POINT('',(-1.5,26.1852000000001,-7.49999999999864));
#2252=CARTESIAN_POINT('Origin',(-9.88902290311487E-16,26.1852000000003,
7.4999999999998));
#2253=CARTESIAN_POINT('Origin',(0.,18.1102000000001,-7.49999999999941));
#2254=CARTESIAN_POINT('',(-11.075,18.1102000000001,-7.49999999999941));
#2255=CARTESIAN_POINT('Origin',(0.,18.1102000000001,-7.49999999999864));
#2256=CARTESIAN_POINT('',(-11.075,18.1102000000001,-3.79999999999941));
#2257=CARTESIAN_POINT('',(-11.075,18.1102000000001,-7.49999999999941));
#2258=CARTESIAN_POINT('Origin',(0.,18.1102000000001,-3.79999999999941));
#2259=CARTESIAN_POINT('Origin',(0.,18.1102000000001,-3.79999999999941));
#2260=CARTESIAN_POINT('',(5.075,18.1102,-3.79999999999941));
#2261=CARTESIAN_POINT('Origin',(0.,18.1102,-3.79999999999941));
#2262=CARTESIAN_POINT('Origin',(32.1,0.,7.49999999999941));
#2263=CARTESIAN_POINT('',(34.1,2.44929359829471E-16,7.49999999999941));
#2264=CARTESIAN_POINT('Origin',(32.1,0.,7.49999999999933));
#2265=CARTESIAN_POINT('',(34.1,2.44929359829471E-16,-7.50000000000059));
#2266=CARTESIAN_POINT('',(34.1,-2.44929359829471E-16,7.49999999999941));
#2267=CARTESIAN_POINT('Origin',(32.1,0.,-7.49999999999864));
#2268=CARTESIAN_POINT('Origin',(-32.1,0.,7.49999999999941));
#2269=CARTESIAN_POINT('',(-30.1,2.44929359829471E-16,7.49999999999941));
#2270=CARTESIAN_POINT('Origin',(-32.1,0.,7.49999999999933));
#2271=CARTESIAN_POINT('',(-30.1,2.44929359829471E-16,-7.50000000000059));
#2272=CARTESIAN_POINT('',(-30.1,-2.44929359829471E-16,7.49999999999941));
#2273=CARTESIAN_POINT('Origin',(-32.1,0.,-7.49999999999864));
#2274=CARTESIAN_POINT('Origin',(13.05,-31.1479999999999,7.49999999999941));
#2275=CARTESIAN_POINT('',(15.05,-31.1479999999999,7.49999999999941));
#2276=CARTESIAN_POINT('Origin',(13.05,-31.1479999999999,7.49999999999933));
#2277=CARTESIAN_POINT('',(15.05,-31.1479999999999,-7.50000000000059));
#2278=CARTESIAN_POINT('',(15.05,-31.1479999999999,7.49999999999941));
#2279=CARTESIAN_POINT('Origin',(13.05,-31.1479999999999,-7.49999999999864));
#2280=CARTESIAN_POINT('Origin',(13.05,31.1480000000001,7.49999999999941));
#2281=CARTESIAN_POINT('',(15.05,31.1480000000001,7.49999999999941));
#2282=CARTESIAN_POINT('Origin',(13.05,31.1480000000001,7.49999999999933));
#2283=CARTESIAN_POINT('',(15.05,31.1480000000001,-7.50000000000059));
#2284=CARTESIAN_POINT('',(15.05,31.1480000000001,7.49999999999941));
#2285=CARTESIAN_POINT('Origin',(13.05,31.1480000000001,-7.49999999999864));
#2286=CARTESIAN_POINT('Origin',(-13.05,31.1480000000001,7.49999999999941));
#2287=CARTESIAN_POINT('',(-11.05,31.1480000000001,7.49999999999941));
#2288=CARTESIAN_POINT('Origin',(-13.05,31.1480000000001,7.49999999999933));
#2289=CARTESIAN_POINT('',(-11.05,31.1480000000001,-7.50000000000059));
#2290=CARTESIAN_POINT('',(-11.05,31.1480000000001,7.49999999999941));
#2291=CARTESIAN_POINT('Origin',(-13.05,31.1480000000001,-7.49999999999864));
#2292=CARTESIAN_POINT('Origin',(-13.05,-31.1479999999999,7.49999999999941));
#2293=CARTESIAN_POINT('',(-11.05,-31.1479999999999,7.49999999999941));
#2294=CARTESIAN_POINT('Origin',(-13.05,-31.1479999999999,7.49999999999933));
#2295=CARTESIAN_POINT('',(-11.05,-31.1479999999999,-7.50000000000059));
#2296=CARTESIAN_POINT('',(-11.05,-31.1479999999999,7.49999999999941));
#2297=CARTESIAN_POINT('Origin',(-13.05,-31.1479999999999,-7.49999999999864));
#2298=CARTESIAN_POINT('Origin',(0.,18.1102,7.49999999999941));
#2299=CARTESIAN_POINT('',(5.075,18.1102,7.49999999999941));
#2300=CARTESIAN_POINT('Origin',(0.,18.1102,7.49999999999933));
#2301=CARTESIAN_POINT('',(5.075,18.1102,7.49999999999941));
#2302=CARTESIAN_POINT('Origin',(16.5,-3.15402476367966,-6.5));
#2303=CARTESIAN_POINT('',(13.5,42.4999999999999,-6.5));
#2304=CARTESIAN_POINT('',(13.5,74.5,-6.5));
#2305=CARTESIAN_POINT('',(13.5,-3.15402476367966,-6.5));
#2306=CARTESIAN_POINT('',(16.5,71.4999999999905,-3.5));
#2307=CARTESIAN_POINT('Origin',(16.5,71.4999999999976,-6.5));
#2308=CARTESIAN_POINT('',(16.5,45.4999999999999,-3.5));
#2309=CARTESIAN_POINT('',(16.5,-3.15402476367966,-3.5));
#2310=CARTESIAN_POINT('Origin',(16.5,45.4999999999999,-6.5));
#2311=CARTESIAN_POINT('Origin',(4.50487409616627,45.4999999999999,-6.5));
#2312=CARTESIAN_POINT('',(42.4999999999991,45.4999999999999,-3.5));
#2313=CARTESIAN_POINT('',(4.50487409616627,45.4999999999999,-3.5));
#2314=CARTESIAN_POINT('',(45.4999999999748,42.4999999999999,-6.49999999999996));
#2315=CARTESIAN_POINT('Origin',(42.4999999999772,45.4999999999999,-6.5));
#2316=CARTESIAN_POINT('',(4.50487409616627,42.4999999999999,-6.49999999999996));
#2317=CARTESIAN_POINT('Origin',(13.5,-5.32907051820075E-14,17.7499999999994));
#2318=CARTESIAN_POINT('',(13.5,74.5,6.5));
#2319=CARTESIAN_POINT('',(13.5,74.5,7.1249999999997));
#2320=CARTESIAN_POINT('',(13.5,42.4999999999999,-7.49999999999994));
#2321=CARTESIAN_POINT('',(13.5,42.5000000000001,5.12499999999943));
#2322=CARTESIAN_POINT('',(13.5,78.7699999999999,-7.5000000000006));
#2323=CARTESIAN_POINT('',(13.5,78.7699999999999,-7.5000000000006));
#2324=CARTESIAN_POINT('',(13.5,78.77,42.9999999999993));
#2325=CARTESIAN_POINT('',(13.5,78.77,42.9999999999993));
#2326=CARTESIAN_POINT('',(13.5,63.77,42.9999999999993));
#2327=CARTESIAN_POINT('',(13.5,63.77,42.9999999999993));
#2328=CARTESIAN_POINT('',(13.5,63.7700000000001,7.49999999999933));
#2329=CARTESIAN_POINT('',(13.5,63.7700000000001,7.49999999999933));
#2330=CARTESIAN_POINT('',(13.5,42.5000000000001,7.49999999999941));
#2331=CARTESIAN_POINT('',(13.5,-63.7699999999998,7.49999999999941));
#2332=CARTESIAN_POINT('',(13.5,42.5000000000001,6.50000000000004));
#2333=CARTESIAN_POINT('',(13.5,42.5000000000001,5.12499999999943));
#2334=CARTESIAN_POINT('',(13.5,-3.15402476367966,6.5));
#2335=CARTESIAN_POINT('Origin',(13.5,42.4999999999999,-7.49999999999994));
#2336=CARTESIAN_POINT('',(45.4999999999747,42.5000000000001,6.50000000000004));
#2337=CARTESIAN_POINT('',(45.4999999999748,42.4999999999999,-5.49999999999911));
#2338=CARTESIAN_POINT('',(4.50487409616627,42.5000000000001,6.50000000000004));
#2339=CARTESIAN_POINT('',(51.,42.5000000000001,7.49999999999941));
#2340=CARTESIAN_POINT('',(13.5,42.5000000000001,7.49999999999941));
#2341=CARTESIAN_POINT('',(51.,42.4999999999999,-7.49999999999994));
#2342=CARTESIAN_POINT('',(51.,42.5000000000001,7.49999999999941));
#2343=CARTESIAN_POINT('',(13.5,42.4999999999999,-7.49999999999994));
#2344=CARTESIAN_POINT('Origin',(-16.5,-3.15402476367966,-6.5));
#2345=CARTESIAN_POINT('',(-16.5,45.4999999999999,-3.5));
#2346=CARTESIAN_POINT('',(-16.5,71.4999999999905,-3.5));
#2347=CARTESIAN_POINT('',(-16.5,-3.15402476367966,-3.5));
#2348=CARTESIAN_POINT('',(-13.5,74.5,-6.5));
#2349=CARTESIAN_POINT('Origin',(-16.5,71.4999999999976,-6.5));
#2350=CARTESIAN_POINT('',(-13.5,42.4999999999999,-6.49999999999996));
#2351=CARTESIAN_POINT('',(-13.5,-3.15402476367966,-6.5));
#2352=CARTESIAN_POINT('Origin',(-16.5,45.4999999999999,-6.5));
#2353=CARTESIAN_POINT('Origin',(-4.50487409616627,45.4999999999999,-6.5));
#2354=CARTESIAN_POINT('',(-45.4999999999748,42.4999999999999,-6.49999999999996));
#2355=CARTESIAN_POINT('',(-4.50487409616627,42.4999999999999,-6.49999999999996));
#2356=CARTESIAN_POINT('',(-42.4999999999991,45.4999999999999,-3.5));
#2357=CARTESIAN_POINT('Origin',(-42.4999999999772,45.4999999999999,-6.5));
#2358=CARTESIAN_POINT('',(-4.50487409616627,45.4999999999999,-3.5));
#2359=CARTESIAN_POINT('Origin',(4.49025180766746,-6.30804952735927,-3.5));
#2360=CARTESIAN_POINT('',(-56.0999999999984,31.9000000000051,-3.5));
#2361=CARTESIAN_POINT('Origin',(-16.5,-3.15402476367966,6.5));
#2362=CARTESIAN_POINT('',(-13.5,42.5000000000001,6.5));
#2363=CARTESIAN_POINT('',(-13.5,74.5,6.5));
#2364=CARTESIAN_POINT('',(-13.5,-3.15402476367966,6.5));
#2365=CARTESIAN_POINT('',(-16.5,71.4999999999976,3.5));
#2366=CARTESIAN_POINT('Origin',(-16.5,71.4999999999976,6.5));
#2367=CARTESIAN_POINT('',(-16.5,45.5000000000001,3.5));
#2368=CARTESIAN_POINT('',(-16.5,-3.15402476367966,3.5));
#2369=CARTESIAN_POINT('Origin',(-16.5,45.5000000000001,6.5));
#2370=CARTESIAN_POINT('Origin',(-4.50487409616627,45.5000000000001,6.5));
#2371=CARTESIAN_POINT('',(-42.499999999977,45.5000000000001,3.5));
#2372=CARTESIAN_POINT('',(-4.50487409616627,45.5000000000001,3.5));
#2373=CARTESIAN_POINT('',(-45.4999999999747,42.5000000000001,6.50000000000004));
#2374=CARTESIAN_POINT('Origin',(-42.499999999977,45.5000000000001,6.5));
#2375=CARTESIAN_POINT('',(-4.50487409616627,42.5000000000001,6.50000000000004));
#2376=CARTESIAN_POINT('Origin',(-13.5,-5.32907051820075E-14,17.7499999999994));
#2377=CARTESIAN_POINT('',(-13.5,74.5,7.1249999999997));
#2378=CARTESIAN_POINT('',(-13.5,42.5000000000001,7.49999999999941));
#2379=CARTESIAN_POINT('',(-13.5,42.5000000000002,12.6249999999991));
#2380=CARTESIAN_POINT('',(-13.5,63.7700000000001,7.49999999999933));
#2381=CARTESIAN_POINT('',(-13.5,-63.7699999999998,7.49999999999941));
#2382=CARTESIAN_POINT('',(-13.5,63.77,42.9999999999993));
#2383=CARTESIAN_POINT('',(-13.5,63.7700000000001,7.49999999999933));
#2384=CARTESIAN_POINT('',(-13.5,78.77,42.9999999999993));
#2385=CARTESIAN_POINT('',(-13.5,63.77,42.9999999999993));
#2386=CARTESIAN_POINT('',(-13.5,78.7699999999999,-7.5000000000006));
#2387=CARTESIAN_POINT('',(-13.5,78.77,42.9999999999993));
#2388=CARTESIAN_POINT('',(-13.5,42.4999999999999,-7.49999999999994));
#2389=CARTESIAN_POINT('',(-13.5,78.7699999999999,-7.5000000000006));
#2390=CARTESIAN_POINT('',(-13.5,42.5000000000002,12.6249999999991));
#2391=CARTESIAN_POINT('Origin',(-13.5,42.5000000000001,7.49999999999941));
#2392=CARTESIAN_POINT('',(-51.,42.4999999999999,-7.49999999999994));
#2393=CARTESIAN_POINT('',(-13.5,42.4999999999999,-7.49999999999994));
#2394=CARTESIAN_POINT('',(-51.,42.5000000000001,7.49999999999941));
#2395=CARTESIAN_POINT('',(-51.,42.5000000000001,7.49999999999941));
#2396=CARTESIAN_POINT('',(-13.5,42.5000000000001,7.49999999999941));
#2397=CARTESIAN_POINT('',(-45.4999999999747,42.5,2.00000000000045));
#2398=CARTESIAN_POINT('Origin',(-6.5,60.77,27.729423418606));
#2399=CARTESIAN_POINT('',(-3.5,60.7700000000001,10.4999999999993));
#2400=CARTESIAN_POINT('',(-3.5,60.77,33.0000000000024));
#2401=CARTESIAN_POINT('',(-3.5,60.77,27.729423418606));
#2402=CARTESIAN_POINT('',(-6.5,63.77,37.5000000000211));
#2403=CARTESIAN_POINT('Origin',(-6.5,60.77,33.0000000000179));
#2404=CARTESIAN_POINT('',(-6.5,63.7700000000001,7.49999999999933));
#2405=CARTESIAN_POINT('',(-6.5,63.77,27.729423418606));
#2406=CARTESIAN_POINT('Origin',(-6.5,60.7700000000001,10.4999999999993));
#2407=CARTESIAN_POINT('Origin',(-6.5,64.7959844436666,10.4999999999993));
#2408=CARTESIAN_POINT('',(-6.5,43.7699999999998,7.49999999999935));
#2409=CARTESIAN_POINT('',(-6.5,64.7959844436666,7.49999999999933));
#2410=CARTESIAN_POINT('',(-3.5,45.7699999999887,10.4999999999993));
#2411=CARTESIAN_POINT('Origin',(-6.5,45.7699999999984,10.4999999999993));
#2412=CARTESIAN_POINT('',(-3.5,64.7959844436666,10.4999999999993));
#2413=CARTESIAN_POINT('Origin',(-3.5,65.8219688873331,12.4588468372127));
#2414=CARTESIAN_POINT('',(-3.5,69.1200000000026,45.5249999999986));
#2415=CARTESIAN_POINT('Origin',(4.50487409616627,45.5000000000001,6.5));
#2416=CARTESIAN_POINT('',(42.499999999977,45.5000000000001,3.5));
#2417=CARTESIAN_POINT('Origin',(42.499999999977,45.5000000000001,6.5));
#2418=CARTESIAN_POINT('',(16.5,45.5000000000001,3.5));
#2419=CARTESIAN_POINT('',(4.50487409616627,45.5000000000001,3.5));
#2420=CARTESIAN_POINT('Origin',(16.5,45.5000000000001,6.5));
#2421=CARTESIAN_POINT('Origin',(16.5,-3.15402476367966,6.5));
#2422=CARTESIAN_POINT('',(16.5,71.4999999999976,3.5));
#2423=CARTESIAN_POINT('',(16.5,-3.15402476367966,3.5));
#2424=CARTESIAN_POINT('Origin',(16.5,71.4999999999976,6.5));
#2425=CARTESIAN_POINT('Origin',(6.5,60.77,27.729423418606));
#2426=CARTESIAN_POINT('',(6.5,63.7700000000001,7.49999999999933));
#2427=CARTESIAN_POINT('',(6.5,63.77,37.5000000000211));
#2428=CARTESIAN_POINT('',(6.5,63.77,27.729423418606));
#2429=CARTESIAN_POINT('',(3.5,60.77,33.0000000000179));
#2430=CARTESIAN_POINT('Origin',(6.5,60.77,33.0000000000179));
#2431=CARTESIAN_POINT('',(3.5,60.7700000000001,10.4999999999993));
#2432=CARTESIAN_POINT('',(3.5,60.77,27.729423418606));
#2433=CARTESIAN_POINT('Origin',(6.5,60.7700000000001,10.4999999999993));
#2434=CARTESIAN_POINT('Origin',(6.5,64.7959844436666,10.4999999999993));
#2435=CARTESIAN_POINT('',(3.5,45.7699999999984,10.4999999999993));
#2436=CARTESIAN_POINT('',(3.5,64.7959844436666,10.4999999999993));
#2437=CARTESIAN_POINT('',(6.5,43.7699999999998,7.49999999999935));
#2438=CARTESIAN_POINT('Origin',(6.5,45.7699999999984,10.4999999999993));
#2439=CARTESIAN_POINT('',(6.5,64.7959844436666,7.49999999999933));
#2440=CARTESIAN_POINT('Origin',(0.,63.77,42.9999999999993));
#2441=CARTESIAN_POINT('',(-1.75,63.77,37.5000000000211));
#2442=CARTESIAN_POINT('',(0.,63.7700000000001,7.49999999999933));
#2443=CARTESIAN_POINT('',(0.,63.77,42.9999999999993));
#2444=CARTESIAN_POINT('',(0.,63.7700000000001,7.49999999999933));
#2445=CARTESIAN_POINT('',(-8.05,63.7699999999998,36.7989999999995));
#2446=CARTESIAN_POINT('Origin',(-10.,63.77,36.7989999999995));
#2447=CARTESIAN_POINT('',(11.95,63.7699999999999,16.7989999999995));
#2448=CARTESIAN_POINT('Origin',(10.,63.77,16.7989999999995));
#2449=CARTESIAN_POINT('',(11.95,63.7699999999998,36.7989999999995));
#2450=CARTESIAN_POINT('Origin',(10.,63.77,36.7989999999995));
#2451=CARTESIAN_POINT('',(-8.05,63.7699999999999,16.7989999999995));
#2452=CARTESIAN_POINT('Origin',(-10.,63.77,16.7989999999995));
#2453=CARTESIAN_POINT('Origin',(0.,63.7700000000001,7.49999999999933));
#2454=CARTESIAN_POINT('',(-51.,-42.4999999999999,7.49999999999941));
#2455=CARTESIAN_POINT('',(-51.,-63.7699999999998,7.49999999999941));
#2456=CARTESIAN_POINT('',(-13.5,-42.4999999999999,7.49999999999941));
#2457=CARTESIAN_POINT('',(-13.5,-42.4999999999999,7.49999999999941));
#2458=CARTESIAN_POINT('',(-13.5,-63.7699999999998,7.49999999999941));
#2459=CARTESIAN_POINT('',(-13.5,-63.7699999999998,7.49999999999941));
#2460=CARTESIAN_POINT('',(-6.5,-63.7699999999998,7.49999999999941));
#2461=CARTESIAN_POINT('',(0.,-63.7699999999998,7.49999999999941));
#2462=CARTESIAN_POINT('',(-6.5,-43.7699999999999,7.4999999999994));
#2463=CARTESIAN_POINT('',(-6.5,-1.02598444366654,7.49999999999937));
#2464=CARTESIAN_POINT('',(6.5,-43.7699999999999,7.4999999999994));
#2465=CARTESIAN_POINT('',(-1.75,-43.7699999999999,7.4999999999994));
#2466=CARTESIAN_POINT('',(6.5,-63.7699999999998,7.49999999999941));
#2467=CARTESIAN_POINT('',(6.5,-1.02598444366654,7.49999999999937));
#2468=CARTESIAN_POINT('',(13.5,-63.7699999999998,7.49999999999941));
#2469=CARTESIAN_POINT('',(0.,-63.7699999999998,7.49999999999941));
#2470=CARTESIAN_POINT('',(13.5,-42.4999999999999,7.49999999999941));
#2471=CARTESIAN_POINT('',(13.5,-63.7699999999998,7.49999999999941));
#2472=CARTESIAN_POINT('',(51.,-42.4999999999999,7.49999999999941));
#2473=CARTESIAN_POINT('',(13.5,-42.4999999999999,7.49999999999941));
#2474=CARTESIAN_POINT('',(51.,63.7700000000001,7.49999999999933));
#2475=CARTESIAN_POINT('',(-1.75,43.7699999999998,7.49999999999935));
#2476=CARTESIAN_POINT('Origin',(16.5,3.15402476367956,-6.5));
#2477=CARTESIAN_POINT('',(16.5,-45.5000000000001,-3.5));
#2478=CARTESIAN_POINT('',(16.5,-71.4999999999905,-3.5));
#2479=CARTESIAN_POINT('',(16.5,3.15402476367956,-3.5));
#2480=CARTESIAN_POINT('',(13.5,-74.5,-6.5));
#2481=CARTESIAN_POINT('Origin',(16.5,-71.4999999999976,-6.5));
#2482=CARTESIAN_POINT('',(13.5,-42.5000000000001,-6.50000000000004));
#2483=CARTESIAN_POINT('',(13.5,3.15402476367956,-6.5));
#2484=CARTESIAN_POINT('Origin',(16.5,-45.5000000000001,-6.5));
#2485=CARTESIAN_POINT('Origin',(4.50487409616627,-45.5000000000001,-6.5));
#2486=CARTESIAN_POINT('',(45.4999999999745,-42.5000000000001,-6.50000000000004));
#2487=CARTESIAN_POINT('',(4.50487409616627,-42.5000000000001,-6.50000000000004));
#2488=CARTESIAN_POINT('',(42.4999999999989,-45.5000000000001,-3.5));
#2489=CARTESIAN_POINT('Origin',(42.4999999999769,-45.5000000000001,-6.5));
#2490=CARTESIAN_POINT('',(4.50487409616627,-45.5000000000001,-3.5));
#2491=CARTESIAN_POINT('Origin',(-4.49025180766747,6.30804952735918,-3.5));
#2492=CARTESIAN_POINT('',(56.0999999999984,-31.9000000000051,-3.5));
#2493=CARTESIAN_POINT('Origin',(-16.5,3.15402476367956,-6.5));
#2494=CARTESIAN_POINT('',(-13.5,-42.5000000000001,-6.5));
#2495=CARTESIAN_POINT('',(-13.5,-74.5,-6.5));
#2496=CARTESIAN_POINT('',(-13.5,3.15402476367956,-6.5));
#2497=CARTESIAN_POINT('',(-16.5,-71.4999999999905,-3.5));
#2498=CARTESIAN_POINT('Origin',(-16.5,-71.4999999999976,-6.5));
#2499=CARTESIAN_POINT('',(-16.5,-45.5000000000001,-3.5));
#2500=CARTESIAN_POINT('',(-16.5,3.15402476367956,-3.5));
#2501=CARTESIAN_POINT('Origin',(-16.5,-45.5000000000001,-6.5));
#2502=CARTESIAN_POINT('Origin',(-4.50487409616627,-45.5000000000001,-6.5));
#2503=CARTESIAN_POINT('',(-42.4999999999989,-45.5000000000001,-3.5));
#2504=CARTESIAN_POINT('',(-4.50487409616627,-45.5000000000001,-3.5));
#2505=CARTESIAN_POINT('',(-45.4999999999745,-42.5000000000001,-6.50000000000004));
#2506=CARTESIAN_POINT('Origin',(-42.4999999999769,-45.5000000000001,-6.5));
#2507=CARTESIAN_POINT('',(-4.50487409616627,-42.5000000000001,-6.50000000000004));
#2508=CARTESIAN_POINT('Origin',(-13.5,-5.32907051820075E-14,17.7499999999994));
#2509=CARTESIAN_POINT('',(-13.5,-74.5,6.5));
#2510=CARTESIAN_POINT('',(-13.5,-74.5,7.1249999999997));
#2511=CARTESIAN_POINT('',(-13.5,-42.5000000000001,-7.49999999999889));
#2512=CARTESIAN_POINT('',(-13.5,-42.4999999999999,5.12500000000054));
#2513=CARTESIAN_POINT('',(-13.5,-78.7700000000001,-7.49999999999864));
#2514=CARTESIAN_POINT('',(-13.5,78.7699999999999,-7.5000000000006));
#2515=CARTESIAN_POINT('',(-13.5,-78.77,42.9999999999994));
#2516=CARTESIAN_POINT('',(-13.5,-78.7700000000001,-7.49999999999864));
#2517=CARTESIAN_POINT('',(-13.5,-63.7699999999999,42.9999999999994));
#2518=CARTESIAN_POINT('',(-13.5,-78.77,42.9999999999994));
#2519=CARTESIAN_POINT('',(-13.5,-63.7699999999999,42.9999999999994));
#2520=CARTESIAN_POINT('',(-13.5,-42.4999999999999,6.49999999999996));
#2521=CARTESIAN_POINT('',(-13.5,-42.4999999999999,5.12500000000054));
#2522=CARTESIAN_POINT('',(-13.5,3.15402476367956,6.5));
#2523=CARTESIAN_POINT('Origin',(-13.5,-42.5000000000001,-7.49999999999889));
#2524=CARTESIAN_POINT('',(-45.4999999999747,-42.4999999999999,6.49999999999996));
#2525=CARTESIAN_POINT('',(-45.4999999999745,-42.5000000000001,-5.50000000000023));
#2526=CARTESIAN_POINT('',(-4.50487409616627,-42.4999999999999,6.49999999999996));
#2527=CARTESIAN_POINT('',(-51.,-42.5000000000001,-7.49999999999889));
#2528=CARTESIAN_POINT('',(-51.,-42.4999999999999,7.49999999999941));
#2529=CARTESIAN_POINT('',(-13.5,-42.5000000000001,-7.49999999999889));
#2530=CARTESIAN_POINT('Origin',(16.5,3.15402476367956,6.5));
#2531=CARTESIAN_POINT('',(13.5,-42.4999999999999,6.5));
#2532=CARTESIAN_POINT('',(13.5,-74.5,6.5));
#2533=CARTESIAN_POINT('',(13.5,3.15402476367956,6.5));
#2534=CARTESIAN_POINT('',(16.5,-71.4999999999976,3.5));
#2535=CARTESIAN_POINT('Origin',(16.5,-71.4999999999976,6.5));
#2536=CARTESIAN_POINT('',(16.5,-45.4999999999999,3.5));
#2537=CARTESIAN_POINT('',(16.5,3.15402476367956,3.5));
#2538=CARTESIAN_POINT('Origin',(16.5,-45.4999999999999,6.5));
#2539=CARTESIAN_POINT('Origin',(4.50487409616627,-45.4999999999999,6.5));
#2540=CARTESIAN_POINT('',(42.4999999999771,-45.4999999999999,3.5));
#2541=CARTESIAN_POINT('',(4.50487409616627,-45.4999999999999,3.5));
#2542=CARTESIAN_POINT('',(45.4999999999747,-42.4999999999999,6.49999999999997));
#2543=CARTESIAN_POINT('Origin',(42.4999999999771,-45.4999999999999,6.5));
#2544=CARTESIAN_POINT('',(4.50487409616627,-42.4999999999999,6.49999999999997));
#2545=CARTESIAN_POINT('Origin',(13.5,-5.32907051820075E-14,17.7499999999994));
#2546=CARTESIAN_POINT('',(13.5,-74.5,7.1249999999997));
#2547=CARTESIAN_POINT('',(13.5,-42.4999999999999,12.6249999999997));
#2548=CARTESIAN_POINT('',(13.5,-63.7699999999999,42.9999999999994));
#2549=CARTESIAN_POINT('',(13.5,-63.7699999999999,42.9999999999994));
#2550=CARTESIAN_POINT('',(13.5,-78.77,42.9999999999994));
#2551=CARTESIAN_POINT('',(13.5,-78.77,42.9999999999994));
#2552=CARTESIAN_POINT('',(13.5,-78.7700000000001,-7.49999999999864));
#2553=CARTESIAN_POINT('',(13.5,-78.7700000000001,-7.49999999999864));
#2554=CARTESIAN_POINT('',(13.5,-42.5000000000001,-7.49999999999888));
#2555=CARTESIAN_POINT('',(13.5,78.7699999999999,-7.5000000000006));
#2556=CARTESIAN_POINT('',(13.5,-42.4999999999999,12.6249999999997));
#2557=CARTESIAN_POINT('Origin',(13.5,-42.4999999999999,7.49999999999941));
#2558=CARTESIAN_POINT('',(51.,-42.5000000000001,-7.49999999999888));
#2559=CARTESIAN_POINT('',(13.5,-42.5000000000001,-7.49999999999888));
#2560=CARTESIAN_POINT('',(51.,-42.4999999999999,7.49999999999941));
#2561=CARTESIAN_POINT('',(45.4999999999746,-42.5,1.99999999999899));
#2562=CARTESIAN_POINT('Origin',(-4.50487409616627,-45.4999999999999,6.5));
#2563=CARTESIAN_POINT('',(-42.4999999999771,-45.4999999999999,3.5));
#2564=CARTESIAN_POINT('Origin',(-42.4999999999771,-45.4999999999999,6.5));
#2565=CARTESIAN_POINT('',(-16.5,-45.4999999999999,3.5));
#2566=CARTESIAN_POINT('',(-4.50487409616627,-45.4999999999999,3.5));
#2567=CARTESIAN_POINT('Origin',(-16.5,-45.4999999999999,6.5));
#2568=CARTESIAN_POINT('Origin',(-16.5,3.15402476367956,6.5));
#2569=CARTESIAN_POINT('',(-16.5,-71.4999999999976,3.5));
#2570=CARTESIAN_POINT('',(-16.5,3.15402476367956,3.5));
#2571=CARTESIAN_POINT('Origin',(-16.5,-71.4999999999976,6.5));
#2572=CARTESIAN_POINT('Origin',(-6.5,-1.02598444366654,10.4999999999994));
#2573=CARTESIAN_POINT('',(-3.5,-60.7699999999998,10.4999999999994));
#2574=CARTESIAN_POINT('',(-3.5,-45.7699999999888,10.4999999999994));
#2575=CARTESIAN_POINT('',(-3.5,-1.02598444366654,10.4999999999994));
#2576=CARTESIAN_POINT('Origin',(-6.5,-45.7699999999984,10.4999999999994));
#2577=CARTESIAN_POINT('Origin',(-6.5,-60.7699999999998,10.4999999999994));
#2578=CARTESIAN_POINT('Origin',(-6.5,-60.7699999999998,9.97942341860608));
#2579=CARTESIAN_POINT('',(-6.5,-63.7699999999999,37.5000000000209));
#2580=CARTESIAN_POINT('',(-6.5,-63.7699999999998,9.97942341860607));
#2581=CARTESIAN_POINT('',(-3.5,-60.7699999999999,33.0000000000022));
#2582=CARTESIAN_POINT('Origin',(-6.5,-60.7699999999999,33.0000000000177));
#2583=CARTESIAN_POINT('',(-3.5,-60.7699999999998,9.97942341860608));
#2584=CARTESIAN_POINT('Origin',(-3.5,-65.8219688873331,12.4588468372127));
#2585=CARTESIAN_POINT('',(-3.5,-69.1200000000026,45.5249999999986));
#2586=CARTESIAN_POINT('Origin',(6.5,-1.02598444366654,10.4999999999994));
#2587=CARTESIAN_POINT('',(3.5,-45.7699999999984,10.4999999999994));
#2588=CARTESIAN_POINT('Origin',(6.5,-45.7699999999984,10.4999999999994));
#2589=CARTESIAN_POINT('',(3.5,-60.7699999999998,10.4999999999994));
#2590=CARTESIAN_POINT('',(3.5,-1.02598444366654,10.4999999999994));
#2591=CARTESIAN_POINT('Origin',(6.5,-60.7699999999998,10.4999999999994));
#2592=CARTESIAN_POINT('Origin',(6.5,-60.7699999999998,9.97942341860608));
#2593=CARTESIAN_POINT('',(3.5,-60.7699999999999,33.0000000000177));
#2594=CARTESIAN_POINT('',(3.5,-60.7699999999998,9.97942341860608));
#2595=CARTESIAN_POINT('',(6.5,-63.7699999999999,37.5000000000209));
#2596=CARTESIAN_POINT('Origin',(6.5,-60.7699999999999,33.0000000000177));
#2597=CARTESIAN_POINT('',(6.5,-63.7699999999998,9.97942341860608));
#2598=CARTESIAN_POINT('Origin',(0.,-63.7699999999998,7.49999999999941));
#2599=CARTESIAN_POINT('',(0.,-63.7699999999999,42.9999999999994));
#2600=CARTESIAN_POINT('',(-1.75,-63.7699999999999,37.5000000000209));
#2601=CARTESIAN_POINT('',(-8.05,-63.7699999999998,36.7989999999995));
#2602=CARTESIAN_POINT('Origin',(-10.,-63.7699999999998,36.7989999999995));
#2603=CARTESIAN_POINT('',(11.95,-63.7699999999998,36.7989999999995));
#2604=CARTESIAN_POINT('Origin',(10.,-63.7699999999998,36.7989999999995));
#2605=CARTESIAN_POINT('',(-8.05,-63.7699999999999,16.7989999999995));
#2606=CARTESIAN_POINT('Origin',(-10.,-63.7699999999998,16.7989999999995));
#2607=CARTESIAN_POINT('',(11.95,-63.7699999999999,16.7989999999995));
#2608=CARTESIAN_POINT('Origin',(10.,-63.7699999999998,16.7989999999995));
#2609=CARTESIAN_POINT('Origin',(4.49025180766746,-6.30804952735927,3.5));
#2610=CARTESIAN_POINT('',(-1.3530000000128,86.6469999999968,3.5));
#2611=CARTESIAN_POINT('Origin',(-1.3530000000128,86.6469999999968,-3.5));
#2612=CARTESIAN_POINT('Origin',(0.,78.7699999999999,-7.5000000000006));
#2613=CARTESIAN_POINT('',(0.,78.7699999999999,-7.5000000000006));
#2614=CARTESIAN_POINT('',(0.,78.77,42.9999999999993));
#2615=CARTESIAN_POINT('',(11.95,78.7699999999999,16.7989999999995));
#2616=CARTESIAN_POINT('Origin',(10.,78.7699999999999,16.7989999999995));
#2617=CARTESIAN_POINT('',(11.95,78.7699999999998,36.7989999999995));
#2618=CARTESIAN_POINT('Origin',(10.,78.7699999999999,36.7989999999995));
#2619=CARTESIAN_POINT('',(-8.05,78.7699999999998,36.7989999999995));
#2620=CARTESIAN_POINT('Origin',(-10.,78.7699999999999,36.7989999999995));
#2621=CARTESIAN_POINT('',(-8.05,78.7699999999999,16.7989999999995));
#2622=CARTESIAN_POINT('Origin',(-10.,78.7699999999999,16.7989999999995));
#2623=CARTESIAN_POINT('Origin',(51.,8.88178419700125E-15,-3.65263375101677E-13));
#2624=CARTESIAN_POINT('',(51.,-78.7700000000001,-7.49999999999864));
#2625=CARTESIAN_POINT('Origin',(0.,-78.77,42.9999999999994));
#2626=CARTESIAN_POINT('',(0.,-78.77,42.9999999999994));
#2627=CARTESIAN_POINT('',(0.,-78.7700000000001,-7.49999999999864));
#2628=CARTESIAN_POINT('',(11.95,-78.7699999999999,16.7989999999995));
#2629=CARTESIAN_POINT('Origin',(10.,-78.7700000000001,16.7989999999995));
#2630=CARTESIAN_POINT('',(11.95,-78.7699999999998,36.7989999999995));
#2631=CARTESIAN_POINT('Origin',(10.,-78.77,36.7989999999995));
#2632=CARTESIAN_POINT('',(-8.05,-78.7699999999998,36.7989999999995));
#2633=CARTESIAN_POINT('Origin',(-10.,-78.77,36.7989999999995));
#2634=CARTESIAN_POINT('',(-8.05,-78.7699999999999,16.7989999999995));
#2635=CARTESIAN_POINT('Origin',(-10.,-78.7700000000001,16.7989999999995));
#2636=CARTESIAN_POINT('Origin',(-4.49025180766746,-6.30804952735927,-3.5));
#2637=CARTESIAN_POINT('',(56.0999999999984,31.9000000000051,-3.5));
#2638=CARTESIAN_POINT('Origin',(-4.49025180766746,-6.30804952735927,3.5));
#2639=CARTESIAN_POINT('',(1.3530000000128,86.6469999999968,3.5));
#2640=CARTESIAN_POINT('Origin',(1.3530000000128,86.6469999999968,-3.5));
#2641=CARTESIAN_POINT('Origin',(-51.,0.,-3.65263375101677E-13));
#2642=CARTESIAN_POINT('',(-51.,78.7699999999999,-7.5000000000006));
#2643=CARTESIAN_POINT('Origin',(4.49025180766747,6.30804952735918,-3.5));
#2644=CARTESIAN_POINT('',(-56.0999999999984,-31.9000000000051,-3.5));
#2645=CARTESIAN_POINT('Origin',(4.49025180766747,6.30804952735918,3.5));
#2646=CARTESIAN_POINT('',(-1.3530000000128,-86.6469999999968,3.5));
#2647=CARTESIAN_POINT('Origin',(-1.3530000000128,-86.6469999999968,-3.5));
#2648=CARTESIAN_POINT('Origin',(-4.49025180766747,6.30804952735918,3.5));
#2649=CARTESIAN_POINT('',(1.3530000000128,-86.6469999999968,3.5));
#2650=CARTESIAN_POINT('Origin',(1.3530000000128,-86.6469999999968,-3.5));
#2651=CARTESIAN_POINT('Origin',(3.5,65.8219688873331,12.4588468372127));
#2652=CARTESIAN_POINT('',(3.5,32.0866666666734,-10.0250000000028));
#2653=CARTESIAN_POINT('Origin',(-3.5,32.0866666666734,-10.0250000000028));
#2654=CARTESIAN_POINT('Origin',(0.,78.77,42.9999999999993));
#2655=CARTESIAN_POINT('Origin',(3.5,-65.8219688873331,12.4588468372127));
#2656=CARTESIAN_POINT('',(3.5,-32.0866666666734,-10.0250000000028));
#2657=CARTESIAN_POINT('Origin',(-3.5,-32.0866666666734,-10.0250000000028));
#2658=CARTESIAN_POINT('Origin',(0.,-78.7700000000001,-7.49999999999864));
#2659=CARTESIAN_POINT('Origin',(-10.,63.7699999999998,36.7989999999995));
#2660=CARTESIAN_POINT('',(-8.05,63.7699999999998,36.7989999999995));
#2661=CARTESIAN_POINT('Origin',(10.,63.7699999999999,16.7989999999995));
#2662=CARTESIAN_POINT('',(11.95,63.7699999999999,16.7989999999995));
#2663=CARTESIAN_POINT('Origin',(10.,63.7699999999998,36.7989999999995));
#2664=CARTESIAN_POINT('',(11.95,63.7699999999998,36.7989999999995));
#2665=CARTESIAN_POINT('Origin',(-10.,63.7699999999999,16.7989999999995));
#2666=CARTESIAN_POINT('',(-8.05,63.7699999999999,16.7989999999995));
#2667=CARTESIAN_POINT('Origin',(10.,-63.7699999999999,16.7989999999995));
#2668=CARTESIAN_POINT('',(11.95,-63.7699999999999,16.7989999999995));
#2669=CARTESIAN_POINT('Origin',(-10.,-63.7699999999999,16.7989999999995));
#2670=CARTESIAN_POINT('',(-8.05,-63.7699999999999,16.7989999999995));
#2671=CARTESIAN_POINT('Origin',(10.,-63.7699999999998,36.7989999999995));
#2672=CARTESIAN_POINT('',(11.95,-63.7699999999998,36.7989999999995));
#2673=CARTESIAN_POINT('Origin',(-10.,-63.7699999999998,36.7989999999995));
#2674=CARTESIAN_POINT('',(-8.05,-63.7699999999998,36.7989999999995));
#2675=CARTESIAN_POINT('Origin',(0.,-63.7699999999999,42.9999999999994));
#2676=UNCERTAINTY_MEASURE_WITH_UNIT(LENGTH_MEASURE(0.01),#2680,
'DISTANCE_ACCURACY_VALUE',
'Maximum model space distance between geometric entities at asserted c
onnectivities');
#2677=UNCERTAINTY_MEASURE_WITH_UNIT(LENGTH_MEASURE(0.01),#2680,
'DISTANCE_ACCURACY_VALUE',
'Maximum model space distance between geometric entities at asserted c
onnectivities');
#2678=(
GEOMETRIC_REPRESENTATION_CONTEXT(3)
GLOBAL_UNCERTAINTY_ASSIGNED_CONTEXT((#2676))
GLOBAL_UNIT_ASSIGNED_CONTEXT((#2680,#2682,#2683))
REPRESENTATION_CONTEXT('','3D')
);
#2679=(
GEOMETRIC_REPRESENTATION_CONTEXT(3)
GLOBAL_UNCERTAINTY_ASSIGNED_CONTEXT((#2677))
GLOBAL_UNIT_ASSIGNED_CONTEXT((#2680,#2682,#2683))
REPRESENTATION_CONTEXT('','3D')
);
#2680=(
LENGTH_UNIT()
NAMED_UNIT(*)
SI_UNIT(.MILLI.,.METRE.)
);
#2681=(
LENGTH_UNIT()
NAMED_UNIT(*)
SI_UNIT($,.METRE.)
);
#2682=(
NAMED_UNIT(*)
PLANE_ANGLE_UNIT()
SI_UNIT($,.RADIAN.)
);
#2683=(
NAMED_UNIT(*)
SI_UNIT($,.STERADIAN.)
SOLID_ANGLE_UNIT()
);
#2684=SHAPE_DEFINITION_REPRESENTATION(#2685,#2686);
#2685=PRODUCT_DEFINITION_SHAPE('',$,#2688);
#2686=SHAPE_REPRESENTATION('',(#1608),#2678);
#2687=PRODUCT_DEFINITION_CONTEXT('part definition',#2692,'design');
#2688=PRODUCT_DEFINITION('2026-09-13-18-11-27-955',
'R1-C4 - Central-foot-lift-carriage',#2689,#2687);
#2689=PRODUCT_DEFINITION_FORMATION('',$,#2694);
#2690=PRODUCT_RELATED_PRODUCT_CATEGORY(
'R1-C4 - Central-foot-lift-carriage',
'R1-C4 - Central-foot-lift-carriage',(#2694));
#2691=APPLICATION_PROTOCOL_DEFINITION('international standard',
'automotive_design',2009,#2692);
#2692=APPLICATION_CONTEXT(
'Core Data for Automotive Mechanical Design Process');
#2693=PRODUCT_CONTEXT('part definition',#2692,'mechanical');
#2694=PRODUCT('2026-09-13-18-11-27-955',
'R1-C4 - Central-foot-lift-carriage',$,(#2693));
#2695=PRESENTATION_STYLE_ASSIGNMENT((#2696));
#2696=SURFACE_STYLE_USAGE(.BOTH.,#2697);
#2697=SURFACE_SIDE_STYLE('',(#2698));
#2698=SURFACE_STYLE_FILL_AREA(#2699);
#2699=FILL_AREA_STYLE('Acier - Satin\X\E9',(#2700));
#2700=FILL_AREA_STYLE_COLOUR('Acier - Satin\X\E9',#2701);
#2701=COLOUR_RGB('Acier - Satin\X\E9',0.627450980392157,0.627450980392157,
0.627450980392157);
ENDSEC;
END-ISO-10303-21;
