ISO-10303-21;
HEADER;
/* Generated by software containing ST-Developer
 * from STEP Tools, Inc. (www.steptools.com) 
 */

FILE_DESCRIPTION(
/* description */ (''),
/* implementation_level */ '2;1');

FILE_NAME(
/* name */ 'R1-C4 - Lift-motor-mounting-bracket.step',
/* time_stamp */ '2026-09-30T00:59:35+02:00',
/* author */ (''),
/* organization */ (''),
/* preprocessor_version */ 'ST-DEVELOPER v20.2',
/* originating_system */ 'Autodesk Translation Framework v15.15.0.0',
/* authorisation */ '');

FILE_SCHEMA (('AUTOMOTIVE_DESIGN { 1 0 10303 214 3 1 1 }'));
ENDSEC;

DATA;
#10=MECHANICAL_DESIGN_GEOMETRIC_PRESENTATION_REPRESENTATION('',(#13),#3064);
#11=SHAPE_REPRESENTATION_RELATIONSHIP('SRR','None',#3071,#12);
#12=ADVANCED_BREP_SHAPE_REPRESENTATION('',(#14),#3063);
#13=STYLED_ITEM('',(#3080),#14);
#14=MANIFOLD_SOLID_BREP('Corps1',#1052);
#15=ELLIPSE('',#1097,4.24264068711929,3.);
#16=ELLIPSE('',#1098,4.24264068711928,3.);
#17=ELLIPSE('',#1100,4.24264068711929,3.);
#18=ELLIPSE('',#1109,4.24264068711929,3.);
#19=ELLIPSE('',#1114,4.24264068711929,3.);
#20=ELLIPSE('',#1116,4.24264068711929,3.);
#21=ELLIPSE('',#1118,4.24264068711929,3.);
#22=ELLIPSE('',#1124,4.24264068711929,3.);
#23=ELLIPSE('',#1125,4.24264068711929,3.);
#24=ELLIPSE('',#1127,4.24264068711929,3.);
#25=CYLINDRICAL_SURFACE('',#1086,2.5);
#26=CYLINDRICAL_SURFACE('',#1089,2.5);
#27=CYLINDRICAL_SURFACE('',#1092,2.5);
#28=CYLINDRICAL_SURFACE('',#1096,3.);
#29=CYLINDRICAL_SURFACE('',#1099,3.);
#30=CYLINDRICAL_SURFACE('',#1108,3.);
#31=CYLINDRICAL_SURFACE('',#1112,1.);
#32=CYLINDRICAL_SURFACE('',#1113,3.);
#33=CYLINDRICAL_SURFACE('',#1115,3.);
#34=CYLINDRICAL_SURFACE('',#1117,3.);
#35=CYLINDRICAL_SURFACE('',#1123,3.);
#36=CYLINDRICAL_SURFACE('',#1126,3.);
#37=CYLINDRICAL_SURFACE('',#1143,2.5);
#38=CYLINDRICAL_SURFACE('',#1145,2.5);
#39=CYLINDRICAL_SURFACE('',#1147,2.5);
#40=CYLINDRICAL_SURFACE('',#1149,2.5);
#41=CYLINDRICAL_SURFACE('',#1151,2.5);
#42=CYLINDRICAL_SURFACE('',#1153,2.5);
#43=CYLINDRICAL_SURFACE('',#1155,2.5);
#44=FACE_BOUND('',#315,.T.);
#45=FACE_BOUND('',#316,.T.);
#46=FACE_BOUND('',#317,.T.);
#47=FACE_BOUND('',#329,.T.);
#48=FACE_BOUND('',#342,.T.);
#49=FACE_BOUND('',#343,.T.);
#50=FACE_BOUND('',#344,.T.);
#51=FACE_BOUND('',#351,.T.);
#52=FACE_BOUND('',#352,.T.);
#53=LINE('',#2705,#138);
#54=LINE('',#2707,#139);
#55=LINE('',#2709,#140);
#56=LINE('',#2710,#141);
#57=LINE('',#2713,#142);
#58=LINE('',#2717,#143);
#59=LINE('',#2721,#144);
#60=LINE('',#2725,#145);
#61=LINE('',#2729,#146);
#62=LINE('',#2733,#147);
#63=LINE('',#2737,#148);
#64=LINE('',#2739,#149);
#65=LINE('',#2740,#150);
#66=LINE('',#2743,#151);
#67=LINE('',#2747,#152);
#68=LINE('',#2749,#153);
#69=LINE('',#2750,#154);
#70=LINE('',#2753,#155);
#71=LINE('',#2757,#156);
#72=LINE('',#2759,#157);
#73=LINE('',#2760,#158);
#74=LINE('',#2763,#159);
#75=LINE('',#2767,#160);
#76=LINE('',#2769,#161);
#77=LINE('',#2770,#162);
#78=LINE('',#2773,#163);
#79=LINE('',#2775,#164);
#80=LINE('',#2777,#165);
#81=LINE('',#2779,#166);
#82=LINE('',#2781,#167);
#83=LINE('',#2782,#168);
#84=LINE('',#2787,#169);
#85=LINE('',#2791,#170);
#86=LINE('',#2795,#171);
#87=LINE('',#2797,#172);
#88=LINE('',#2799,#173);
#89=LINE('',#2801,#174);
#90=LINE('',#2803,#175);
#91=LINE('',#2807,#176);
#92=LINE('',#2810,#177);
#93=LINE('',#2813,#178);
#94=LINE('',#2817,#179);
#95=LINE('',#2885,#180);
#96=LINE('',#2886,#181);
#97=LINE('',#2951,#182);
#98=LINE('',#2952,#183);
#99=LINE('',#2956,#184);
#100=LINE('',#2957,#185);
#101=LINE('',#2962,#186);
#102=LINE('',#2963,#187);
#103=LINE('',#2968,#188);
#104=LINE('',#2969,#189);
#105=LINE('',#2974,#190);
#106=LINE('',#2977,#191);
#107=LINE('',#2981,#192);
#108=LINE('',#2985,#193);
#109=LINE('',#2989,#194);
#110=LINE('',#2991,#195);
#111=LINE('',#2993,#196);
#112=LINE('',#2994,#197);
#113=LINE('',#2995,#198);
#114=LINE('',#2997,#199);
#115=LINE('',#3000,#200);
#116=LINE('',#3003,#201);
#117=LINE('',#3006,#202);
#118=LINE('',#3008,#203);
#119=LINE('',#3011,#204);
#120=LINE('',#3015,#205);
#121=LINE('',#3016,#206);
#122=LINE('',#3019,#207);
#123=LINE('',#3023,#208);
#124=LINE('',#3027,#209);
#125=LINE('',#3031,#210);
#126=LINE('',#3034,#211);
#127=LINE('',#3037,#212);
#128=LINE('',#3040,#213);
#129=LINE('',#3043,#214);
#130=LINE('',#3044,#215);
#131=LINE('',#3046,#216);
#132=LINE('',#3048,#217);
#133=LINE('',#3051,#218);
#134=LINE('',#3052,#219);
#135=LINE('',#3054,#220);
#136=LINE('',#3056,#221);
#137=LINE('',#3059,#222);
#138=VECTOR('',#1186,10.);
#139=VECTOR('',#1187,10.);
#140=VECTOR('',#1188,10.);
#141=VECTOR('',#1189,10.);
#142=VECTOR('',#1190,10.);
#143=VECTOR('',#1193,10.);
#144=VECTOR('',#1196,10.);
#145=VECTOR('',#1199,10.);
#146=VECTOR('',#1202,10.);
#147=VECTOR('',#1205,10.);
#148=VECTOR('',#1210,10.);
#149=VECTOR('',#1211,10.);
#150=VECTOR('',#1212,10.);
#151=VECTOR('',#1215,10.);
#152=VECTOR('',#1220,10.);
#153=VECTOR('',#1221,10.);
#154=VECTOR('',#1222,10.);
#155=VECTOR('',#1225,10.);
#156=VECTOR('',#1230,10.);
#157=VECTOR('',#1231,10.);
#158=VECTOR('',#1232,10.);
#159=VECTOR('',#1235,10.);
#160=VECTOR('',#1240,10.);
#161=VECTOR('',#1241,10.);
#162=VECTOR('',#1242,10.);
#163=VECTOR('',#1245,10.);
#164=VECTOR('',#1246,10.);
#165=VECTOR('',#1247,10.);
#166=VECTOR('',#1248,10.);
#167=VECTOR('',#1249,10.);
#168=VECTOR('',#1250,10.);
#169=VECTOR('',#1255,10.);
#170=VECTOR('',#1260,10.);
#171=VECTOR('',#1265,10.);
#172=VECTOR('',#1266,10.);
#173=VECTOR('',#1267,10.);
#174=VECTOR('',#1268,10.);
#175=VECTOR('',#1269,10.);
#176=VECTOR('',#1272,10.);
#177=VECTOR('',#1275,10.);
#178=VECTOR('',#1276,10.);
#179=VECTOR('',#1279,10.);
#180=VECTOR('',#1290,10.);
#181=VECTOR('',#1291,10.);
#182=VECTOR('',#1298,10.);
#183=VECTOR('',#1299,10.);
#184=VECTOR('',#1304,10.);
#185=VECTOR('',#1305,10.);
#186=VECTOR('',#1310,10.);
#187=VECTOR('',#1311,10.);
#188=VECTOR('',#1316,10.);
#189=VECTOR('',#1317,10.);
#190=VECTOR('',#1322,10.);
#191=VECTOR('',#1327,10.);
#192=VECTOR('',#1330,10.);
#193=VECTOR('',#1333,10.);
#194=VECTOR('',#1338,10.);
#195=VECTOR('',#1341,10.);
#196=VECTOR('',#1344,10.);
#197=VECTOR('',#1345,10.);
#198=VECTOR('',#1346,10.);
#199=VECTOR('',#1347,10.);
#200=VECTOR('',#1350,10.);
#201=VECTOR('',#1353,10.);
#202=VECTOR('',#1358,10.);
#203=VECTOR('',#1361,10.);
#204=VECTOR('',#1366,10.);
#205=VECTOR('',#1371,10.);
#206=VECTOR('',#1372,10.);
#207=VECTOR('',#1373,10.);
#208=VECTOR('',#1376,10.);
#209=VECTOR('',#1379,10.);
#210=VECTOR('',#1382,10.);
#211=VECTOR('',#1387,10.);
#212=VECTOR('',#1392,10.);
#213=VECTOR('',#1397,10.);
#214=VECTOR('',#1402,10.);
#215=VECTOR('',#1403,10.);
#216=VECTOR('',#1406,10.);
#217=VECTOR('',#1409,10.);
#218=VECTOR('',#1414,10.);
#219=VECTOR('',#1415,10.);
#220=VECTOR('',#1418,10.);
#221=VECTOR('',#1421,10.);
#222=VECTOR('',#1426,10.);
#223=PLANE('',#1078);
#224=PLANE('',#1085);
#225=PLANE('',#1088);
#226=PLANE('',#1091);
#227=PLANE('',#1094);
#228=PLANE('',#1095);
#229=PLANE('',#1101);
#230=PLANE('',#1119);
#231=PLANE('',#1122);
#232=PLANE('',#1128);
#233=PLANE('',#1132);
#234=PLANE('',#1133);
#235=PLANE('',#1134);
#236=PLANE('',#1135);
#237=PLANE('',#1136);
#238=PLANE('',#1137);
#239=PLANE('',#1142);
#240=PLANE('',#1144);
#241=PLANE('',#1146);
#242=PLANE('',#1148);
#243=PLANE('',#1150);
#244=PLANE('',#1152);
#245=PLANE('',#1154);
#246=PLANE('',#1156);
#247=PLANE('',#1157);
#248=FACE_OUTER_BOUND('',#304,.T.);
#249=FACE_OUTER_BOUND('',#305,.T.);
#250=FACE_OUTER_BOUND('',#306,.T.);
#251=FACE_OUTER_BOUND('',#307,.T.);
#252=FACE_OUTER_BOUND('',#308,.T.);
#253=FACE_OUTER_BOUND('',#309,.T.);
#254=FACE_OUTER_BOUND('',#310,.T.);
#255=FACE_OUTER_BOUND('',#311,.T.);
#256=FACE_OUTER_BOUND('',#312,.T.);
#257=FACE_OUTER_BOUND('',#313,.T.);
#258=FACE_OUTER_BOUND('',#314,.T.);
#259=FACE_OUTER_BOUND('',#318,.T.);
#260=FACE_OUTER_BOUND('',#319,.T.);
#261=FACE_OUTER_BOUND('',#320,.T.);
#262=FACE_OUTER_BOUND('',#321,.T.);
#263=FACE_OUTER_BOUND('',#322,.T.);
#264=FACE_OUTER_BOUND('',#323,.T.);
#265=FACE_OUTER_BOUND('',#324,.T.);
#266=FACE_OUTER_BOUND('',#325,.T.);
#267=FACE_OUTER_BOUND('',#326,.T.);
#268=FACE_OUTER_BOUND('',#327,.T.);
#269=FACE_OUTER_BOUND('',#328,.T.);
#270=FACE_OUTER_BOUND('',#330,.T.);
#271=FACE_OUTER_BOUND('',#331,.T.);
#272=FACE_OUTER_BOUND('',#332,.T.);
#273=FACE_OUTER_BOUND('',#333,.T.);
#274=FACE_OUTER_BOUND('',#334,.T.);
#275=FACE_OUTER_BOUND('',#335,.T.);
#276=FACE_OUTER_BOUND('',#336,.T.);
#277=FACE_OUTER_BOUND('',#337,.T.);
#278=FACE_OUTER_BOUND('',#338,.T.);
#279=FACE_OUTER_BOUND('',#339,.T.);
#280=FACE_OUTER_BOUND('',#340,.T.);
#281=FACE_OUTER_BOUND('',#341,.T.);
#282=FACE_OUTER_BOUND('',#345,.T.);
#283=FACE_OUTER_BOUND('',#346,.T.);
#284=FACE_OUTER_BOUND('',#347,.T.);
#285=FACE_OUTER_BOUND('',#348,.T.);
#286=FACE_OUTER_BOUND('',#349,.T.);
#287=FACE_OUTER_BOUND('',#350,.T.);
#288=FACE_OUTER_BOUND('',#353,.T.);
#289=FACE_OUTER_BOUND('',#354,.T.);
#290=FACE_OUTER_BOUND('',#355,.T.);
#291=FACE_OUTER_BOUND('',#356,.T.);
#292=FACE_OUTER_BOUND('',#357,.T.);
#293=FACE_OUTER_BOUND('',#358,.T.);
#294=FACE_OUTER_BOUND('',#359,.T.);
#295=FACE_OUTER_BOUND('',#360,.T.);
#296=FACE_OUTER_BOUND('',#361,.T.);
#297=FACE_OUTER_BOUND('',#362,.T.);
#298=FACE_OUTER_BOUND('',#363,.T.);
#299=FACE_OUTER_BOUND('',#364,.T.);
#300=FACE_OUTER_BOUND('',#365,.T.);
#301=FACE_OUTER_BOUND('',#366,.T.);
#302=FACE_OUTER_BOUND('',#367,.T.);
#303=FACE_OUTER_BOUND('',#368,.T.);
#304=EDGE_LOOP('',(#678,#679,#680,#681));
#305=EDGE_LOOP('',(#682,#683,#684,#685));
#306=EDGE_LOOP('',(#686,#687,#688,#689));
#307=EDGE_LOOP('',(#690,#691,#692,#693));
#308=EDGE_LOOP('',(#694,#695,#696,#697));
#309=EDGE_LOOP('',(#698,#699,#700,#701));
#310=EDGE_LOOP('',(#702,#703,#704,#705));
#311=EDGE_LOOP('',(#706,#707,#708,#709));
#312=EDGE_LOOP('',(#710,#711,#712,#713));
#313=EDGE_LOOP('',(#714,#715,#716,#717));
#314=EDGE_LOOP('',(#718,#719,#720,#721));
#315=EDGE_LOOP('',(#722,#723,#724,#725));
#316=EDGE_LOOP('',(#726,#727,#728,#729));
#317=EDGE_LOOP('',(#730,#731,#732,#733));
#318=EDGE_LOOP('',(#734,#735,#736,#737));
#319=EDGE_LOOP('',(#738,#739,#740,#741));
#320=EDGE_LOOP('',(#742,#743,#744,#745));
#321=EDGE_LOOP('',(#746,#747,#748,#749));
#322=EDGE_LOOP('',(#750,#751,#752,#753));
#323=EDGE_LOOP('',(#754,#755,#756,#757));
#324=EDGE_LOOP('',(#758,#759,#760,#761));
#325=EDGE_LOOP('',(#762,#763,#764,#765,#766,#767,#768,#769));
#326=EDGE_LOOP('',(#770,#771,#772,#773));
#327=EDGE_LOOP('',(#774,#775,#776,#777));
#328=EDGE_LOOP('',(#778,#779,#780,#781,#782,#783,#784,#785,#786,#787));
#329=EDGE_LOOP('',(#788,#789,#790,#791));
#330=EDGE_LOOP('',(#792,#793,#794,#795));
#331=EDGE_LOOP('',(#796,#797,#798,#799,#800,#801));
#332=EDGE_LOOP('',(#802,#803,#804,#805));
#333=EDGE_LOOP('',(#806,#807,#808,#809,#810,#811));
#334=EDGE_LOOP('',(#812,#813,#814,#815,#816,#817));
#335=EDGE_LOOP('',(#818,#819,#820,#821,#822));
#336=EDGE_LOOP('',(#823,#824,#825,#826,#827));
#337=EDGE_LOOP('',(#828,#829,#830,#831,#832,#833,#834,#835,#836,#837));
#338=EDGE_LOOP('',(#838,#839,#840,#841,#842));
#339=EDGE_LOOP('',(#843,#844,#845,#846));
#340=EDGE_LOOP('',(#847,#848,#849,#850));
#341=EDGE_LOOP('',(#851,#852,#853,#854,#855,#856,#857,#858,#859,#860,#861,
#862));
#342=EDGE_LOOP('',(#863,#864,#865,#866));
#343=EDGE_LOOP('',(#867,#868,#869,#870));
#344=EDGE_LOOP('',(#871,#872,#873,#874));
#345=EDGE_LOOP('',(#875,#876,#877));
#346=EDGE_LOOP('',(#878,#879,#880,#881,#882,#883,#884,#885));
#347=EDGE_LOOP('',(#886,#887,#888,#889,#890));
#348=EDGE_LOOP('',(#891,#892,#893));
#349=EDGE_LOOP('',(#894,#895,#896,#897,#898,#899,#900,#901));
#350=EDGE_LOOP('',(#902,#903,#904,#905));
#351=EDGE_LOOP('',(#906,#907,#908,#909));
#352=EDGE_LOOP('',(#910,#911,#912,#913));
#353=EDGE_LOOP('',(#914,#915,#916,#917));
#354=EDGE_LOOP('',(#918,#919,#920,#921));
#355=EDGE_LOOP('',(#922,#923,#924,#925));
#356=EDGE_LOOP('',(#926,#927,#928,#929));
#357=EDGE_LOOP('',(#930,#931,#932,#933));
#358=EDGE_LOOP('',(#934,#935,#936,#937));
#359=EDGE_LOOP('',(#938,#939,#940,#941));
#360=EDGE_LOOP('',(#942,#943,#944,#945,#946));
#361=EDGE_LOOP('',(#947,#948,#949,#950));
#362=EDGE_LOOP('',(#951,#952,#953,#954,#955));
#363=EDGE_LOOP('',(#956,#957,#958,#959));
#364=EDGE_LOOP('',(#960,#961,#962,#963));
#365=EDGE_LOOP('',(#964,#965,#966,#967));
#366=EDGE_LOOP('',(#968,#969,#970,#971));
#367=EDGE_LOOP('',(#972,#973,#974,#975,#976,#977,#978,#979));
#368=EDGE_LOOP('',(#980,#981,#982,#983));
#369=CIRCLE('',#1066,3.);
#370=CIRCLE('',#1067,1.);
#371=CIRCLE('',#1068,1.);
#372=CIRCLE('',#1069,3.);
#373=CIRCLE('',#1070,2.33298097339482);
#374=CIRCLE('',#1071,3.);
#375=CIRCLE('',#1072,3.);
#376=CIRCLE('',#1073,1.);
#377=CIRCLE('',#1074,1.);
#378=CIRCLE('',#1075,3.);
#379=CIRCLE('',#1076,2.33298097339482);
#380=CIRCLE('',#1077,3.);
#381=CIRCLE('',#1079,2.5);
#382=CIRCLE('',#1080,2.5);
#383=CIRCLE('',#1081,2.5);
#384=CIRCLE('',#1082,2.5);
#385=CIRCLE('',#1083,2.5);
#386=CIRCLE('',#1084,2.5);
#387=CIRCLE('',#1087,2.5);
#388=CIRCLE('',#1090,2.5);
#389=CIRCLE('',#1093,2.5);
#390=CIRCLE('',#1102,2.5);
#391=CIRCLE('',#1103,2.5);
#392=CIRCLE('',#1104,2.5);
#393=CIRCLE('',#1105,2.5);
#394=CIRCLE('',#1106,3.);
#395=CIRCLE('',#1107,2.33298097339482);
#396=CIRCLE('',#1110,3.);
#397=CIRCLE('',#1111,2.33298097339482);
#398=CIRCLE('',#1120,2.5);
#399=CIRCLE('',#1121,2.5);
#400=CIRCLE('',#1129,2.5);
#401=CIRCLE('',#1130,2.5);
#402=CIRCLE('',#1131,2.5);
#403=CIRCLE('',#1138,2.5);
#404=CIRCLE('',#1139,2.5);
#405=CIRCLE('',#1140,2.5);
#406=CIRCLE('',#1141,2.5);
#407=B_SPLINE_CURVE_WITH_KNOTS('',3,(#1492,#1493,#1494,#1495,#1496,#1497,
#1498,#1499,#1500,#1501),.UNSPECIFIED.,.F.,.F.,(4,1,1,1,1,1,1,4),(0.,0.142857142857143,
0.285714285714286,0.428571428571429,0.571428571428571,0.714285714285714,
0.857142857142857,1.),.UNSPECIFIED.);
#408=B_SPLINE_CURVE_WITH_KNOTS('',3,(#1503,#1504,#1505,#1506,#1507,#1508),
 .UNSPECIFIED.,.F.,.F.,(4,1,1,4),(0.,0.333333333333333,0.666666666666667,
1.),.UNSPECIFIED.);
#409=B_SPLINE_CURVE_WITH_KNOTS('',3,(#1510,#1511,#1512,#1513,#1514,#1515,
#1516,#1517,#1518,#1519,#1520,#1521,#1522,#1523,#1524,#1525,#1526,#1527,
#1528,#1529,#1530,#1531,#1532,#1533,#1534,#1535,#1536,#1537,#1538,#1539,
#1540,#1541,#1542,#1543,#1544,#1545,#1546,#1547,#1548,#1549,#1550,#1551,
#1552,#1553,#1554,#1555,#1556,#1557,#1558,#1559,#1560,#1561,#1562,#1563,
#1564,#1565,#1566,#1567,#1568,#1569,#1570,#1571,#1572,#1573,#1574,#1575,
#1576,#1577,#1578,#1579,#1580,#1581,#1582,#1583,#1584,#1585),
 .UNSPECIFIED.,.F.,.F.,(4,3,3,3,3,3,3,3,3,3,3,3,3,3,3,3,3,3,3,3,3,3,3,3,
3,4),(0.5,0.521274551205716,0.544186504374849,0.570271941637329,0.613088373526311,
0.637364166437898,0.66002890603553,0.681277099408309,0.702004193249933,
0.719487610497685,0.738973372854256,0.764702886640777,0.788425632285509,
0.807420076530495,0.824665440875467,0.841474107552551,0.859107733859639,
0.874260748136963,0.891280601911289,0.915725451082664,0.934769558608721,
0.95107716895654,0.965296928753834,0.978887505174329,0.991765956640141,
1.),.UNSPECIFIED.);
#410=B_SPLINE_CURVE_WITH_KNOTS('',3,(#1648,#1649,#1650,#1651,#1652,#1653,
#1654,#1655,#1656,#1657),.UNSPECIFIED.,.F.,.F.,(4,1,1,1,1,1,1,4),(0.,0.142857142857143,
0.285714285714286,0.428571428571429,0.571428571428571,0.714285714285714,
0.857142857142857,1.),.UNSPECIFIED.);
#411=B_SPLINE_CURVE_WITH_KNOTS('',3,(#1660,#1661,#1662,#1663,#1664,#1665,
#1666,#1667,#1668,#1669,#1670,#1671,#1672,#1673,#1674,#1675,#1676,#1677,
#1678,#1679,#1680,#1681,#1682,#1683,#1684,#1685,#1686,#1687,#1688,#1689,
#1690,#1691,#1692,#1693,#1694,#1695,#1696,#1697,#1698,#1699,#1700,#1701,
#1702,#1703,#1704,#1705,#1706,#1707,#1708,#1709,#1710,#1711,#1712,#1713,
#1714,#1715,#1716,#1717),.UNSPECIFIED.,.F.,.F.,(4,3,3,3,3,3,3,3,3,3,3,3,
3,3,3,3,3,3,3,4),(0.,0.0220662939303223,0.0459453805462626,0.0729224845025253,
0.103014278661451,0.128351688161469,0.153123780722285,0.175294414612883,
0.199931102159258,0.230244693510977,0.261434788538299,0.285481056133029,
0.308446232046808,0.330485957852996,0.355091238146601,0.382825679763303,
0.427123119356557,0.454370190817335,0.47774298223207,0.5),.UNSPECIFIED.);
#412=B_SPLINE_CURVE_WITH_KNOTS('',3,(#1779,#1780,#1781,#1782,#1783,#1784),
 .UNSPECIFIED.,.F.,.F.,(4,1,1,4),(0.,0.333333333333333,0.666666666666667,
1.),.UNSPECIFIED.);
#413=B_SPLINE_CURVE_WITH_KNOTS('',3,(#1786,#1787,#1788,#1789,#1790,#1791,
#1792,#1793,#1794,#1795,#1796,#1797,#1798,#1799,#1800,#1801,#1802,#1803,
#1804,#1805,#1806,#1807,#1808,#1809,#1810,#1811,#1812,#1813,#1814,#1815,
#1816,#1817,#1818,#1819,#1820,#1821,#1822,#1823,#1824,#1825,#1826,#1827,
#1828,#1829,#1830,#1831,#1832,#1833,#1834,#1835,#1836,#1837,#1838,#1839,
#1840,#1841,#1842,#1843,#1844,#1845,#1846,#1847,#1848,#1849,#1850,#1851,
#1852,#1853,#1854,#1855),.UNSPECIFIED.,.F.,.F.,(4,3,3,3,3,3,3,3,3,3,3,3,
3,3,3,3,3,3,3,3,3,3,3,4),(0.499999999999999,0.518439566641627,0.536163465822881,
0.55512658395722,0.575479408622974,0.598157927725612,0.629925807521772,
0.654162937187438,0.675777753613223,0.696041644012397,0.714623938862618,
0.733730434788717,0.754662265581826,0.779365185272183,0.80694453711316,
0.828537470141345,0.847660803873075,0.871798920104656,0.894310460235939,
0.921478275163208,0.94819682142602,0.970766291571079,0.990750950843924,
1.),.UNSPECIFIED.);
#414=B_SPLINE_CURVE_WITH_KNOTS('',3,(#1912,#1913,#1914,#1915,#1916,#1917,
#1918,#1919,#1920),.UNSPECIFIED.,.F.,.F.,(4,1,1,1,1,1,4),(0.,0.166666666666667,
0.333333333333333,0.5,0.666666666666667,0.833333333333333,1.),
 .UNSPECIFIED.);
#415=B_SPLINE_CURVE_WITH_KNOTS('',3,(#1923,#1924,#1925,#1926,#1927,#1928,
#1929,#1930,#1931,#1932,#1933,#1934,#1935,#1936,#1937,#1938,#1939,#1940,
#1941,#1942,#1943,#1944,#1945,#1946,#1947,#1948,#1949,#1950,#1951,#1952,
#1953,#1954,#1955,#1956,#1957,#1958,#1959,#1960,#1961,#1962,#1963,#1964,
#1965,#1966,#1967,#1968,#1969,#1970,#1971,#1972,#1973,#1974,#1975,#1976,
#1977,#1978,#1979,#1980,#1981,#1982,#1983,#1984,#1985,#1986,#1987,#1988,
#1989,#1990,#1991,#1992,#1993,#1994,#1995,#1996,#1997,#1998,#1999,#2000,
#2001),.UNSPECIFIED.,.F.,.F.,(4,3,3,3,3,3,3,3,3,3,3,3,3,3,3,3,3,3,3,3,3,
3,3,3,3,3,4),(0.,0.0135242332511335,0.0275585236235412,0.0426601520840442,
0.0588084998319261,0.0766486983914937,0.0979610794650252,0.123088511998461,
0.141158644553184,0.157284486398106,0.172470770151992,0.190374916982645,
0.206966477354811,0.225411946134903,0.246047464813083,0.271296015462162,
0.297091326747296,0.31680130315654,0.334600169523442,0.351350299253783,
0.36993151184706,0.388564162104964,0.408633816608449,0.431441269912732,
0.465720634956366,0.487599956016408,0.499999999999999),.UNSPECIFIED.);
#416=B_SPLINE_CURVE_WITH_KNOTS('',3,(#2057,#2058,#2059,#2060,#2061,#2062),
 .UNSPECIFIED.,.F.,.F.,(4,1,1,4),(0.,0.333333333333333,0.666666666666667,
1.),.UNSPECIFIED.);
#417=B_SPLINE_CURVE_WITH_KNOTS('',3,(#2128,#2129,#2130,#2131,#2132,#2133,
#2134,#2135,#2136,#2137),.UNSPECIFIED.,.F.,.F.,(4,1,1,1,1,1,1,4),(0.,0.142857142857143,
0.285714285714286,0.428571428571429,0.571428571428571,0.714285714285714,
0.857142857142857,1.),.UNSPECIFIED.);
#418=B_SPLINE_CURVE_WITH_KNOTS('',3,(#2139,#2140,#2141,#2142,#2143,#2144),
 .UNSPECIFIED.,.F.,.F.,(4,1,1,4),(0.,0.333333333333333,0.666666666666667,
1.),.UNSPECIFIED.);
#419=B_SPLINE_CURVE_WITH_KNOTS('',3,(#2146,#2147,#2148,#2149,#2150,#2151,
#2152,#2153,#2154,#2155,#2156,#2157,#2158,#2159,#2160,#2161,#2162,#2163,
#2164,#2165,#2166,#2167,#2168,#2169,#2170,#2171,#2172,#2173,#2174,#2175,
#2176,#2177,#2178,#2179,#2180,#2181,#2182,#2183,#2184,#2185,#2186,#2187,
#2188,#2189,#2190,#2191,#2192,#2193,#2194,#2195,#2196,#2197,#2198,#2199,
#2200,#2201,#2202,#2203,#2204,#2205,#2206,#2207,#2208,#2209,#2210,#2211,
#2212,#2213,#2214,#2215,#2216,#2217,#2218,#2219,#2220,#2221),
 .UNSPECIFIED.,.F.,.F.,(4,3,3,3,3,3,3,3,3,3,3,3,3,3,3,3,3,3,3,3,3,3,3,3,
3,4),(0.500000000000001,0.521274551205968,0.544186504375804,0.570271941638348,
0.613088373522003,0.637364166434243,0.660028906032103,0.681277099405096,
0.702004193209069,0.719487610453863,0.738973372802634,0.764702886546552,
0.788425632225263,0.80742007647773,0.824665440826426,0.841474107515984,
0.859107733865766,0.874260748143836,0.891280601919943,0.915725451024901,
0.934769558565113,0.951077168923835,0.965296928722712,0.978887505144484,
0.99176595661089,1.),.UNSPECIFIED.);
#420=B_SPLINE_CURVE_WITH_KNOTS('',3,(#2284,#2285,#2286,#2287,#2288,#2289,
#2290,#2291,#2292,#2293),.UNSPECIFIED.,.F.,.F.,(4,1,1,1,1,1,1,4),(0.,0.142857142857143,
0.285714285714286,0.428571428571429,0.571428571428571,0.714285714285714,
0.857142857142857,1.),.UNSPECIFIED.);
#421=B_SPLINE_CURVE_WITH_KNOTS('',3,(#2296,#2297,#2298,#2299,#2300,#2301,
#2302,#2303,#2304,#2305,#2306,#2307,#2308,#2309,#2310,#2311,#2312,#2313,
#2314,#2315,#2316,#2317,#2318,#2319,#2320,#2321,#2322,#2323,#2324,#2325,
#2326,#2327,#2328,#2329,#2330,#2331,#2332,#2333,#2334,#2335,#2336,#2337,
#2338,#2339,#2340,#2341,#2342,#2343,#2344,#2345,#2346,#2347,#2348,#2349,
#2350,#2351,#2352,#2353),.UNSPECIFIED.,.F.,.F.,(4,3,3,3,3,3,3,3,3,3,3,3,
3,3,3,3,3,3,3,4),(0.,0.0220662939307557,0.0459453805465345,0.0729224844999071,
0.103014278658988,0.128351688159289,0.153123780719729,0.175294414609868,
0.199931102155729,0.230244693505276,0.261434788543522,0.28548105613756,
0.308446232014008,0.33048595781726,0.35509123810724,0.382825679716558,0.427123119366464,
0.454370190825543,0.477742982239336,0.500000000000001),.UNSPECIFIED.);
#422=B_SPLINE_CURVE_WITH_KNOTS('',3,(#2415,#2416,#2417,#2418,#2419,#2420),
 .UNSPECIFIED.,.F.,.F.,(4,1,1,4),(0.,0.333333333333333,0.666666666666667,
1.),.UNSPECIFIED.);
#423=B_SPLINE_CURVE_WITH_KNOTS('',3,(#2422,#2423,#2424,#2425,#2426,#2427,
#2428,#2429,#2430,#2431,#2432,#2433,#2434,#2435,#2436,#2437,#2438,#2439,
#2440,#2441,#2442,#2443,#2444,#2445,#2446,#2447,#2448,#2449,#2450,#2451,
#2452,#2453,#2454,#2455,#2456,#2457,#2458,#2459,#2460,#2461,#2462,#2463,
#2464,#2465,#2466,#2467,#2468,#2469,#2470,#2471,#2472,#2473,#2474,#2475,
#2476,#2477,#2478,#2479,#2480,#2481,#2482,#2483,#2484,#2485,#2486,#2487,
#2488,#2489,#2490,#2491),.UNSPECIFIED.,.F.,.F.,(4,3,3,3,3,3,3,3,3,3,3,3,
3,3,3,3,3,3,3,3,3,3,3,4),(0.500000000000001,0.518439566641656,0.536163465823135,
0.555126583957614,0.575479408623301,0.598157927727349,0.629925807529602,
0.654162937193727,0.675777753619119,0.696041644017924,0.714623938867489,
0.733730434793531,0.754662265587854,0.779365185281449,0.806944537121268,
0.82853747015012,0.84766080388037,0.871798920105796,0.894310460236146,0.921478275159377,
0.948196821422509,0.970766291568642,0.990750950840743,1.),.UNSPECIFIED.);
#424=B_SPLINE_CURVE_WITH_KNOTS('',3,(#2548,#2549,#2550,#2551,#2552,#2553,
#2554,#2555,#2556),.UNSPECIFIED.,.F.,.F.,(4,1,1,1,1,1,4),(0.,0.166666666666667,
0.333333333333333,0.5,0.666666666666667,0.833333333333333,1.),
 .UNSPECIFIED.);
#425=B_SPLINE_CURVE_WITH_KNOTS('',3,(#2559,#2560,#2561,#2562,#2563,#2564,
#2565,#2566,#2567,#2568,#2569,#2570,#2571,#2572,#2573,#2574,#2575,#2576,
#2577,#2578,#2579,#2580,#2581,#2582,#2583,#2584,#2585,#2586,#2587,#2588,
#2589,#2590,#2591,#2592,#2593,#2594,#2595,#2596,#2597,#2598,#2599,#2600,
#2601,#2602,#2603,#2604,#2605,#2606,#2607,#2608,#2609,#2610,#2611,#2612,
#2613,#2614,#2615,#2616,#2617,#2618,#2619,#2620,#2621,#2622,#2623,#2624,
#2625,#2626,#2627,#2628,#2629,#2630,#2631,#2632,#2633,#2634,#2635,#2636,
#2637),.UNSPECIFIED.,.F.,.F.,(4,3,3,3,3,3,3,3,3,3,3,3,3,3,3,3,3,3,3,3,3,
3,3,3,3,3,4),(0.,0.0135242332512239,0.027558523623355,0.0426601520837698,
0.0588084998318422,0.076648698391451,0.0979610794654629,0.123088511998871,
0.141158644553592,0.157284486398513,0.172470770152782,0.190374916981946,
0.206966477354436,0.225411946134612,0.246047464812505,0.271296015463215,
0.297091326744524,0.316801303153735,0.334600169520642,0.351350299250108,
0.369931511843844,0.388564162101767,0.40863381660455,0.431441269909169,
0.465720634954585,0.487599956014924,0.500000000000001),.UNSPECIFIED.);
#426=B_SPLINE_CURVE_WITH_KNOTS('',3,(#2693,#2694,#2695,#2696,#2697,#2698),
 .UNSPECIFIED.,.F.,.F.,(4,1,1,4),(0.,0.333333333333333,0.666666666666667,
1.),.UNSPECIFIED.);
#427=VERTEX_POINT('',#1490);
#428=VERTEX_POINT('',#1491);
#429=VERTEX_POINT('',#1502);
#430=VERTEX_POINT('',#1509);
#431=VERTEX_POINT('',#1647);
#432=VERTEX_POINT('',#1658);
#433=VERTEX_POINT('',#1778);
#434=VERTEX_POINT('',#1785);
#435=VERTEX_POINT('',#1911);
#436=VERTEX_POINT('',#1921);
#437=VERTEX_POINT('',#2056);
#438=VERTEX_POINT('',#2063);
#439=VERTEX_POINT('',#2126);
#440=VERTEX_POINT('',#2127);
#441=VERTEX_POINT('',#2138);
#442=VERTEX_POINT('',#2145);
#443=VERTEX_POINT('',#2283);
#444=VERTEX_POINT('',#2294);
#445=VERTEX_POINT('',#2414);
#446=VERTEX_POINT('',#2421);
#447=VERTEX_POINT('',#2547);
#448=VERTEX_POINT('',#2557);
#449=VERTEX_POINT('',#2692);
#450=VERTEX_POINT('',#2699);
#451=VERTEX_POINT('',#2703);
#452=VERTEX_POINT('',#2704);
#453=VERTEX_POINT('',#2706);
#454=VERTEX_POINT('',#2708);
#455=VERTEX_POINT('',#2711);
#456=VERTEX_POINT('',#2712);
#457=VERTEX_POINT('',#2714);
#458=VERTEX_POINT('',#2716);
#459=VERTEX_POINT('',#2719);
#460=VERTEX_POINT('',#2720);
#461=VERTEX_POINT('',#2722);
#462=VERTEX_POINT('',#2724);
#463=VERTEX_POINT('',#2727);
#464=VERTEX_POINT('',#2728);
#465=VERTEX_POINT('',#2730);
#466=VERTEX_POINT('',#2732);
#467=VERTEX_POINT('',#2736);
#468=VERTEX_POINT('',#2738);
#469=VERTEX_POINT('',#2742);
#470=VERTEX_POINT('',#2746);
#471=VERTEX_POINT('',#2748);
#472=VERTEX_POINT('',#2752);
#473=VERTEX_POINT('',#2756);
#474=VERTEX_POINT('',#2758);
#475=VERTEX_POINT('',#2762);
#476=VERTEX_POINT('',#2766);
#477=VERTEX_POINT('',#2768);
#478=VERTEX_POINT('',#2772);
#479=VERTEX_POINT('',#2774);
#480=VERTEX_POINT('',#2776);
#481=VERTEX_POINT('',#2778);
#482=VERTEX_POINT('',#2780);
#483=VERTEX_POINT('',#2784);
#484=VERTEX_POINT('',#2786);
#485=VERTEX_POINT('',#2790);
#486=VERTEX_POINT('',#2794);
#487=VERTEX_POINT('',#2796);
#488=VERTEX_POINT('',#2798);
#489=VERTEX_POINT('',#2800);
#490=VERTEX_POINT('',#2802);
#491=VERTEX_POINT('',#2804);
#492=VERTEX_POINT('',#2806);
#493=VERTEX_POINT('',#2808);
#494=VERTEX_POINT('',#2811);
#495=VERTEX_POINT('',#2812);
#496=VERTEX_POINT('',#2814);
#497=VERTEX_POINT('',#2816);
#498=VERTEX_POINT('',#2879);
#499=VERTEX_POINT('',#2883);
#500=VERTEX_POINT('',#2947);
#501=VERTEX_POINT('',#2954);
#502=VERTEX_POINT('',#2959);
#503=VERTEX_POINT('',#2960);
#504=VERTEX_POINT('',#2965);
#505=VERTEX_POINT('',#2966);
#506=VERTEX_POINT('',#2971);
#507=VERTEX_POINT('',#2973);
#508=VERTEX_POINT('',#2979);
#509=VERTEX_POINT('',#2980);
#510=VERTEX_POINT('',#2982);
#511=VERTEX_POINT('',#2984);
#512=VERTEX_POINT('',#2988);
#513=VERTEX_POINT('',#2996);
#514=VERTEX_POINT('',#2999);
#515=VERTEX_POINT('',#3002);
#516=VERTEX_POINT('',#3014);
#517=VERTEX_POINT('',#3017);
#518=VERTEX_POINT('',#3018);
#519=VERTEX_POINT('',#3020);
#520=VERTEX_POINT('',#3022);
#521=VERTEX_POINT('',#3025);
#522=VERTEX_POINT('',#3026);
#523=VERTEX_POINT('',#3028);
#524=VERTEX_POINT('',#3030);
#525=EDGE_CURVE('',#427,#428,#407,.T.);
#526=EDGE_CURVE('',#427,#429,#408,.T.);
#527=EDGE_CURVE('',#429,#430,#409,.T.);
#528=EDGE_CURVE('',#428,#430,#369,.T.);
#529=EDGE_CURVE('',#427,#431,#410,.T.);
#530=EDGE_CURVE('',#432,#431,#370,.T.);
#531=EDGE_CURVE('',#432,#429,#411,.T.);
#532=EDGE_CURVE('',#427,#433,#412,.T.);
#533=EDGE_CURVE('',#433,#434,#413,.T.);
#534=EDGE_CURVE('',#431,#434,#371,.T.);
#535=EDGE_CURVE('',#427,#435,#414,.T.);
#536=EDGE_CURVE('',#436,#435,#372,.T.);
#537=EDGE_CURVE('',#436,#433,#415,.T.);
#538=EDGE_CURVE('',#427,#437,#416,.T.);
#539=EDGE_CURVE('',#437,#438,#373,.T.);
#540=EDGE_CURVE('',#435,#438,#374,.T.);
#541=EDGE_CURVE('',#439,#440,#417,.T.);
#542=EDGE_CURVE('',#439,#441,#418,.T.);
#543=EDGE_CURVE('',#441,#442,#419,.T.);
#544=EDGE_CURVE('',#440,#442,#375,.T.);
#545=EDGE_CURVE('',#439,#443,#420,.T.);
#546=EDGE_CURVE('',#444,#443,#376,.T.);
#547=EDGE_CURVE('',#444,#441,#421,.T.);
#548=EDGE_CURVE('',#439,#445,#422,.T.);
#549=EDGE_CURVE('',#445,#446,#423,.T.);
#550=EDGE_CURVE('',#443,#446,#377,.T.);
#551=EDGE_CURVE('',#439,#447,#424,.T.);
#552=EDGE_CURVE('',#448,#447,#378,.T.);
#553=EDGE_CURVE('',#448,#445,#425,.T.);
#554=EDGE_CURVE('',#439,#449,#426,.T.);
#555=EDGE_CURVE('',#449,#450,#379,.T.);
#556=EDGE_CURVE('',#447,#450,#380,.T.);
#557=EDGE_CURVE('',#451,#452,#53,.T.);
#558=EDGE_CURVE('',#453,#451,#54,.T.);
#559=EDGE_CURVE('',#454,#453,#55,.T.);
#560=EDGE_CURVE('',#452,#454,#56,.T.);
#561=EDGE_CURVE('',#455,#456,#57,.T.);
#562=EDGE_CURVE('',#457,#455,#381,.T.);
#563=EDGE_CURVE('',#458,#457,#58,.T.);
#564=EDGE_CURVE('',#456,#458,#382,.T.);
#565=EDGE_CURVE('',#459,#460,#59,.T.);
#566=EDGE_CURVE('',#461,#459,#383,.T.);
#567=EDGE_CURVE('',#462,#461,#60,.T.);
#568=EDGE_CURVE('',#460,#462,#384,.T.);
#569=EDGE_CURVE('',#463,#464,#61,.T.);
#570=EDGE_CURVE('',#465,#463,#385,.T.);
#571=EDGE_CURVE('',#466,#465,#62,.T.);
#572=EDGE_CURVE('',#464,#466,#386,.T.);
#573=EDGE_CURVE('',#467,#465,#63,.T.);
#574=EDGE_CURVE('',#468,#467,#64,.T.);
#575=EDGE_CURVE('',#468,#466,#65,.T.);
#576=EDGE_CURVE('',#469,#463,#66,.T.);
#577=EDGE_CURVE('',#467,#469,#387,.T.);
#578=EDGE_CURVE('',#470,#461,#67,.T.);
#579=EDGE_CURVE('',#471,#470,#68,.T.);
#580=EDGE_CURVE('',#471,#462,#69,.T.);
#581=EDGE_CURVE('',#472,#459,#70,.T.);
#582=EDGE_CURVE('',#470,#472,#388,.T.);
#583=EDGE_CURVE('',#473,#457,#71,.T.);
#584=EDGE_CURVE('',#474,#473,#72,.T.);
#585=EDGE_CURVE('',#474,#458,#73,.T.);
#586=EDGE_CURVE('',#475,#455,#74,.T.);
#587=EDGE_CURVE('',#473,#475,#389,.T.);
#588=EDGE_CURVE('',#476,#453,#75,.T.);
#589=EDGE_CURVE('',#477,#476,#76,.T.);
#590=EDGE_CURVE('',#454,#477,#77,.T.);
#591=EDGE_CURVE('',#451,#478,#78,.T.);
#592=EDGE_CURVE('',#478,#479,#79,.T.);
#593=EDGE_CURVE('',#479,#480,#80,.T.);
#594=EDGE_CURVE('',#480,#481,#81,.T.);
#595=EDGE_CURVE('',#481,#482,#82,.T.);
#596=EDGE_CURVE('',#482,#476,#83,.T.);
#597=EDGE_CURVE('',#480,#483,#15,.T.);
#598=EDGE_CURVE('',#483,#484,#84,.T.);
#599=EDGE_CURVE('',#484,#481,#16,.T.);
#600=EDGE_CURVE('',#484,#485,#85,.T.);
#601=EDGE_CURVE('',#485,#482,#17,.T.);
#602=EDGE_CURVE('',#486,#480,#86,.T.);
#603=EDGE_CURVE('',#487,#479,#87,.T.);
#604=EDGE_CURVE('',#488,#487,#88,.T.);
#605=EDGE_CURVE('',#488,#489,#89,.T.);
#606=EDGE_CURVE('',#490,#489,#90,.T.);
#607=EDGE_CURVE('',#490,#491,#390,.T.);
#608=EDGE_CURVE('',#491,#492,#91,.T.);
#609=EDGE_CURVE('',#492,#493,#391,.T.);
#610=EDGE_CURVE('',#486,#493,#92,.T.);
#611=EDGE_CURVE('',#494,#495,#93,.T.);
#612=EDGE_CURVE('',#495,#496,#392,.T.);
#613=EDGE_CURVE('',#496,#497,#94,.T.);
#614=EDGE_CURVE('',#497,#494,#393,.T.);
#615=EDGE_CURVE('',#498,#440,#394,.T.);
#616=EDGE_CURVE('',#498,#449,#395,.T.);
#617=EDGE_CURVE('',#499,#486,#18,.T.);
#618=EDGE_CURVE('',#493,#448,#95,.T.);
#619=EDGE_CURVE('',#450,#499,#96,.T.);
#620=EDGE_CURVE('',#500,#428,#396,.T.);
#621=EDGE_CURVE('',#500,#437,#397,.T.);
#622=EDGE_CURVE('',#446,#432,#97,.T.);
#623=EDGE_CURVE('',#434,#444,#98,.T.);
#624=EDGE_CURVE('',#489,#501,#19,.T.);
#625=EDGE_CURVE('',#501,#500,#99,.T.);
#626=EDGE_CURVE('',#430,#490,#100,.T.);
#627=EDGE_CURVE('',#502,#503,#20,.T.);
#628=EDGE_CURVE('',#503,#436,#101,.T.);
#629=EDGE_CURVE('',#438,#502,#102,.T.);
#630=EDGE_CURVE('',#504,#505,#21,.T.);
#631=EDGE_CURVE('',#505,#498,#103,.T.);
#632=EDGE_CURVE('',#442,#504,#104,.T.);
#633=EDGE_CURVE('',#493,#506,#398,.T.);
#634=EDGE_CURVE('',#506,#507,#105,.T.);
#635=EDGE_CURVE('',#507,#490,#399,.T.);
#636=EDGE_CURVE('',#499,#505,#106,.T.);
#637=EDGE_CURVE('',#508,#509,#107,.T.);
#638=EDGE_CURVE('',#508,#510,#22,.T.);
#639=EDGE_CURVE('',#510,#511,#108,.T.);
#640=EDGE_CURVE('',#511,#509,#23,.T.);
#641=EDGE_CURVE('',#511,#512,#109,.T.);
#642=EDGE_CURVE('',#512,#488,#24,.T.);
#643=EDGE_CURVE('',#509,#488,#110,.T.);
#644=EDGE_CURVE('',#482,#504,#111,.T.);
#645=EDGE_CURVE('',#503,#508,#112,.T.);
#646=EDGE_CURVE('',#477,#508,#113,.T.);
#647=EDGE_CURVE('',#475,#513,#114,.T.);
#648=EDGE_CURVE('',#513,#474,#400,.T.);
#649=EDGE_CURVE('',#472,#514,#115,.T.);
#650=EDGE_CURVE('',#514,#471,#401,.T.);
#651=EDGE_CURVE('',#469,#515,#116,.T.);
#652=EDGE_CURVE('',#515,#468,#402,.T.);
#653=EDGE_CURVE('',#512,#510,#117,.T.);
#654=EDGE_CURVE('',#501,#502,#118,.T.);
#655=EDGE_CURVE('',#483,#485,#119,.T.);
#656=EDGE_CURVE('',#516,#452,#120,.T.);
#657=EDGE_CURVE('',#516,#478,#121,.T.);
#658=EDGE_CURVE('',#517,#518,#122,.T.);
#659=EDGE_CURVE('',#518,#519,#403,.T.);
#660=EDGE_CURVE('',#519,#520,#123,.T.);
#661=EDGE_CURVE('',#520,#517,#404,.T.);
#662=EDGE_CURVE('',#521,#522,#124,.T.);
#663=EDGE_CURVE('',#522,#523,#405,.T.);
#664=EDGE_CURVE('',#523,#524,#125,.T.);
#665=EDGE_CURVE('',#524,#521,#406,.T.);
#666=EDGE_CURVE('',#513,#456,#126,.T.);
#667=EDGE_CURVE('',#514,#460,#127,.T.);
#668=EDGE_CURVE('',#515,#464,#128,.T.);
#669=EDGE_CURVE('',#521,#492,#129,.T.);
#670=EDGE_CURVE('',#522,#491,#130,.T.);
#671=EDGE_CURVE('',#524,#506,#131,.T.);
#672=EDGE_CURVE('',#523,#507,#132,.T.);
#673=EDGE_CURVE('',#517,#495,#133,.T.);
#674=EDGE_CURVE('',#518,#494,#134,.T.);
#675=EDGE_CURVE('',#520,#496,#135,.T.);
#676=EDGE_CURVE('',#519,#497,#136,.T.);
#677=EDGE_CURVE('',#487,#516,#137,.T.);
#678=ORIENTED_EDGE('',*,*,#525,.F.);
#679=ORIENTED_EDGE('',*,*,#526,.T.);
#680=ORIENTED_EDGE('',*,*,#527,.T.);
#681=ORIENTED_EDGE('',*,*,#528,.F.);
#682=ORIENTED_EDGE('',*,*,#526,.F.);
#683=ORIENTED_EDGE('',*,*,#529,.T.);
#684=ORIENTED_EDGE('',*,*,#530,.F.);
#685=ORIENTED_EDGE('',*,*,#531,.T.);
#686=ORIENTED_EDGE('',*,*,#529,.F.);
#687=ORIENTED_EDGE('',*,*,#532,.T.);
#688=ORIENTED_EDGE('',*,*,#533,.T.);
#689=ORIENTED_EDGE('',*,*,#534,.F.);
#690=ORIENTED_EDGE('',*,*,#532,.F.);
#691=ORIENTED_EDGE('',*,*,#535,.T.);
#692=ORIENTED_EDGE('',*,*,#536,.F.);
#693=ORIENTED_EDGE('',*,*,#537,.T.);
#694=ORIENTED_EDGE('',*,*,#535,.F.);
#695=ORIENTED_EDGE('',*,*,#538,.T.);
#696=ORIENTED_EDGE('',*,*,#539,.T.);
#697=ORIENTED_EDGE('',*,*,#540,.F.);
#698=ORIENTED_EDGE('',*,*,#541,.F.);
#699=ORIENTED_EDGE('',*,*,#542,.T.);
#700=ORIENTED_EDGE('',*,*,#543,.T.);
#701=ORIENTED_EDGE('',*,*,#544,.F.);
#702=ORIENTED_EDGE('',*,*,#542,.F.);
#703=ORIENTED_EDGE('',*,*,#545,.T.);
#704=ORIENTED_EDGE('',*,*,#546,.F.);
#705=ORIENTED_EDGE('',*,*,#547,.T.);
#706=ORIENTED_EDGE('',*,*,#545,.F.);
#707=ORIENTED_EDGE('',*,*,#548,.T.);
#708=ORIENTED_EDGE('',*,*,#549,.T.);
#709=ORIENTED_EDGE('',*,*,#550,.F.);
#710=ORIENTED_EDGE('',*,*,#548,.F.);
#711=ORIENTED_EDGE('',*,*,#551,.T.);
#712=ORIENTED_EDGE('',*,*,#552,.F.);
#713=ORIENTED_EDGE('',*,*,#553,.T.);
#714=ORIENTED_EDGE('',*,*,#551,.F.);
#715=ORIENTED_EDGE('',*,*,#554,.T.);
#716=ORIENTED_EDGE('',*,*,#555,.T.);
#717=ORIENTED_EDGE('',*,*,#556,.F.);
#718=ORIENTED_EDGE('',*,*,#557,.F.);
#719=ORIENTED_EDGE('',*,*,#558,.F.);
#720=ORIENTED_EDGE('',*,*,#559,.F.);
#721=ORIENTED_EDGE('',*,*,#560,.F.);
#722=ORIENTED_EDGE('',*,*,#561,.F.);
#723=ORIENTED_EDGE('',*,*,#562,.F.);
#724=ORIENTED_EDGE('',*,*,#563,.F.);
#725=ORIENTED_EDGE('',*,*,#564,.F.);
#726=ORIENTED_EDGE('',*,*,#565,.F.);
#727=ORIENTED_EDGE('',*,*,#566,.F.);
#728=ORIENTED_EDGE('',*,*,#567,.F.);
#729=ORIENTED_EDGE('',*,*,#568,.F.);
#730=ORIENTED_EDGE('',*,*,#569,.F.);
#731=ORIENTED_EDGE('',*,*,#570,.F.);
#732=ORIENTED_EDGE('',*,*,#571,.F.);
#733=ORIENTED_EDGE('',*,*,#572,.F.);
#734=ORIENTED_EDGE('',*,*,#571,.T.);
#735=ORIENTED_EDGE('',*,*,#573,.F.);
#736=ORIENTED_EDGE('',*,*,#574,.F.);
#737=ORIENTED_EDGE('',*,*,#575,.T.);
#738=ORIENTED_EDGE('',*,*,#570,.T.);
#739=ORIENTED_EDGE('',*,*,#576,.F.);
#740=ORIENTED_EDGE('',*,*,#577,.F.);
#741=ORIENTED_EDGE('',*,*,#573,.T.);
#742=ORIENTED_EDGE('',*,*,#567,.T.);
#743=ORIENTED_EDGE('',*,*,#578,.F.);
#744=ORIENTED_EDGE('',*,*,#579,.F.);
#745=ORIENTED_EDGE('',*,*,#580,.T.);
#746=ORIENTED_EDGE('',*,*,#566,.T.);
#747=ORIENTED_EDGE('',*,*,#581,.F.);
#748=ORIENTED_EDGE('',*,*,#582,.F.);
#749=ORIENTED_EDGE('',*,*,#578,.T.);
#750=ORIENTED_EDGE('',*,*,#563,.T.);
#751=ORIENTED_EDGE('',*,*,#583,.F.);
#752=ORIENTED_EDGE('',*,*,#584,.F.);
#753=ORIENTED_EDGE('',*,*,#585,.T.);
#754=ORIENTED_EDGE('',*,*,#562,.T.);
#755=ORIENTED_EDGE('',*,*,#586,.F.);
#756=ORIENTED_EDGE('',*,*,#587,.F.);
#757=ORIENTED_EDGE('',*,*,#583,.T.);
#758=ORIENTED_EDGE('',*,*,#559,.T.);
#759=ORIENTED_EDGE('',*,*,#588,.F.);
#760=ORIENTED_EDGE('',*,*,#589,.F.);
#761=ORIENTED_EDGE('',*,*,#590,.F.);
#762=ORIENTED_EDGE('',*,*,#558,.T.);
#763=ORIENTED_EDGE('',*,*,#591,.T.);
#764=ORIENTED_EDGE('',*,*,#592,.T.);
#765=ORIENTED_EDGE('',*,*,#593,.T.);
#766=ORIENTED_EDGE('',*,*,#594,.T.);
#767=ORIENTED_EDGE('',*,*,#595,.T.);
#768=ORIENTED_EDGE('',*,*,#596,.T.);
#769=ORIENTED_EDGE('',*,*,#588,.T.);
#770=ORIENTED_EDGE('',*,*,#594,.F.);
#771=ORIENTED_EDGE('',*,*,#597,.T.);
#772=ORIENTED_EDGE('',*,*,#598,.T.);
#773=ORIENTED_EDGE('',*,*,#599,.T.);
#774=ORIENTED_EDGE('',*,*,#600,.T.);
#775=ORIENTED_EDGE('',*,*,#601,.T.);
#776=ORIENTED_EDGE('',*,*,#595,.F.);
#777=ORIENTED_EDGE('',*,*,#599,.F.);
#778=ORIENTED_EDGE('',*,*,#602,.T.);
#779=ORIENTED_EDGE('',*,*,#593,.F.);
#780=ORIENTED_EDGE('',*,*,#603,.F.);
#781=ORIENTED_EDGE('',*,*,#604,.F.);
#782=ORIENTED_EDGE('',*,*,#605,.T.);
#783=ORIENTED_EDGE('',*,*,#606,.F.);
#784=ORIENTED_EDGE('',*,*,#607,.T.);
#785=ORIENTED_EDGE('',*,*,#608,.T.);
#786=ORIENTED_EDGE('',*,*,#609,.T.);
#787=ORIENTED_EDGE('',*,*,#610,.F.);
#788=ORIENTED_EDGE('',*,*,#611,.T.);
#789=ORIENTED_EDGE('',*,*,#612,.T.);
#790=ORIENTED_EDGE('',*,*,#613,.T.);
#791=ORIENTED_EDGE('',*,*,#614,.T.);
#792=ORIENTED_EDGE('',*,*,#541,.T.);
#793=ORIENTED_EDGE('',*,*,#615,.F.);
#794=ORIENTED_EDGE('',*,*,#616,.T.);
#795=ORIENTED_EDGE('',*,*,#554,.F.);
#796=ORIENTED_EDGE('',*,*,#617,.T.);
#797=ORIENTED_EDGE('',*,*,#610,.T.);
#798=ORIENTED_EDGE('',*,*,#618,.T.);
#799=ORIENTED_EDGE('',*,*,#552,.T.);
#800=ORIENTED_EDGE('',*,*,#556,.T.);
#801=ORIENTED_EDGE('',*,*,#619,.T.);
#802=ORIENTED_EDGE('',*,*,#525,.T.);
#803=ORIENTED_EDGE('',*,*,#620,.F.);
#804=ORIENTED_EDGE('',*,*,#621,.T.);
#805=ORIENTED_EDGE('',*,*,#538,.F.);
#806=ORIENTED_EDGE('',*,*,#546,.T.);
#807=ORIENTED_EDGE('',*,*,#550,.T.);
#808=ORIENTED_EDGE('',*,*,#622,.T.);
#809=ORIENTED_EDGE('',*,*,#530,.T.);
#810=ORIENTED_EDGE('',*,*,#534,.T.);
#811=ORIENTED_EDGE('',*,*,#623,.T.);
#812=ORIENTED_EDGE('',*,*,#624,.T.);
#813=ORIENTED_EDGE('',*,*,#625,.T.);
#814=ORIENTED_EDGE('',*,*,#620,.T.);
#815=ORIENTED_EDGE('',*,*,#528,.T.);
#816=ORIENTED_EDGE('',*,*,#626,.T.);
#817=ORIENTED_EDGE('',*,*,#606,.T.);
#818=ORIENTED_EDGE('',*,*,#627,.T.);
#819=ORIENTED_EDGE('',*,*,#628,.T.);
#820=ORIENTED_EDGE('',*,*,#536,.T.);
#821=ORIENTED_EDGE('',*,*,#540,.T.);
#822=ORIENTED_EDGE('',*,*,#629,.T.);
#823=ORIENTED_EDGE('',*,*,#630,.T.);
#824=ORIENTED_EDGE('',*,*,#631,.T.);
#825=ORIENTED_EDGE('',*,*,#615,.T.);
#826=ORIENTED_EDGE('',*,*,#544,.T.);
#827=ORIENTED_EDGE('',*,*,#632,.T.);
#828=ORIENTED_EDGE('',*,*,#626,.F.);
#829=ORIENTED_EDGE('',*,*,#527,.F.);
#830=ORIENTED_EDGE('',*,*,#531,.F.);
#831=ORIENTED_EDGE('',*,*,#622,.F.);
#832=ORIENTED_EDGE('',*,*,#549,.F.);
#833=ORIENTED_EDGE('',*,*,#553,.F.);
#834=ORIENTED_EDGE('',*,*,#618,.F.);
#835=ORIENTED_EDGE('',*,*,#633,.T.);
#836=ORIENTED_EDGE('',*,*,#634,.T.);
#837=ORIENTED_EDGE('',*,*,#635,.T.);
#838=ORIENTED_EDGE('',*,*,#619,.F.);
#839=ORIENTED_EDGE('',*,*,#555,.F.);
#840=ORIENTED_EDGE('',*,*,#616,.F.);
#841=ORIENTED_EDGE('',*,*,#631,.F.);
#842=ORIENTED_EDGE('',*,*,#636,.F.);
#843=ORIENTED_EDGE('',*,*,#637,.F.);
#844=ORIENTED_EDGE('',*,*,#638,.T.);
#845=ORIENTED_EDGE('',*,*,#639,.T.);
#846=ORIENTED_EDGE('',*,*,#640,.T.);
#847=ORIENTED_EDGE('',*,*,#641,.T.);
#848=ORIENTED_EDGE('',*,*,#642,.T.);
#849=ORIENTED_EDGE('',*,*,#643,.F.);
#850=ORIENTED_EDGE('',*,*,#640,.F.);
#851=ORIENTED_EDGE('',*,*,#644,.T.);
#852=ORIENTED_EDGE('',*,*,#632,.F.);
#853=ORIENTED_EDGE('',*,*,#543,.F.);
#854=ORIENTED_EDGE('',*,*,#547,.F.);
#855=ORIENTED_EDGE('',*,*,#623,.F.);
#856=ORIENTED_EDGE('',*,*,#533,.F.);
#857=ORIENTED_EDGE('',*,*,#537,.F.);
#858=ORIENTED_EDGE('',*,*,#628,.F.);
#859=ORIENTED_EDGE('',*,*,#645,.T.);
#860=ORIENTED_EDGE('',*,*,#646,.F.);
#861=ORIENTED_EDGE('',*,*,#589,.T.);
#862=ORIENTED_EDGE('',*,*,#596,.F.);
#863=ORIENTED_EDGE('',*,*,#647,.T.);
#864=ORIENTED_EDGE('',*,*,#648,.T.);
#865=ORIENTED_EDGE('',*,*,#584,.T.);
#866=ORIENTED_EDGE('',*,*,#587,.T.);
#867=ORIENTED_EDGE('',*,*,#649,.T.);
#868=ORIENTED_EDGE('',*,*,#650,.T.);
#869=ORIENTED_EDGE('',*,*,#579,.T.);
#870=ORIENTED_EDGE('',*,*,#582,.T.);
#871=ORIENTED_EDGE('',*,*,#651,.T.);
#872=ORIENTED_EDGE('',*,*,#652,.T.);
#873=ORIENTED_EDGE('',*,*,#574,.T.);
#874=ORIENTED_EDGE('',*,*,#577,.T.);
#875=ORIENTED_EDGE('',*,*,#639,.F.);
#876=ORIENTED_EDGE('',*,*,#653,.F.);
#877=ORIENTED_EDGE('',*,*,#641,.F.);
#878=ORIENTED_EDGE('',*,*,#605,.F.);
#879=ORIENTED_EDGE('',*,*,#642,.F.);
#880=ORIENTED_EDGE('',*,*,#653,.T.);
#881=ORIENTED_EDGE('',*,*,#638,.F.);
#882=ORIENTED_EDGE('',*,*,#645,.F.);
#883=ORIENTED_EDGE('',*,*,#627,.F.);
#884=ORIENTED_EDGE('',*,*,#654,.F.);
#885=ORIENTED_EDGE('',*,*,#624,.F.);
#886=ORIENTED_EDGE('',*,*,#625,.F.);
#887=ORIENTED_EDGE('',*,*,#654,.T.);
#888=ORIENTED_EDGE('',*,*,#629,.F.);
#889=ORIENTED_EDGE('',*,*,#539,.F.);
#890=ORIENTED_EDGE('',*,*,#621,.F.);
#891=ORIENTED_EDGE('',*,*,#598,.F.);
#892=ORIENTED_EDGE('',*,*,#655,.T.);
#893=ORIENTED_EDGE('',*,*,#600,.F.);
#894=ORIENTED_EDGE('',*,*,#644,.F.);
#895=ORIENTED_EDGE('',*,*,#601,.F.);
#896=ORIENTED_EDGE('',*,*,#655,.F.);
#897=ORIENTED_EDGE('',*,*,#597,.F.);
#898=ORIENTED_EDGE('',*,*,#602,.F.);
#899=ORIENTED_EDGE('',*,*,#617,.F.);
#900=ORIENTED_EDGE('',*,*,#636,.T.);
#901=ORIENTED_EDGE('',*,*,#630,.F.);
#902=ORIENTED_EDGE('',*,*,#557,.T.);
#903=ORIENTED_EDGE('',*,*,#656,.F.);
#904=ORIENTED_EDGE('',*,*,#657,.T.);
#905=ORIENTED_EDGE('',*,*,#591,.F.);
#906=ORIENTED_EDGE('',*,*,#658,.T.);
#907=ORIENTED_EDGE('',*,*,#659,.T.);
#908=ORIENTED_EDGE('',*,*,#660,.T.);
#909=ORIENTED_EDGE('',*,*,#661,.T.);
#910=ORIENTED_EDGE('',*,*,#662,.T.);
#911=ORIENTED_EDGE('',*,*,#663,.T.);
#912=ORIENTED_EDGE('',*,*,#664,.T.);
#913=ORIENTED_EDGE('',*,*,#665,.T.);
#914=ORIENTED_EDGE('',*,*,#561,.T.);
#915=ORIENTED_EDGE('',*,*,#666,.F.);
#916=ORIENTED_EDGE('',*,*,#647,.F.);
#917=ORIENTED_EDGE('',*,*,#586,.T.);
#918=ORIENTED_EDGE('',*,*,#564,.T.);
#919=ORIENTED_EDGE('',*,*,#585,.F.);
#920=ORIENTED_EDGE('',*,*,#648,.F.);
#921=ORIENTED_EDGE('',*,*,#666,.T.);
#922=ORIENTED_EDGE('',*,*,#565,.T.);
#923=ORIENTED_EDGE('',*,*,#667,.F.);
#924=ORIENTED_EDGE('',*,*,#649,.F.);
#925=ORIENTED_EDGE('',*,*,#581,.T.);
#926=ORIENTED_EDGE('',*,*,#568,.T.);
#927=ORIENTED_EDGE('',*,*,#580,.F.);
#928=ORIENTED_EDGE('',*,*,#650,.F.);
#929=ORIENTED_EDGE('',*,*,#667,.T.);
#930=ORIENTED_EDGE('',*,*,#569,.T.);
#931=ORIENTED_EDGE('',*,*,#668,.F.);
#932=ORIENTED_EDGE('',*,*,#651,.F.);
#933=ORIENTED_EDGE('',*,*,#576,.T.);
#934=ORIENTED_EDGE('',*,*,#572,.T.);
#935=ORIENTED_EDGE('',*,*,#575,.F.);
#936=ORIENTED_EDGE('',*,*,#652,.F.);
#937=ORIENTED_EDGE('',*,*,#668,.T.);
#938=ORIENTED_EDGE('',*,*,#662,.F.);
#939=ORIENTED_EDGE('',*,*,#669,.T.);
#940=ORIENTED_EDGE('',*,*,#608,.F.);
#941=ORIENTED_EDGE('',*,*,#670,.F.);
#942=ORIENTED_EDGE('',*,*,#665,.F.);
#943=ORIENTED_EDGE('',*,*,#671,.T.);
#944=ORIENTED_EDGE('',*,*,#633,.F.);
#945=ORIENTED_EDGE('',*,*,#609,.F.);
#946=ORIENTED_EDGE('',*,*,#669,.F.);
#947=ORIENTED_EDGE('',*,*,#664,.F.);
#948=ORIENTED_EDGE('',*,*,#672,.T.);
#949=ORIENTED_EDGE('',*,*,#634,.F.);
#950=ORIENTED_EDGE('',*,*,#671,.F.);
#951=ORIENTED_EDGE('',*,*,#663,.F.);
#952=ORIENTED_EDGE('',*,*,#670,.T.);
#953=ORIENTED_EDGE('',*,*,#607,.F.);
#954=ORIENTED_EDGE('',*,*,#635,.F.);
#955=ORIENTED_EDGE('',*,*,#672,.F.);
#956=ORIENTED_EDGE('',*,*,#658,.F.);
#957=ORIENTED_EDGE('',*,*,#673,.T.);
#958=ORIENTED_EDGE('',*,*,#611,.F.);
#959=ORIENTED_EDGE('',*,*,#674,.F.);
#960=ORIENTED_EDGE('',*,*,#661,.F.);
#961=ORIENTED_EDGE('',*,*,#675,.T.);
#962=ORIENTED_EDGE('',*,*,#612,.F.);
#963=ORIENTED_EDGE('',*,*,#673,.F.);
#964=ORIENTED_EDGE('',*,*,#660,.F.);
#965=ORIENTED_EDGE('',*,*,#676,.T.);
#966=ORIENTED_EDGE('',*,*,#613,.F.);
#967=ORIENTED_EDGE('',*,*,#675,.F.);
#968=ORIENTED_EDGE('',*,*,#659,.F.);
#969=ORIENTED_EDGE('',*,*,#674,.T.);
#970=ORIENTED_EDGE('',*,*,#614,.F.);
#971=ORIENTED_EDGE('',*,*,#676,.F.);
#972=ORIENTED_EDGE('',*,*,#560,.T.);
#973=ORIENTED_EDGE('',*,*,#590,.T.);
#974=ORIENTED_EDGE('',*,*,#646,.T.);
#975=ORIENTED_EDGE('',*,*,#637,.T.);
#976=ORIENTED_EDGE('',*,*,#643,.T.);
#977=ORIENTED_EDGE('',*,*,#604,.T.);
#978=ORIENTED_EDGE('',*,*,#677,.T.);
#979=ORIENTED_EDGE('',*,*,#656,.T.);
#980=ORIENTED_EDGE('',*,*,#603,.T.);
#981=ORIENTED_EDGE('',*,*,#592,.F.);
#982=ORIENTED_EDGE('',*,*,#657,.F.);
#983=ORIENTED_EDGE('',*,*,#677,.F.);
#984=B_SPLINE_SURFACE_WITH_KNOTS('',3,3,((#1430,#1431,#1432,#1433,#1434,
#1435,#1436,#1437,#1438,#1439),(#1440,#1441,#1442,#1443,#1444,#1445,#1446,
#1447,#1448,#1449),(#1450,#1451,#1452,#1453,#1454,#1455,#1456,#1457,#1458,
#1459),(#1460,#1461,#1462,#1463,#1464,#1465,#1466,#1467,#1468,#1469),(#1470,
#1471,#1472,#1473,#1474,#1475,#1476,#1477,#1478,#1479),(#1480,#1481,#1482,
#1483,#1484,#1485,#1486,#1487,#1488,#1489)),.UNSPECIFIED.,.F.,.F.,.F.,(4,
1,1,4),(4,1,1,1,1,1,1,4),(0.,0.333333333333333,0.666666666666667,1.),(0.,
0.142857142857143,0.285714285714286,0.428571428571429,0.571428571428571,
0.714285714285714,0.857142857142857,1.),.UNSPECIFIED.);
#985=B_SPLINE_SURFACE_WITH_KNOTS('',3,3,((#1587,#1588,#1589,#1590,#1591,
#1592),(#1593,#1594,#1595,#1596,#1597,#1598),(#1599,#1600,#1601,#1602,#1603,
#1604),(#1605,#1606,#1607,#1608,#1609,#1610),(#1611,#1612,#1613,#1614,#1615,
#1616),(#1617,#1618,#1619,#1620,#1621,#1622),(#1623,#1624,#1625,#1626,#1627,
#1628),(#1629,#1630,#1631,#1632,#1633,#1634),(#1635,#1636,#1637,#1638,#1639,
#1640),(#1641,#1642,#1643,#1644,#1645,#1646)),.UNSPECIFIED.,.F.,.F.,.F.,
(4,1,1,1,1,1,1,4),(4,1,1,4),(0.,0.142857142857143,0.285714285714286,0.428571428571429,
0.571428571428571,0.714285714285714,0.857142857142857,1.),(0.,0.333333333333333,
0.666666666666667,1.),.UNSPECIFIED.);
#986=B_SPLINE_SURFACE_WITH_KNOTS('',3,3,((#1718,#1719,#1720,#1721,#1722,
#1723,#1724,#1725,#1726,#1727),(#1728,#1729,#1730,#1731,#1732,#1733,#1734,
#1735,#1736,#1737),(#1738,#1739,#1740,#1741,#1742,#1743,#1744,#1745,#1746,
#1747),(#1748,#1749,#1750,#1751,#1752,#1753,#1754,#1755,#1756,#1757),(#1758,
#1759,#1760,#1761,#1762,#1763,#1764,#1765,#1766,#1767),(#1768,#1769,#1770,
#1771,#1772,#1773,#1774,#1775,#1776,#1777)),.UNSPECIFIED.,.F.,.F.,.F.,(4,
1,1,4),(4,1,1,1,1,1,1,4),(0.,0.333333333333333,0.666666666666667,1.),(0.,
0.142857142857143,0.285714285714286,0.428571428571429,0.571428571428571,
0.714285714285714,0.857142857142857,1.),.UNSPECIFIED.);
#987=B_SPLINE_SURFACE_WITH_KNOTS('',3,3,((#1857,#1858,#1859,#1860,#1861,
#1862),(#1863,#1864,#1865,#1866,#1867,#1868),(#1869,#1870,#1871,#1872,#1873,
#1874),(#1875,#1876,#1877,#1878,#1879,#1880),(#1881,#1882,#1883,#1884,#1885,
#1886),(#1887,#1888,#1889,#1890,#1891,#1892),(#1893,#1894,#1895,#1896,#1897,
#1898),(#1899,#1900,#1901,#1902,#1903,#1904),(#1905,#1906,#1907,#1908,#1909,
#1910)),.UNSPECIFIED.,.F.,.F.,.F.,(4,1,1,1,1,1,4),(4,1,1,4),(0.,0.166666666666667,
0.333333333333333,0.5,0.666666666666667,0.833333333333333,1.),(0.,0.333333333333333,
0.666666666666667,1.),.UNSPECIFIED.);
#988=B_SPLINE_SURFACE_WITH_KNOTS('',3,3,((#2002,#2003,#2004,#2005,#2006,
#2007,#2008,#2009,#2010),(#2011,#2012,#2013,#2014,#2015,#2016,#2017,#2018,
#2019),(#2020,#2021,#2022,#2023,#2024,#2025,#2026,#2027,#2028),(#2029,#2030,
#2031,#2032,#2033,#2034,#2035,#2036,#2037),(#2038,#2039,#2040,#2041,#2042,
#2043,#2044,#2045,#2046),(#2047,#2048,#2049,#2050,#2051,#2052,#2053,#2054,
#2055)),.UNSPECIFIED.,.F.,.F.,.F.,(4,1,1,4),(4,1,1,1,1,1,4),(0.,0.333333333333333,
0.666666666666667,1.),(0.,0.166666666666667,0.333333333333333,0.5,0.666666666666667,
0.833333333333333,1.),.UNSPECIFIED.);
#989=B_SPLINE_SURFACE_WITH_KNOTS('',3,3,((#2066,#2067,#2068,#2069,#2070,
#2071,#2072,#2073,#2074,#2075),(#2076,#2077,#2078,#2079,#2080,#2081,#2082,
#2083,#2084,#2085),(#2086,#2087,#2088,#2089,#2090,#2091,#2092,#2093,#2094,
#2095),(#2096,#2097,#2098,#2099,#2100,#2101,#2102,#2103,#2104,#2105),(#2106,
#2107,#2108,#2109,#2110,#2111,#2112,#2113,#2114,#2115),(#2116,#2117,#2118,
#2119,#2120,#2121,#2122,#2123,#2124,#2125)),.UNSPECIFIED.,.F.,.F.,.F.,(4,
1,1,4),(4,1,1,1,1,1,1,4),(0.,0.333333333333333,0.666666666666667,1.),(0.,
0.142857142857143,0.285714285714286,0.428571428571429,0.571428571428571,
0.714285714285714,0.857142857142857,1.),.UNSPECIFIED.);
#990=B_SPLINE_SURFACE_WITH_KNOTS('',3,3,((#2223,#2224,#2225,#2226,#2227,
#2228),(#2229,#2230,#2231,#2232,#2233,#2234),(#2235,#2236,#2237,#2238,#2239,
#2240),(#2241,#2242,#2243,#2244,#2245,#2246),(#2247,#2248,#2249,#2250,#2251,
#2252),(#2253,#2254,#2255,#2256,#2257,#2258),(#2259,#2260,#2261,#2262,#2263,
#2264),(#2265,#2266,#2267,#2268,#2269,#2270),(#2271,#2272,#2273,#2274,#2275,
#2276),(#2277,#2278,#2279,#2280,#2281,#2282)),.UNSPECIFIED.,.F.,.F.,.F.,
(4,1,1,1,1,1,1,4),(4,1,1,4),(0.,0.142857142857143,0.285714285714286,0.428571428571429,
0.571428571428571,0.714285714285714,0.857142857142857,1.),(0.,0.333333333333333,
0.666666666666667,1.),.UNSPECIFIED.);
#991=B_SPLINE_SURFACE_WITH_KNOTS('',3,3,((#2354,#2355,#2356,#2357,#2358,
#2359,#2360,#2361,#2362,#2363),(#2364,#2365,#2366,#2367,#2368,#2369,#2370,
#2371,#2372,#2373),(#2374,#2375,#2376,#2377,#2378,#2379,#2380,#2381,#2382,
#2383),(#2384,#2385,#2386,#2387,#2388,#2389,#2390,#2391,#2392,#2393),(#2394,
#2395,#2396,#2397,#2398,#2399,#2400,#2401,#2402,#2403),(#2404,#2405,#2406,
#2407,#2408,#2409,#2410,#2411,#2412,#2413)),.UNSPECIFIED.,.F.,.F.,.F.,(4,
1,1,4),(4,1,1,1,1,1,1,4),(0.,0.333333333333333,0.666666666666667,1.),(0.,
0.142857142857143,0.285714285714286,0.428571428571429,0.571428571428571,
0.714285714285714,0.857142857142857,1.),.UNSPECIFIED.);
#992=B_SPLINE_SURFACE_WITH_KNOTS('',3,3,((#2493,#2494,#2495,#2496,#2497,
#2498),(#2499,#2500,#2501,#2502,#2503,#2504),(#2505,#2506,#2507,#2508,#2509,
#2510),(#2511,#2512,#2513,#2514,#2515,#2516),(#2517,#2518,#2519,#2520,#2521,
#2522),(#2523,#2524,#2525,#2526,#2527,#2528),(#2529,#2530,#2531,#2532,#2533,
#2534),(#2535,#2536,#2537,#2538,#2539,#2540),(#2541,#2542,#2543,#2544,#2545,
#2546)),.UNSPECIFIED.,.F.,.F.,.F.,(4,1,1,1,1,1,4),(4,1,1,4),(0.,0.166666666666667,
0.333333333333333,0.5,0.666666666666667,0.833333333333333,1.),(0.,0.333333333333333,
0.666666666666667,1.),.UNSPECIFIED.);
#993=B_SPLINE_SURFACE_WITH_KNOTS('',3,3,((#2638,#2639,#2640,#2641,#2642,
#2643,#2644,#2645,#2646),(#2647,#2648,#2649,#2650,#2651,#2652,#2653,#2654,
#2655),(#2656,#2657,#2658,#2659,#2660,#2661,#2662,#2663,#2664),(#2665,#2666,
#2667,#2668,#2669,#2670,#2671,#2672,#2673),(#2674,#2675,#2676,#2677,#2678,
#2679,#2680,#2681,#2682),(#2683,#2684,#2685,#2686,#2687,#2688,#2689,#2690,
#2691)),.UNSPECIFIED.,.F.,.F.,.F.,(4,1,1,4),(4,1,1,1,1,1,4),(0.,0.333333333333333,
0.666666666666667,1.),(0.,0.166666666666667,0.333333333333333,0.5,0.666666666666667,
0.833333333333333,1.),.UNSPECIFIED.);
#994=B_SPLINE_SURFACE_WITH_KNOTS('',3,3,((#2819,#2820,#2821,#2822,#2823,
#2824),(#2825,#2826,#2827,#2828,#2829,#2830),(#2831,#2832,#2833,#2834,#2835,
#2836),(#2837,#2838,#2839,#2840,#2841,#2842),(#2843,#2844,#2845,#2846,#2847,
#2848),(#2849,#2850,#2851,#2852,#2853,#2854),(#2855,#2856,#2857,#2858,#2859,
#2860),(#2861,#2862,#2863,#2864,#2865,#2866),(#2867,#2868,#2869,#2870,#2871,
#2872),(#2873,#2874,#2875,#2876,#2877,#2878)),.UNSPECIFIED.,.F.,.F.,.F.,
(4,1,1,1,1,1,1,4),(4,1,1,4),(0.,0.142857142857143,0.285714285714286,0.428571428571429,
0.571428571428571,0.714285714285714,0.857142857142857,1.),(0.,0.333333333333333,
0.666666666666667,1.),.UNSPECIFIED.);
#995=B_SPLINE_SURFACE_WITH_KNOTS('',3,3,((#2887,#2888,#2889,#2890,#2891,
#2892),(#2893,#2894,#2895,#2896,#2897,#2898),(#2899,#2900,#2901,#2902,#2903,
#2904),(#2905,#2906,#2907,#2908,#2909,#2910),(#2911,#2912,#2913,#2914,#2915,
#2916),(#2917,#2918,#2919,#2920,#2921,#2922),(#2923,#2924,#2925,#2926,#2927,
#2928),(#2929,#2930,#2931,#2932,#2933,#2934),(#2935,#2936,#2937,#2938,#2939,
#2940),(#2941,#2942,#2943,#2944,#2945,#2946)),.UNSPECIFIED.,.F.,.F.,.F.,
(4,1,1,1,1,1,1,4),(4,1,1,4),(0.,0.142857142857143,0.285714285714286,0.428571428571429,
0.571428571428571,0.714285714285714,0.857142857142857,1.),(0.,0.333333333333333,
0.666666666666667,1.),.UNSPECIFIED.);
#996=ADVANCED_FACE('',(#248),#984,.T.);
#997=ADVANCED_FACE('',(#249),#985,.T.);
#998=ADVANCED_FACE('',(#250),#986,.T.);
#999=ADVANCED_FACE('',(#251),#987,.T.);
#1000=ADVANCED_FACE('',(#252),#988,.T.);
#1001=ADVANCED_FACE('',(#253),#989,.T.);
#1002=ADVANCED_FACE('',(#254),#990,.T.);
#1003=ADVANCED_FACE('',(#255),#991,.T.);
#1004=ADVANCED_FACE('',(#256),#992,.T.);
#1005=ADVANCED_FACE('',(#257),#993,.T.);
#1006=ADVANCED_FACE('',(#258,#44,#45,#46),#223,.T.);
#1007=ADVANCED_FACE('',(#259),#224,.F.);
#1008=ADVANCED_FACE('',(#260),#25,.F.);
#1009=ADVANCED_FACE('',(#261),#225,.F.);
#1010=ADVANCED_FACE('',(#262),#26,.F.);
#1011=ADVANCED_FACE('',(#263),#226,.F.);
#1012=ADVANCED_FACE('',(#264),#27,.F.);
#1013=ADVANCED_FACE('',(#265),#227,.T.);
#1014=ADVANCED_FACE('',(#266),#228,.T.);
#1015=ADVANCED_FACE('',(#267),#28,.F.);
#1016=ADVANCED_FACE('',(#268),#29,.F.);
#1017=ADVANCED_FACE('',(#269,#47),#229,.T.);
#1018=ADVANCED_FACE('',(#270),#994,.T.);
#1019=ADVANCED_FACE('',(#271),#30,.F.);
#1020=ADVANCED_FACE('',(#272),#995,.T.);
#1021=ADVANCED_FACE('',(#273),#31,.F.);
#1022=ADVANCED_FACE('',(#274),#32,.F.);
#1023=ADVANCED_FACE('',(#275),#33,.F.);
#1024=ADVANCED_FACE('',(#276),#34,.F.);
#1025=ADVANCED_FACE('',(#277),#230,.T.);
#1026=ADVANCED_FACE('',(#278),#231,.F.);
#1027=ADVANCED_FACE('',(#279),#35,.F.);
#1028=ADVANCED_FACE('',(#280),#36,.F.);
#1029=ADVANCED_FACE('',(#281,#48,#49,#50),#232,.T.);
#1030=ADVANCED_FACE('',(#282),#233,.F.);
#1031=ADVANCED_FACE('',(#283),#234,.F.);
#1032=ADVANCED_FACE('',(#284),#235,.T.);
#1033=ADVANCED_FACE('',(#285),#236,.T.);
#1034=ADVANCED_FACE('',(#286),#237,.T.);
#1035=ADVANCED_FACE('',(#287,#51,#52),#238,.T.);
#1036=ADVANCED_FACE('',(#288),#239,.F.);
#1037=ADVANCED_FACE('',(#289),#37,.F.);
#1038=ADVANCED_FACE('',(#290),#240,.F.);
#1039=ADVANCED_FACE('',(#291),#38,.F.);
#1040=ADVANCED_FACE('',(#292),#241,.F.);
#1041=ADVANCED_FACE('',(#293),#39,.F.);
#1042=ADVANCED_FACE('',(#294),#242,.F.);
#1043=ADVANCED_FACE('',(#295),#40,.F.);
#1044=ADVANCED_FACE('',(#296),#243,.F.);
#1045=ADVANCED_FACE('',(#297),#41,.F.);
#1046=ADVANCED_FACE('',(#298),#244,.F.);
#1047=ADVANCED_FACE('',(#299),#42,.F.);
#1048=ADVANCED_FACE('',(#300),#245,.F.);
#1049=ADVANCED_FACE('',(#301),#43,.F.);
#1050=ADVANCED_FACE('',(#302),#246,.T.);
#1051=ADVANCED_FACE('',(#303),#247,.T.);
#1052=CLOSED_SHELL('',(#996,#997,#998,#999,#1000,#1001,#1002,#1003,#1004,
#1005,#1006,#1007,#1008,#1009,#1010,#1011,#1012,#1013,#1014,#1015,#1016,
#1017,#1018,#1019,#1020,#1021,#1022,#1023,#1024,#1025,#1026,#1027,#1028,
#1029,#1030,#1031,#1032,#1033,#1034,#1035,#1036,#1037,#1038,#1039,#1040,
#1041,#1042,#1043,#1044,#1045,#1046,#1047,#1048,#1049,#1050,#1051));
#1053=DERIVED_UNIT_ELEMENT(#1055,1.);
#1054=DERIVED_UNIT_ELEMENT(#3066,-3.);
#1055=(
MASS_UNIT()
NAMED_UNIT(*)
SI_UNIT(.KILO.,.GRAM.)
);
#1056=DERIVED_UNIT((#1053,#1054));
#1057=MEASURE_REPRESENTATION_ITEM('density measure',
POSITIVE_RATIO_MEASURE(7850.),#1056);
#1058=PROPERTY_DEFINITION_REPRESENTATION(#1063,#1060);
#1059=PROPERTY_DEFINITION_REPRESENTATION(#1064,#1061);
#1060=REPRESENTATION('material name',(#1062),#3063);
#1061=REPRESENTATION('density',(#1057),#3063);
#1062=DESCRIPTIVE_REPRESENTATION_ITEM('Acier','Acier');
#1063=PROPERTY_DEFINITION('material property','material name',#3073);
#1064=PROPERTY_DEFINITION('material property','density of part',#3073);
#1065=AXIS2_PLACEMENT_3D('',#1429,#1158,#1159);
#1066=AXIS2_PLACEMENT_3D('',#1586,#1160,#1161);
#1067=AXIS2_PLACEMENT_3D('',#1659,#1162,#1163);
#1068=AXIS2_PLACEMENT_3D('',#1856,#1164,#1165);
#1069=AXIS2_PLACEMENT_3D('',#1922,#1166,#1167);
#1070=AXIS2_PLACEMENT_3D('',#2064,#1168,#1169);
#1071=AXIS2_PLACEMENT_3D('',#2065,#1170,#1171);
#1072=AXIS2_PLACEMENT_3D('',#2222,#1172,#1173);
#1073=AXIS2_PLACEMENT_3D('',#2295,#1174,#1175);
#1074=AXIS2_PLACEMENT_3D('',#2492,#1176,#1177);
#1075=AXIS2_PLACEMENT_3D('',#2558,#1178,#1179);
#1076=AXIS2_PLACEMENT_3D('',#2700,#1180,#1181);
#1077=AXIS2_PLACEMENT_3D('',#2701,#1182,#1183);
#1078=AXIS2_PLACEMENT_3D('',#2702,#1184,#1185);
#1079=AXIS2_PLACEMENT_3D('',#2715,#1191,#1192);
#1080=AXIS2_PLACEMENT_3D('',#2718,#1194,#1195);
#1081=AXIS2_PLACEMENT_3D('',#2723,#1197,#1198);
#1082=AXIS2_PLACEMENT_3D('',#2726,#1200,#1201);
#1083=AXIS2_PLACEMENT_3D('',#2731,#1203,#1204);
#1084=AXIS2_PLACEMENT_3D('',#2734,#1206,#1207);
#1085=AXIS2_PLACEMENT_3D('',#2735,#1208,#1209);
#1086=AXIS2_PLACEMENT_3D('',#2741,#1213,#1214);
#1087=AXIS2_PLACEMENT_3D('',#2744,#1216,#1217);
#1088=AXIS2_PLACEMENT_3D('',#2745,#1218,#1219);
#1089=AXIS2_PLACEMENT_3D('',#2751,#1223,#1224);
#1090=AXIS2_PLACEMENT_3D('',#2754,#1226,#1227);
#1091=AXIS2_PLACEMENT_3D('',#2755,#1228,#1229);
#1092=AXIS2_PLACEMENT_3D('',#2761,#1233,#1234);
#1093=AXIS2_PLACEMENT_3D('',#2764,#1236,#1237);
#1094=AXIS2_PLACEMENT_3D('',#2765,#1238,#1239);
#1095=AXIS2_PLACEMENT_3D('',#2771,#1243,#1244);
#1096=AXIS2_PLACEMENT_3D('',#2783,#1251,#1252);
#1097=AXIS2_PLACEMENT_3D('',#2785,#1253,#1254);
#1098=AXIS2_PLACEMENT_3D('',#2788,#1256,#1257);
#1099=AXIS2_PLACEMENT_3D('',#2789,#1258,#1259);
#1100=AXIS2_PLACEMENT_3D('',#2792,#1261,#1262);
#1101=AXIS2_PLACEMENT_3D('',#2793,#1263,#1264);
#1102=AXIS2_PLACEMENT_3D('',#2805,#1270,#1271);
#1103=AXIS2_PLACEMENT_3D('',#2809,#1273,#1274);
#1104=AXIS2_PLACEMENT_3D('',#2815,#1277,#1278);
#1105=AXIS2_PLACEMENT_3D('',#2818,#1280,#1281);
#1106=AXIS2_PLACEMENT_3D('',#2880,#1282,#1283);
#1107=AXIS2_PLACEMENT_3D('',#2881,#1284,#1285);
#1108=AXIS2_PLACEMENT_3D('',#2882,#1286,#1287);
#1109=AXIS2_PLACEMENT_3D('',#2884,#1288,#1289);
#1110=AXIS2_PLACEMENT_3D('',#2948,#1292,#1293);
#1111=AXIS2_PLACEMENT_3D('',#2949,#1294,#1295);
#1112=AXIS2_PLACEMENT_3D('',#2950,#1296,#1297);
#1113=AXIS2_PLACEMENT_3D('',#2953,#1300,#1301);
#1114=AXIS2_PLACEMENT_3D('',#2955,#1302,#1303);
#1115=AXIS2_PLACEMENT_3D('',#2958,#1306,#1307);
#1116=AXIS2_PLACEMENT_3D('',#2961,#1308,#1309);
#1117=AXIS2_PLACEMENT_3D('',#2964,#1312,#1313);
#1118=AXIS2_PLACEMENT_3D('',#2967,#1314,#1315);
#1119=AXIS2_PLACEMENT_3D('',#2970,#1318,#1319);
#1120=AXIS2_PLACEMENT_3D('',#2972,#1320,#1321);
#1121=AXIS2_PLACEMENT_3D('',#2975,#1323,#1324);
#1122=AXIS2_PLACEMENT_3D('',#2976,#1325,#1326);
#1123=AXIS2_PLACEMENT_3D('',#2978,#1328,#1329);
#1124=AXIS2_PLACEMENT_3D('',#2983,#1331,#1332);
#1125=AXIS2_PLACEMENT_3D('',#2986,#1334,#1335);
#1126=AXIS2_PLACEMENT_3D('',#2987,#1336,#1337);
#1127=AXIS2_PLACEMENT_3D('',#2990,#1339,#1340);
#1128=AXIS2_PLACEMENT_3D('',#2992,#1342,#1343);
#1129=AXIS2_PLACEMENT_3D('',#2998,#1348,#1349);
#1130=AXIS2_PLACEMENT_3D('',#3001,#1351,#1352);
#1131=AXIS2_PLACEMENT_3D('',#3004,#1354,#1355);
#1132=AXIS2_PLACEMENT_3D('',#3005,#1356,#1357);
#1133=AXIS2_PLACEMENT_3D('',#3007,#1359,#1360);
#1134=AXIS2_PLACEMENT_3D('',#3009,#1362,#1363);
#1135=AXIS2_PLACEMENT_3D('',#3010,#1364,#1365);
#1136=AXIS2_PLACEMENT_3D('',#3012,#1367,#1368);
#1137=AXIS2_PLACEMENT_3D('',#3013,#1369,#1370);
#1138=AXIS2_PLACEMENT_3D('',#3021,#1374,#1375);
#1139=AXIS2_PLACEMENT_3D('',#3024,#1377,#1378);
#1140=AXIS2_PLACEMENT_3D('',#3029,#1380,#1381);
#1141=AXIS2_PLACEMENT_3D('',#3032,#1383,#1384);
#1142=AXIS2_PLACEMENT_3D('',#3033,#1385,#1386);
#1143=AXIS2_PLACEMENT_3D('',#3035,#1388,#1389);
#1144=AXIS2_PLACEMENT_3D('',#3036,#1390,#1391);
#1145=AXIS2_PLACEMENT_3D('',#3038,#1393,#1394);
#1146=AXIS2_PLACEMENT_3D('',#3039,#1395,#1396);
#1147=AXIS2_PLACEMENT_3D('',#3041,#1398,#1399);
#1148=AXIS2_PLACEMENT_3D('',#3042,#1400,#1401);
#1149=AXIS2_PLACEMENT_3D('',#3045,#1404,#1405);
#1150=AXIS2_PLACEMENT_3D('',#3047,#1407,#1408);
#1151=AXIS2_PLACEMENT_3D('',#3049,#1410,#1411);
#1152=AXIS2_PLACEMENT_3D('',#3050,#1412,#1413);
#1153=AXIS2_PLACEMENT_3D('',#3053,#1416,#1417);
#1154=AXIS2_PLACEMENT_3D('',#3055,#1419,#1420);
#1155=AXIS2_PLACEMENT_3D('',#3057,#1422,#1423);
#1156=AXIS2_PLACEMENT_3D('',#3058,#1424,#1425);
#1157=AXIS2_PLACEMENT_3D('',#3060,#1427,#1428);
#1158=DIRECTION('axis',(0.,0.,1.));
#1159=DIRECTION('refdir',(1.,0.,0.));
#1160=DIRECTION('center_axis',(0.,1.,0.));
#1161=DIRECTION('ref_axis',(-1.,0.,0.));
#1162=DIRECTION('center_axis',(-1.,0.,0.));
#1163=DIRECTION('ref_axis',(0.,5.55111512312578E-16,1.));
#1164=DIRECTION('center_axis',(-1.,0.,0.));
#1165=DIRECTION('ref_axis',(0.,5.55111512312578E-16,1.));
#1166=DIRECTION('center_axis',(0.,0.,1.));
#1167=DIRECTION('ref_axis',(0.,1.,0.));
#1168=DIRECTION('center_axis',(-1.,0.,0.));
#1169=DIRECTION('ref_axis',(0.,0.707106781186548,0.707106781186547));
#1170=DIRECTION('center_axis',(0.,0.,1.));
#1171=DIRECTION('ref_axis',(0.,1.,0.));
#1172=DIRECTION('center_axis',(0.,0.,1.));
#1173=DIRECTION('ref_axis',(1.,0.,0.));
#1174=DIRECTION('center_axis',(1.,0.,0.));
#1175=DIRECTION('ref_axis',(0.,1.,0.));
#1176=DIRECTION('center_axis',(1.,0.,0.));
#1177=DIRECTION('ref_axis',(0.,1.,0.));
#1178=DIRECTION('center_axis',(0.,1.,0.));
#1179=DIRECTION('ref_axis',(0.,0.,1.));
#1180=DIRECTION('center_axis',(1.,0.,0.));
#1181=DIRECTION('ref_axis',(0.,0.707106781186547,0.707106781186547));
#1182=DIRECTION('center_axis',(0.,1.,0.));
#1183=DIRECTION('ref_axis',(0.,0.,1.));
#1184=DIRECTION('center_axis',(0.,1.,0.));
#1185=DIRECTION('ref_axis',(0.,0.,1.));
#1186=DIRECTION('',(-1.,0.,0.));
#1187=DIRECTION('',(0.,0.,1.));
#1188=DIRECTION('',(1.,0.,0.));
#1189=DIRECTION('',(0.,0.,-1.));
#1190=DIRECTION('',(-3.00060276925718E-16,0.,1.));
#1191=DIRECTION('center_axis',(0.,1.,0.));
#1192=DIRECTION('ref_axis',(1.,0.,0.));
#1193=DIRECTION('',(3.00060276925718E-16,0.,-1.));
#1194=DIRECTION('center_axis',(0.,1.,0.));
#1195=DIRECTION('ref_axis',(1.,0.,0.));
#1196=DIRECTION('',(0.,0.,1.));
#1197=DIRECTION('center_axis',(0.,1.,0.));
#1198=DIRECTION('ref_axis',(1.,0.,0.));
#1199=DIRECTION('',(0.,0.,-1.));
#1200=DIRECTION('center_axis',(0.,1.,0.));
#1201=DIRECTION('ref_axis',(1.,0.,0.));
#1202=DIRECTION('',(0.,0.,1.));
#1203=DIRECTION('center_axis',(0.,1.,0.));
#1204=DIRECTION('ref_axis',(1.,0.,0.));
#1205=DIRECTION('',(0.,0.,-1.));
#1206=DIRECTION('center_axis',(0.,1.,0.));
#1207=DIRECTION('ref_axis',(1.,0.,0.));
#1208=DIRECTION('center_axis',(1.,0.,0.));
#1209=DIRECTION('ref_axis',(0.,0.,-1.));
#1210=DIRECTION('',(0.,1.,0.));
#1211=DIRECTION('',(0.,0.,-1.));
#1212=DIRECTION('',(0.,1.,0.));
#1213=DIRECTION('center_axis',(0.,1.,0.));
#1214=DIRECTION('ref_axis',(1.,0.,0.));
#1215=DIRECTION('',(0.,1.,0.));
#1216=DIRECTION('center_axis',(0.,1.,0.));
#1217=DIRECTION('ref_axis',(1.,0.,0.));
#1218=DIRECTION('center_axis',(1.,0.,0.));
#1219=DIRECTION('ref_axis',(0.,0.,-1.));
#1220=DIRECTION('',(0.,1.,0.));
#1221=DIRECTION('',(0.,0.,-1.));
#1222=DIRECTION('',(0.,1.,0.));
#1223=DIRECTION('center_axis',(0.,1.,0.));
#1224=DIRECTION('ref_axis',(1.,0.,0.));
#1225=DIRECTION('',(0.,1.,0.));
#1226=DIRECTION('center_axis',(0.,1.,0.));
#1227=DIRECTION('ref_axis',(1.,0.,0.));
#1228=DIRECTION('center_axis',(1.,0.,3.00060276925718E-16));
#1229=DIRECTION('ref_axis',(3.00060276925718E-16,0.,-1.));
#1230=DIRECTION('',(0.,1.,0.));
#1231=DIRECTION('',(3.00060276925718E-16,0.,-1.));
#1232=DIRECTION('',(0.,1.,0.));
#1233=DIRECTION('center_axis',(0.,1.,0.));
#1234=DIRECTION('ref_axis',(-1.48551188515165E-8,0.,-1.));
#1235=DIRECTION('',(0.,1.,0.));
#1236=DIRECTION('center_axis',(0.,1.,0.));
#1237=DIRECTION('ref_axis',(1.,0.,0.));
#1238=DIRECTION('center_axis',(0.,0.,-1.));
#1239=DIRECTION('ref_axis',(0.,1.,0.));
#1240=DIRECTION('',(0.,1.,0.));
#1241=DIRECTION('',(1.,0.,0.));
#1242=DIRECTION('',(0.,-1.,0.));
#1243=DIRECTION('center_axis',(1.,0.,0.));
#1244=DIRECTION('ref_axis',(0.,0.,-1.));
#1245=DIRECTION('',(0.,-1.,0.));
#1246=DIRECTION('',(0.,0.,-1.));
#1247=DIRECTION('',(0.,1.,-3.41607084500048E-16));
#1248=DIRECTION('',(0.,1.,-3.41607084500048E-16));
#1249=DIRECTION('',(0.,0.,-1.));
#1250=DIRECTION('',(0.,0.,-1.));
#1251=DIRECTION('center_axis',(0.,1.,-3.41607084500048E-16));
#1252=DIRECTION('ref_axis',(-0.707106781186546,0.,0.707106781186549));
#1253=DIRECTION('center_axis',(0.,-0.707106781186548,-0.707106781186547));
#1254=DIRECTION('ref_axis',(-6.54205191118239E-17,-0.707106781186547,0.707106781186548));
#1255=DIRECTION('',(0.,1.,-3.41607084500048E-16));
#1256=DIRECTION('center_axis',(0.,0.707106781186548,-0.707106781186547));
#1257=DIRECTION('ref_axis',(0.,-0.707106781186547,-0.707106781186548));
#1258=DIRECTION('center_axis',(0.,0.,-1.));
#1259=DIRECTION('ref_axis',(-0.707106781186546,0.707106781186549,0.));
#1260=DIRECTION('',(0.,0.,-1.));
#1261=DIRECTION('center_axis',(0.,-0.707106781186548,-0.707106781186547));
#1262=DIRECTION('ref_axis',(0.,0.707106781186547,-0.707106781186548));
#1263=DIRECTION('center_axis',(0.,-3.41607084500048E-16,-1.));
#1264=DIRECTION('ref_axis',(0.,1.,-3.41607084500048E-16));
#1265=DIRECTION('',(1.,0.,0.));
#1266=DIRECTION('',(1.,0.,0.));
#1267=DIRECTION('',(0.,-1.,3.41607084500048E-16));
#1268=DIRECTION('',(1.,0.,0.));
#1269=DIRECTION('',(0.,-1.,3.41607084500048E-16));
#1270=DIRECTION('center_axis',(0.,3.41607084500048E-16,1.));
#1271=DIRECTION('ref_axis',(-1.,0.,0.));
#1272=DIRECTION('',(1.,4.0723033935673E-16,-1.39112768947618E-31));
#1273=DIRECTION('center_axis',(0.,3.41607084500048E-16,1.));
#1274=DIRECTION('ref_axis',(-1.,0.,0.));
#1275=DIRECTION('',(0.,1.,-3.41607084500048E-16));
#1276=DIRECTION('',(1.,3.61982523872649E-16,-1.23655794620105E-31));
#1277=DIRECTION('center_axis',(0.,3.41607084500048E-16,1.));
#1278=DIRECTION('ref_axis',(-1.,0.,0.));
#1279=DIRECTION('',(-1.,-2.71486892904487E-16,9.27418459650785E-32));
#1280=DIRECTION('center_axis',(0.,3.41607084500048E-16,1.));
#1281=DIRECTION('ref_axis',(-1.,0.,0.));
#1282=DIRECTION('center_axis',(0.,0.,1.));
#1283=DIRECTION('ref_axis',(1.,0.,0.));
#1284=DIRECTION('center_axis',(1.,0.,0.));
#1285=DIRECTION('ref_axis',(0.,0.707106781186547,0.707106781186547));
#1286=DIRECTION('center_axis',(0.,-1.,3.41607084500048E-16));
#1287=DIRECTION('ref_axis',(0.707106781186548,0.,0.707106781186547));
#1288=DIRECTION('center_axis',(0.,-0.707106781186548,-0.707106781186547));
#1289=DIRECTION('ref_axis',(6.5420519111824E-17,-0.707106781186547,0.707106781186548));
#1290=DIRECTION('',(0.,1.,-3.41607084500048E-16));
#1291=DIRECTION('',(0.,-1.,3.41607084500048E-16));
#1292=DIRECTION('center_axis',(0.,1.,0.));
#1293=DIRECTION('ref_axis',(-1.,0.,0.));
#1294=DIRECTION('center_axis',(-1.,0.,0.));
#1295=DIRECTION('ref_axis',(0.,0.707106781186548,0.707106781186547));
#1296=DIRECTION('center_axis',(1.,0.,0.));
#1297=DIRECTION('ref_axis',(0.,0.707106781186548,0.707106781186548));
#1298=DIRECTION('',(-1.,0.,0.));
#1299=DIRECTION('',(1.,0.,0.));
#1300=DIRECTION('center_axis',(0.,1.,-3.41607084500048E-16));
#1301=DIRECTION('ref_axis',(-0.707106781186548,0.,0.707106781186547));
#1302=DIRECTION('center_axis',(0.,-0.707106781186548,-0.707106781186547));
#1303=DIRECTION('ref_axis',(-6.5420519111824E-17,-0.707106781186547,0.707106781186548));
#1304=DIRECTION('',(0.,1.,-3.41607084500048E-16));
#1305=DIRECTION('',(0.,-1.,3.41607084500048E-16));
#1306=DIRECTION('center_axis',(0.,0.,-1.));
#1307=DIRECTION('ref_axis',(-0.707106781186548,0.707106781186547,0.));
#1308=DIRECTION('center_axis',(0.,-0.707106781186548,-0.707106781186547));
#1309=DIRECTION('ref_axis',(-6.54205191118239E-17,0.707106781186547,-0.707106781186548));
#1310=DIRECTION('',(0.,0.,1.));
#1311=DIRECTION('',(0.,0.,-1.));
#1312=DIRECTION('center_axis',(0.,0.,1.));
#1313=DIRECTION('ref_axis',(0.707106781186548,0.707106781186547,0.));
#1314=DIRECTION('center_axis',(0.,-0.707106781186548,-0.707106781186547));
#1315=DIRECTION('ref_axis',(6.54205191118239E-17,0.707106781186547,-0.707106781186548));
#1316=DIRECTION('',(0.,0.,1.));
#1317=DIRECTION('',(0.,0.,-1.));
#1318=DIRECTION('center_axis',(0.,-3.41607084500048E-16,-1.));
#1319=DIRECTION('ref_axis',(0.,1.,-3.41607084500048E-16));
#1320=DIRECTION('center_axis',(0.,3.41607084500048E-16,1.));
#1321=DIRECTION('ref_axis',(-1.,0.,0.));
#1322=DIRECTION('',(-1.,-1.35743446452243E-16,4.63709229825393E-32));
#1323=DIRECTION('center_axis',(0.,3.41607084500048E-16,1.));
#1324=DIRECTION('ref_axis',(-1.,0.,0.));
#1325=DIRECTION('center_axis',(1.,0.,0.));
#1326=DIRECTION('ref_axis',(0.,1.,0.));
#1327=DIRECTION('',(0.,0.707106781186547,-0.707106781186548));
#1328=DIRECTION('center_axis',(0.,0.,1.));
#1329=DIRECTION('ref_axis',(0.707106781186546,0.707106781186549,0.));
#1330=DIRECTION('',(0.,0.,1.));
#1331=DIRECTION('center_axis',(0.,-0.707106781186548,-0.707106781186547));
#1332=DIRECTION('ref_axis',(0.,0.707106781186547,-0.707106781186548));
#1333=DIRECTION('',(0.,0.,1.));
#1334=DIRECTION('center_axis',(0.,-0.707106781186548,0.707106781186547));
#1335=DIRECTION('ref_axis',(0.,-0.707106781186547,-0.707106781186547));
#1336=DIRECTION('center_axis',(0.,-1.,3.41607084500048E-16));
#1337=DIRECTION('ref_axis',(0.707106781186546,0.,0.707106781186549));
#1338=DIRECTION('',(0.,-1.,3.41607084500048E-16));
#1339=DIRECTION('center_axis',(0.,-0.707106781186548,-0.707106781186547));
#1340=DIRECTION('ref_axis',(6.54205191118239E-17,-0.707106781186547,0.707106781186548));
#1341=DIRECTION('',(0.,-1.,3.41607084500048E-16));
#1342=DIRECTION('center_axis',(0.,-1.,0.));
#1343=DIRECTION('ref_axis',(0.,0.,-1.));
#1344=DIRECTION('',(-1.,0.,0.));
#1345=DIRECTION('',(-1.,0.,0.));
#1346=DIRECTION('',(0.,0.,1.));
#1347=DIRECTION('',(-3.00060276925718E-16,0.,1.));
#1348=DIRECTION('center_axis',(0.,1.,0.));
#1349=DIRECTION('ref_axis',(1.,0.,0.));
#1350=DIRECTION('',(0.,0.,1.));
#1351=DIRECTION('center_axis',(0.,1.,0.));
#1352=DIRECTION('ref_axis',(1.,0.,0.));
#1353=DIRECTION('',(0.,0.,1.));
#1354=DIRECTION('center_axis',(0.,1.,0.));
#1355=DIRECTION('ref_axis',(1.,0.,0.));
#1356=DIRECTION('center_axis',(1.,0.,0.));
#1357=DIRECTION('ref_axis',(0.,1.,0.));
#1358=DIRECTION('',(0.,0.707106781186547,-0.707106781186548));
#1359=DIRECTION('center_axis',(0.,0.707106781186548,0.707106781186547));
#1360=DIRECTION('ref_axis',(0.,0.707106781186547,-0.707106781186548));
#1361=DIRECTION('',(0.,0.707106781186547,-0.707106781186548));
#1362=DIRECTION('center_axis',(1.,0.,0.));
#1363=DIRECTION('ref_axis',(0.,1.,0.));
#1364=DIRECTION('center_axis',(1.,0.,0.));
#1365=DIRECTION('ref_axis',(0.,1.,0.));
#1366=DIRECTION('',(0.,0.707106781186547,-0.707106781186548));
#1367=DIRECTION('center_axis',(0.,-0.707106781186548,-0.707106781186547));
#1368=DIRECTION('ref_axis',(0.,0.707106781186547,-0.707106781186548));
#1369=DIRECTION('center_axis',(0.,0.,1.));
#1370=DIRECTION('ref_axis',(0.,-1.,0.));
#1371=DIRECTION('',(0.,1.,0.));
#1372=DIRECTION('',(1.,0.,0.));
#1373=DIRECTION('',(-1.,-3.61982523872649E-16,0.));
#1374=DIRECTION('center_axis',(0.,0.,-1.));
#1375=DIRECTION('ref_axis',(-1.,0.,0.));
#1376=DIRECTION('',(1.,2.71486892904487E-16,0.));
#1377=DIRECTION('center_axis',(0.,0.,-1.));
#1378=DIRECTION('ref_axis',(-1.,0.,0.));
#1379=DIRECTION('',(-1.,-4.0723033935673E-16,0.));
#1380=DIRECTION('center_axis',(0.,0.,-1.));
#1381=DIRECTION('ref_axis',(-1.,0.,0.));
#1382=DIRECTION('',(1.,1.35743446452243E-16,0.));
#1383=DIRECTION('center_axis',(0.,0.,-1.));
#1384=DIRECTION('ref_axis',(-1.,0.,0.));
#1385=DIRECTION('center_axis',(-1.,0.,-3.00060276925718E-16));
#1386=DIRECTION('ref_axis',(-3.00060276925718E-16,0.,1.));
#1387=DIRECTION('',(0.,1.,0.));
#1388=DIRECTION('center_axis',(0.,1.,0.));
#1389=DIRECTION('ref_axis',(1.,0.,0.));
#1390=DIRECTION('center_axis',(-1.,0.,0.));
#1391=DIRECTION('ref_axis',(0.,0.,1.));
#1392=DIRECTION('',(0.,1.,0.));
#1393=DIRECTION('center_axis',(0.,1.,0.));
#1394=DIRECTION('ref_axis',(1.,0.,0.));
#1395=DIRECTION('center_axis',(-1.,0.,0.));
#1396=DIRECTION('ref_axis',(0.,0.,1.));
#1397=DIRECTION('',(0.,1.,0.));
#1398=DIRECTION('center_axis',(0.,1.,0.));
#1399=DIRECTION('ref_axis',(1.,0.,0.));
#1400=DIRECTION('center_axis',(4.0723033935673E-16,-1.,0.));
#1401=DIRECTION('ref_axis',(-1.,-4.0723033935673E-16,0.));
#1402=DIRECTION('',(0.,0.,-1.));
#1403=DIRECTION('',(0.,0.,-1.));
#1404=DIRECTION('center_axis',(0.,0.,-1.));
#1405=DIRECTION('ref_axis',(0.999999999999999,-4.71617232929917E-8,0.));
#1406=DIRECTION('',(0.,0.,-1.));
#1407=DIRECTION('center_axis',(-1.35743446452243E-16,1.,0.));
#1408=DIRECTION('ref_axis',(1.,1.35743446452243E-16,0.));
#1409=DIRECTION('',(0.,0.,-1.));
#1410=DIRECTION('center_axis',(0.,0.,-1.));
#1411=DIRECTION('ref_axis',(-1.,0.,0.));
#1412=DIRECTION('center_axis',(3.61982523872649E-16,-1.,0.));
#1413=DIRECTION('ref_axis',(-1.,-3.61982523872649E-16,0.));
#1414=DIRECTION('',(0.,0.,-1.));
#1415=DIRECTION('',(0.,0.,-1.));
#1416=DIRECTION('center_axis',(0.,0.,-1.));
#1417=DIRECTION('ref_axis',(0.999999999999999,-4.66879440549279E-8,0.));
#1418=DIRECTION('',(0.,0.,-1.));
#1419=DIRECTION('center_axis',(-2.71486892904487E-16,1.,0.));
#1420=DIRECTION('ref_axis',(1.,2.71486892904487E-16,0.));
#1421=DIRECTION('',(0.,0.,-1.));
#1422=DIRECTION('center_axis',(0.,0.,-1.));
#1423=DIRECTION('ref_axis',(-1.,0.,0.));
#1424=DIRECTION('center_axis',(-1.,0.,0.));
#1425=DIRECTION('ref_axis',(0.,0.,1.));
#1426=DIRECTION('',(0.,0.,1.));
#1427=DIRECTION('center_axis',(0.,-1.,0.));
#1428=DIRECTION('ref_axis',(0.,0.,-1.));
#1429=CARTESIAN_POINT('',(0.,0.,0.));
#1430=CARTESIAN_POINT('Ctrl Pts',(-37.5701869430899,-3.73773516952728,18.7625321324071));
#1431=CARTESIAN_POINT('Ctrl Pts',(-37.6317507444014,-3.84285831141008,18.7892001354437));
#1432=CARTESIAN_POINT('Ctrl Pts',(-37.7452121853432,-4.07036480757757,18.8401430673575));
#1433=CARTESIAN_POINT('Ctrl Pts',(-37.8912002548023,-4.48204370296139,18.9107765427623));
#1434=CARTESIAN_POINT('Ctrl Pts',(-38.0136670912651,-4.98620428474921,18.9766534948772));
#1435=CARTESIAN_POINT('Ctrl Pts',(-38.1107455438558,-5.614178634112,19.0376228540855));
#1436=CARTESIAN_POINT('Ctrl Pts',(-38.1774887670901,-6.37488982546318,19.0893449971134));
#1437=CARTESIAN_POINT('Ctrl Pts',(-38.1997634178569,-7.15649681239924,19.1179314429465));
#1438=CARTESIAN_POINT('Ctrl Pts',(-38.1943203435596,-7.60268409962073,19.1213203435596));
#1439=CARTESIAN_POINT('Ctrl Pts',(-38.1943203435596,-7.83298097339481,19.1213203435596));
#1440=CARTESIAN_POINT('Ctrl Pts',(-37.4265246064736,-3.79999909165691,19.0082590168858));
#1441=CARTESIAN_POINT('Ctrl Pts',(-37.4879244966881,-3.90440312400122,19.0258379852131));
#1442=CARTESIAN_POINT('Ctrl Pts',(-37.6015271154124,-4.13154240005959,19.0613061987424));
#1443=CARTESIAN_POINT('Ctrl Pts',(-37.7473392800911,-4.54589264185768,19.1152446809044));
#1444=CARTESIAN_POINT('Ctrl Pts',(-37.8674177863095,-5.05385418555822,19.1696997302329));
#1445=CARTESIAN_POINT('Ctrl Pts',(-37.958444361,-5.68232932018013,19.2229304726457));
#1446=CARTESIAN_POINT('Ctrl Pts',(-38.0151196432621,-6.42644857286646,19.2681317502341));
#1447=CARTESIAN_POINT('Ctrl Pts',(-38.0265897142228,-7.17440666184088,19.2931471564402));
#1448=CARTESIAN_POINT('Ctrl Pts',(-38.0136078430988,-7.60882235865993,19.3020328440204));
#1449=CARTESIAN_POINT('Ctrl Pts',(-38.0092002211364,-7.83298097339481,19.3064404659829));
#1450=CARTESIAN_POINT('Ctrl Pts',(-37.1011150755145,-3.93592611049833,19.4032626939904));
#1451=CARTESIAN_POINT('Ctrl Pts',(-37.1637486588117,-4.0417838978086,19.4127095333472));
#1452=CARTESIAN_POINT('Ctrl Pts',(-37.2787486214539,-4.27406287059278,19.4338927550208));
#1453=CARTESIAN_POINT('Ctrl Pts',(-37.4214755136847,-4.70365440265845,19.4722423223029));
#1454=CARTESIAN_POINT('Ctrl Pts',(-37.5308751727189,-5.22831416365195,19.5153228821995));
#1455=CARTESIAN_POINT('Ctrl Pts',(-37.6030962804665,-5.85933554949496,19.5574676055233));
#1456=CARTESIAN_POINT('Ctrl Pts',(-37.6367972500591,-6.556814884403,19.5884588178105));
#1457=CARTESIAN_POINT('Ctrl Pts',(-37.6281968324915,-7.22399673078501,19.6060164273772));
#1458=CARTESIAN_POINT('Ctrl Pts',(-37.6027412363909,-7.62440917050068,19.6200642719566));
#1459=CARTESIAN_POINT('Ctrl Pts',(-37.5902360096789,-7.83298097339478,19.627922055005));
#1460=CARTESIAN_POINT('Ctrl Pts',(-36.2681478365094,-4.21883195886303,19.870785024894));
#1461=CARTESIAN_POINT('Ctrl Pts',(-36.3403240564404,-4.34238197603214,19.8754332034876));
#1462=CARTESIAN_POINT('Ctrl Pts',(-36.4718992844275,-4.61221394838707,19.885668846694));
#1463=CARTESIAN_POINT('Ctrl Pts',(-36.635216519622,-5.08904980487061,19.9008705199334));
#1464=CARTESIAN_POINT('Ctrl Pts',(-36.7613392438274,-5.61881215450511,19.9122344632403));
#1465=CARTESIAN_POINT('Ctrl Pts',(-36.8502813436263,-6.18979967436724,19.9170381470384));
#1466=CARTESIAN_POINT('Ctrl Pts',(-36.8993159030875,-6.75623974476487,19.9173715244336));
#1467=CARTESIAN_POINT('Ctrl Pts',(-36.9006820455508,-7.30280826560212,19.9212340089284));
#1468=CARTESIAN_POINT('Ctrl Pts',(-36.8727724567063,-7.65856353308553,19.9277831376983));
#1469=CARTESIAN_POINT('Ctrl Pts',(-36.8583736344194,-7.83298097339482,19.9310693766281));
#1470=CARTESIAN_POINT('Ctrl Pts',(-35.5787833740978,-4.54054533771993,20.));
#1471=CARTESIAN_POINT('Ctrl Pts',(-35.6673162156996,-4.6682976585432,20.));
#1472=CARTESIAN_POINT('Ctrl Pts',(-35.8310912157822,-4.94329602410186,20.));
#1473=CARTESIAN_POINT('Ctrl Pts',(-36.0347791841781,-5.40562307208033,20.));
#1474=CARTESIAN_POINT('Ctrl Pts',(-36.1877652660854,-5.8918239355153,20.));
#1475=CARTESIAN_POINT('Ctrl Pts',(-36.2906098036423,-6.40294557392056,20.));
#1476=CARTESIAN_POINT('Ctrl Pts',(-36.3436248800321,-6.90184156119006,20.));
#1477=CARTESIAN_POINT('Ctrl Pts',(-36.3527381340778,-7.3903026127241,20.));
#1478=CARTESIAN_POINT('Ctrl Pts',(-36.3410327065563,-7.68816720049082,20.));
#1479=CARTESIAN_POINT('Ctrl Pts',(-36.3347993877991,-7.83298097339481,20.));
#1480=CARTESIAN_POINT('Ctrl Pts',(-35.2662164836772,-4.70268984531573,20.));
#1481=CARTESIAN_POINT('Ctrl Pts',(-35.3573586152382,-4.83330149300194,20.));
#1482=CARTESIAN_POINT('Ctrl Pts',(-35.5256918914058,-5.11279551136071,20.));
#1483=CARTESIAN_POINT('Ctrl Pts',(-35.7330262251851,-5.57170096063939,20.));
#1484=CARTESIAN_POINT('Ctrl Pts',(-35.8871002789744,-6.0418770905729,20.));
#1485=CARTESIAN_POINT('Ctrl Pts',(-35.9920025070592,-6.52558457584613,20.));
#1486=CARTESIAN_POINT('Ctrl Pts',(-36.0507395043009,-6.98629993562663,20.));
#1487=CARTESIAN_POINT('Ctrl Pts',(-36.0725687941632,-7.43417572263014,20.));
#1488=CARTESIAN_POINT('Ctrl Pts',(-36.073,-7.70282432983737,20.));
#1489=CARTESIAN_POINT('Ctrl Pts',(-36.073,-7.83298097339481,20.));
#1490=CARTESIAN_POINT('',(-37.5701869430899,-3.73773516952728,18.7625321324071));
#1491=CARTESIAN_POINT('',(-38.1943203435596,-7.83298097339481,19.1213203435596));
#1492=CARTESIAN_POINT('Ctrl Pts',(-37.5701869430899,-3.73773516952728,18.7625321324071));
#1493=CARTESIAN_POINT('Ctrl Pts',(-37.6317507444014,-3.84285831141008,18.7892001354437));
#1494=CARTESIAN_POINT('Ctrl Pts',(-37.7452121853432,-4.07036480757757,18.8401430673575));
#1495=CARTESIAN_POINT('Ctrl Pts',(-37.8912002548023,-4.48204370296139,18.9107765427623));
#1496=CARTESIAN_POINT('Ctrl Pts',(-38.0136670912651,-4.98620428474921,18.9766534948772));
#1497=CARTESIAN_POINT('Ctrl Pts',(-38.1107455438558,-5.614178634112,19.0376228540855));
#1498=CARTESIAN_POINT('Ctrl Pts',(-38.1774887670901,-6.37488982546318,19.0893449971134));
#1499=CARTESIAN_POINT('Ctrl Pts',(-38.1997634178569,-7.15649681239924,19.1179314429465));
#1500=CARTESIAN_POINT('Ctrl Pts',(-38.1943203435596,-7.60268409962073,19.1213203435596));
#1501=CARTESIAN_POINT('Ctrl Pts',(-38.1943203435596,-7.83298097339481,19.1213203435596));
#1502=CARTESIAN_POINT('',(-35.2662164836772,-4.70268984531573,20.));
#1503=CARTESIAN_POINT('Ctrl Pts',(-37.5701869430899,-3.73773516952728,18.7625321324071));
#1504=CARTESIAN_POINT('Ctrl Pts',(-37.4265246064736,-3.79999909165691,19.0082590168858));
#1505=CARTESIAN_POINT('Ctrl Pts',(-37.1011150755145,-3.93592611049833,19.4032626939904));
#1506=CARTESIAN_POINT('Ctrl Pts',(-36.2681478365094,-4.21883195886303,19.870785024894));
#1507=CARTESIAN_POINT('Ctrl Pts',(-35.5787833740978,-4.54054533771993,20.));
#1508=CARTESIAN_POINT('Ctrl Pts',(-35.2662164836772,-4.70268984531573,20.));
#1509=CARTESIAN_POINT('',(-36.073,-7.83298097339481,20.));
#1510=CARTESIAN_POINT('Ctrl Pts',(-35.2662164836772,-4.70268984531573,20.));
#1511=CARTESIAN_POINT('Ctrl Pts',(-35.2933625949057,-4.74159170393041,20.));
#1512=CARTESIAN_POINT('Ctrl Pts',(-35.3198740564066,-4.7812650047127,20.));
#1513=CARTESIAN_POINT('Ctrl Pts',(-35.3457577873031,-4.82169628691442,20.));
#1514=CARTESIAN_POINT('Ctrl Pts',(-35.3736336670059,-4.86523937440032,20.));
#1515=CARTESIAN_POINT('Ctrl Pts',(-35.4007812761428,-4.9096611506771,20.));
#1516=CARTESIAN_POINT('Ctrl Pts',(-35.4271858732779,-4.95488617195424,20.));
#1517=CARTESIAN_POINT('Ctrl Pts',(-35.4572477129179,-5.00637521116931,20.));
#1518=CARTESIAN_POINT('Ctrl Pts',(-35.4863461224509,-5.05890465229497,20.));
#1519=CARTESIAN_POINT('Ctrl Pts',(-35.5144340126513,-5.11229870343764,20.));
#1520=CARTESIAN_POINT('Ctrl Pts',(-35.5605372550684,-5.19993927971102,20.));
#1521=CARTESIAN_POINT('Ctrl Pts',(-35.6039150882763,-5.28990335891414,20.));
#1522=CARTESIAN_POINT('Ctrl Pts',(-35.6443058350312,-5.38126591232687,20.));
#1523=CARTESIAN_POINT('Ctrl Pts',(-35.6672063281482,-5.43306608176351,20.));
#1524=CARTESIAN_POINT('Ctrl Pts',(-35.6891460081038,-5.48531397755936,20.));
#1525=CARTESIAN_POINT('Ctrl Pts',(-35.7100874499507,-5.53786283941427,20.));
#1526=CARTESIAN_POINT('Ctrl Pts',(-35.7296391213621,-5.58692431701178,20.));
#1527=CARTESIAN_POINT('Ctrl Pts',(-35.7483202787954,-5.63624720674287,20.));
#1528=CARTESIAN_POINT('Ctrl Pts',(-35.7661165530538,-5.68574941123107,20.));
#1529=CARTESIAN_POINT('Ctrl Pts',(-35.7828005601709,-5.73215772793876,20.));
#1530=CARTESIAN_POINT('Ctrl Pts',(-35.798706636843,-5.77872314115173,20.));
#1531=CARTESIAN_POINT('Ctrl Pts',(-35.8138414556178,-5.82542164977387,20.));
#1532=CARTESIAN_POINT('Ctrl Pts',(-35.8286051018026,-5.87097490474919,20.));
#1533=CARTESIAN_POINT('Ctrl Pts',(-35.8426346496694,-5.91665437901873,20.));
#1534=CARTESIAN_POINT('Ctrl Pts',(-35.8559577215146,-5.9624884441555,20.));
#1535=CARTESIAN_POINT('Ctrl Pts',(-35.8671958056315,-6.00114972928643,20.));
#1536=CARTESIAN_POINT('Ctrl Pts',(-35.8779330230598,-6.03992774469857,20.));
#1537=CARTESIAN_POINT('Ctrl Pts',(-35.8881857008141,-6.07881330530546,20.));
#1538=CARTESIAN_POINT('Ctrl Pts',(-35.8996125997669,-6.12215236095749,20.));
#1539=CARTESIAN_POINT('Ctrl Pts',(-35.9104375122763,-6.16562440792666,20.));
#1540=CARTESIAN_POINT('Ctrl Pts',(-35.9206743854261,-6.20915374664011,20.));
#1541=CARTESIAN_POINT('Ctrl Pts',(-35.9341914223281,-6.26663103185233,20.));
#1542=CARTESIAN_POINT('Ctrl Pts',(-35.946682867281,-6.32420663803269,20.));
#1543=CARTESIAN_POINT('Ctrl Pts',(-35.9581690794878,-6.38161280273941,20.));
#1544=CARTESIAN_POINT('Ctrl Pts',(-35.9687594269333,-6.43454158542362,20.));
#1545=CARTESIAN_POINT('Ctrl Pts',(-35.9784943656157,-6.48732038267849,20.));
#1546=CARTESIAN_POINT('Ctrl Pts',(-35.9873919044827,-6.53973971266106,20.));
#1547=CARTESIAN_POINT('Ctrl Pts',(-35.9945160295085,-6.58171107869198,20.));
#1548=CARTESIAN_POINT('Ctrl Pts',(-36.0011031878987,-6.62345099944026,20.));
#1549=CARTESIAN_POINT('Ctrl Pts',(-36.0071688289705,-6.66488728883134,20.));
#1550=CARTESIAN_POINT('Ctrl Pts',(-36.012675922988,-6.70250796877525,20.));
#1551=CARTESIAN_POINT('Ctrl Pts',(-36.0177530537206,-6.73987783145776,20.));
#1552=CARTESIAN_POINT('Ctrl Pts',(-36.0224186423929,-6.77698468262112,20.));
#1553=CARTESIAN_POINT('Ctrl Pts',(-36.0269660861741,-6.8131518913947,20.));
#1554=CARTESIAN_POINT('Ctrl Pts',(-36.031122455384,-6.84906848725696,20.));
#1555=CARTESIAN_POINT('Ctrl Pts',(-36.034913027496,-6.88477453788228,20.));
#1556=CARTESIAN_POINT('Ctrl Pts',(-36.0388896386929,-6.92223302080212,20.));
#1557=CARTESIAN_POINT('Ctrl Pts',(-36.0424639562198,-6.95946518166238,20.));
#1558=CARTESIAN_POINT('Ctrl Pts',(-36.0456752860104,-6.99656799031531,20.));
#1559=CARTESIAN_POINT('Ctrl Pts',(-36.0484348616824,-7.02845135789131,20.));
#1560=CARTESIAN_POINT('Ctrl Pts',(-36.050926544909,-7.0602391549214,20.));
#1561=CARTESIAN_POINT('Ctrl Pts',(-36.0531745173239,-7.09193399284711,20.));
#1562=CARTESIAN_POINT('Ctrl Pts',(-36.0556994381806,-7.12753360999416,20.));
#1563=CARTESIAN_POINT('Ctrl Pts',(-36.0579168432822,-7.16301524201495,20.));
#1564=CARTESIAN_POINT('Ctrl Pts',(-36.0598600566374,-7.19831717456909,20.));
#1565=CARTESIAN_POINT('Ctrl Pts',(-36.0626510064309,-7.24901974981952,20.));
#1566=CARTESIAN_POINT('Ctrl Pts',(-36.0648759440989,-7.2993490717062,20.));
#1567=CARTESIAN_POINT('Ctrl Pts',(-36.0666351542113,-7.34900668982633,20.));
#1568=CARTESIAN_POINT('Ctrl Pts',(-36.0680056918778,-7.38769316370628,20.));
#1569=CARTESIAN_POINT('Ctrl Pts',(-36.0690935036494,-7.4259668159264,20.));
#1570=CARTESIAN_POINT('Ctrl Pts',(-36.0699495936599,-7.46370253427354,20.));
#1571=CARTESIAN_POINT('Ctrl Pts',(-36.0706826698776,-7.49601590942953,20.));
#1572=CARTESIAN_POINT('Ctrl Pts',(-36.0712458340481,-7.52793375370865,20.));
#1573=CARTESIAN_POINT('Ctrl Pts',(-36.0716743252683,-7.55942174501134,20.));
#1574=CARTESIAN_POINT('Ctrl Pts',(-36.0720479570941,-7.58687835350723,20.));
#1575=CARTESIAN_POINT('Ctrl Pts',(-36.0723192101609,-7.61400803397557,20.));
#1576=CARTESIAN_POINT('Ctrl Pts',(-36.0725139463494,-7.64083052749773,20.));
#1577=CARTESIAN_POINT('Ctrl Pts',(-36.0727000660231,-7.66646620300825,20.));
#1578=CARTESIAN_POINT('Ctrl Pts',(-36.0728162791221,-7.69182084389695,20.));
#1579=CARTESIAN_POINT('Ctrl Pts',(-36.0728876170819,-7.71695761397036,20.));
#1580=CARTESIAN_POINT('Ctrl Pts',(-36.0729552170442,-7.7407772565949,20.));
#1581=CARTESIAN_POINT('Ctrl Pts',(-36.0729825196367,-7.76440108130969,20.));
#1582=CARTESIAN_POINT('Ctrl Pts',(-36.0729931593799,-7.78792912186253,20.));
#1583=CARTESIAN_POINT('Ctrl Pts',(-36.0729999620695,-7.80297214986934,20.));
#1584=CARTESIAN_POINT('Ctrl Pts',(-36.073,-7.81797695714205,20.));
#1585=CARTESIAN_POINT('Ctrl Pts',(-36.073,-7.83298097339481,20.));
#1586=CARTESIAN_POINT('Origin',(-36.073,-7.83298097339481,17.));
#1587=CARTESIAN_POINT('Ctrl Pts',(-37.5701869430899,-3.73773516952728,18.7625321324071));
#1588=CARTESIAN_POINT('Ctrl Pts',(-37.4265246064736,-3.79999909165691,19.0082590168858));
#1589=CARTESIAN_POINT('Ctrl Pts',(-37.1011150755145,-3.93592611049833,19.4032626939904));
#1590=CARTESIAN_POINT('Ctrl Pts',(-36.2681478365094,-4.21883195886303,19.870785024894));
#1591=CARTESIAN_POINT('Ctrl Pts',(-35.5787833740978,-4.54054533771993,20.));
#1592=CARTESIAN_POINT('Ctrl Pts',(-35.2662164836772,-4.70268984531573,20.));
#1593=CARTESIAN_POINT('Ctrl Pts',(-37.4470535689428,-3.65929656570004,18.84117565129));
#1594=CARTESIAN_POINT('Ctrl Pts',(-37.3030706468813,-3.72118929107564,19.0704118281091));
#1595=CARTESIAN_POINT('Ctrl Pts',(-36.9755938057831,-3.85257945308872,19.441081886624));
#1596=CARTESIAN_POINT('Ctrl Pts',(-36.1410327597679,-4.11687753106727,19.8808798335543));
#1597=CARTESIAN_POINT('Ctrl Pts',(-35.4753663948569,-4.42051418392503,20.));
#1598=CARTESIAN_POINT('Ctrl Pts',(-35.1750743521162,-4.57207819762953,20.));
#1599=CARTESIAN_POINT('Ctrl Pts',(-37.1823641697828,-3.51135610920905,18.9888237816983));
#1600=CARTESIAN_POINT('Ctrl Pts',(-37.0373252920981,-3.57094219531595,19.1872719775522));
#1601=CARTESIAN_POINT('Ctrl Pts',(-36.7048178539462,-3.69172620451325,19.5130522649118));
#1602=CARTESIAN_POINT('Ctrl Pts',(-35.8686813967649,-3.923756057675,19.9003095546873));
#1603=CARTESIAN_POINT('Ctrl Pts',(-35.2543744145311,-4.19467783952583,20.));
#1604=CARTESIAN_POINT('Ctrl Pts',(-34.9778839900696,-4.32757285192394,20.));
#1605=CARTESIAN_POINT('Ctrl Pts',(-36.7065006260332,-3.31043276869736,19.1889285645229));
#1606=CARTESIAN_POINT('Ctrl Pts',(-36.5585152148351,-3.36403762570757,19.3482038162191));
#1607=CARTESIAN_POINT('Ctrl Pts',(-36.2209392230436,-3.46774241521642,19.6097363542197));
#1608=CARTESIAN_POINT('Ctrl Pts',(-35.4005799439163,-3.66982599391221,19.9286998393587));
#1609=CARTESIAN_POINT('Ctrl Pts',(-34.8828251524057,-3.90578677037535,20.));
#1610=CARTESIAN_POINT('Ctrl Pts',(-34.6446284337322,-4.02004935671981,20.));
#1611=CARTESIAN_POINT('Ctrl Pts',(-36.123685732677,-3.12993209503696,19.3703027419666));
#1612=CARTESIAN_POINT('Ctrl Pts',(-35.9775843855514,-3.17765088402214,19.4926650935833));
#1613=CARTESIAN_POINT('Ctrl Pts',(-35.6365682480702,-3.26903599325558,19.6990792557474));
#1614=CARTESIAN_POINT('Ctrl Pts',(-34.8859145141806,-3.46683045269434,19.9540547408237));
#1615=CARTESIAN_POINT('Ctrl Pts',(-34.4837503590724,-3.68256239254838,20.));
#1616=CARTESIAN_POINT('Ctrl Pts',(-34.2886823421699,-3.7871733949532,20.));
#1617=CARTESIAN_POINT('Ctrl Pts',(-35.4005266762374,-2.97279479809858,19.5270928564156));
#1618=CARTESIAN_POINT('Ctrl Pts',(-35.2625627752362,-3.017735131657,19.6187160447534));
#1619=CARTESIAN_POINT('Ctrl Pts',(-34.9380613885737,-3.10906846326738,19.7819453750977));
#1620=CARTESIAN_POINT('Ctrl Pts',(-34.3435364127864,-3.32393335994766,19.9711697895383));
#1621=CARTESIAN_POINT('Ctrl Pts',(-34.0587148410561,-3.52648603499861,20.));
#1622=CARTESIAN_POINT('Ctrl Pts',(-33.9104873356809,-3.62657194784272,20.));
#1623=CARTESIAN_POINT('Ctrl Pts',(-34.5143783154661,-2.84854637710034,19.6514406085033));
#1624=CARTESIAN_POINT('Ctrl Pts',(-34.4090668910426,-2.89734149855677,19.7196658590782));
#1625=CARTESIAN_POINT('Ctrl Pts',(-34.1692957844211,-3.00572819340147,19.8445340061061));
#1626=CARTESIAN_POINT('Ctrl Pts',(-33.8038608953417,-3.24388459477088,19.9768798838092));
#1627=CARTESIAN_POINT('Ctrl Pts',(-33.6218747697308,-3.43703685208786,20.));
#1628=CARTESIAN_POINT('Ctrl Pts',(-33.5232743578295,-3.53501127454696,20.));
#1629=CARTESIAN_POINT('Ctrl Pts',(-33.5877251687627,-2.78849424210402,19.7114764397638));
#1630=CARTESIAN_POINT('Ctrl Pts',(-33.5407946902584,-2.84566475859073,19.7681861681649));
#1631=CARTESIAN_POINT('Ctrl Pts',(-33.4326498874365,-2.97617593087621,19.872836824097));
#1632=CARTESIAN_POINT('Ctrl Pts',(-33.2844185977192,-3.22317656739964,19.9734991537594));
#1633=CARTESIAN_POINT('Ctrl Pts',(-33.1815100952085,-3.40667691385187,20.));
#1634=CARTESIAN_POINT('Ctrl Pts',(-33.1314390914572,-3.50051491768666,20.));
#1635=CARTESIAN_POINT('Ctrl Pts',(-33.0318760453475,-2.79289321881344,19.7071067811865));
#1636=CARTESIAN_POINT('Ctrl Pts',(-33.0156617665285,-2.85313071896705,19.7673442813401));
#1637=CARTESIAN_POINT('Ctrl Pts',(-32.9801356148681,-2.99008625453637,19.8733547573189));
#1638=CARTESIAN_POINT('Ctrl Pts',(-32.9226443670858,-3.23340918109788,19.9759277125661));
#1639=CARTESIAN_POINT('Ctrl Pts',(-32.8872661637491,-3.41065576448125,20.));
#1640=CARTESIAN_POINT('Ctrl Pts',(-32.8701756701626,-3.50000000000001,20.));
#1641=CARTESIAN_POINT('Ctrl Pts',(-32.7400190266052,-2.79289321881345,19.7071067811865));
#1642=CARTESIAN_POINT('Ctrl Pts',(-32.7400190266052,-2.85459992628787,19.768813488661));
#1643=CARTESIAN_POINT('Ctrl Pts',(-32.7400190266052,-2.99425466344037,19.875974018335));
#1644=CARTESIAN_POINT('Ctrl Pts',(-32.7400190266052,-3.23820878852686,19.9770231255427));
#1645=CARTESIAN_POINT('Ctrl Pts',(-32.7400190266052,-3.4127335374003,20.));
#1646=CARTESIAN_POINT('Ctrl Pts',(-32.7400190266052,-3.50000000000002,20.));
#1647=CARTESIAN_POINT('',(-32.7400190266052,-2.79289321881345,19.7071067811865));
#1648=CARTESIAN_POINT('Ctrl Pts',(-37.5701869430899,-3.73773516952728,18.7625321324071));
#1649=CARTESIAN_POINT('Ctrl Pts',(-37.4470535689428,-3.65929656570004,18.84117565129));
#1650=CARTESIAN_POINT('Ctrl Pts',(-37.1823641697828,-3.51135610920905,18.9888237816983));
#1651=CARTESIAN_POINT('Ctrl Pts',(-36.7065006260332,-3.31043276869736,19.1889285645229));
#1652=CARTESIAN_POINT('Ctrl Pts',(-36.123685732677,-3.12993209503696,19.3703027419666));
#1653=CARTESIAN_POINT('Ctrl Pts',(-35.4005266762374,-2.97279479809858,19.5270928564157));
#1654=CARTESIAN_POINT('Ctrl Pts',(-34.5143783154661,-2.84854637710035,19.6514406085033));
#1655=CARTESIAN_POINT('Ctrl Pts',(-33.5877251687627,-2.78849424210402,19.7114764397638));
#1656=CARTESIAN_POINT('Ctrl Pts',(-33.0318760453475,-2.79289321881344,19.7071067811865));
#1657=CARTESIAN_POINT('Ctrl Pts',(-32.7400190266052,-2.79289321881345,19.7071067811865));
#1658=CARTESIAN_POINT('',(-32.7400190266052,-3.49999999999999,20.));
#1659=CARTESIAN_POINT('Origin',(-32.7400190266052,-3.49999999999999,19.));
#1660=CARTESIAN_POINT('Ctrl Pts',(-32.7400190266052,-3.49999999999999,20.));
#1661=CARTESIAN_POINT('Ctrl Pts',(-32.7802280731573,-3.49999999999999,20.));
#1662=CARTESIAN_POINT('Ctrl Pts',(-32.8204412802173,-3.50000223736707,20.));
#1663=CARTESIAN_POINT('Ctrl Pts',(-32.8606981215614,-3.50019492579943,20.));
#1664=CARTESIAN_POINT('Ctrl Pts',(-32.9042621475086,-3.50040344399379,20.));
#1665=CARTESIAN_POINT('Ctrl Pts',(-32.9478766541584,-3.50083505094334,20.));
#1666=CARTESIAN_POINT('Ctrl Pts',(-32.9915379324991,-3.50169608397523,20.));
#1667=CARTESIAN_POINT('Ctrl Pts',(-33.0408637238748,-3.50266882543661,20.));
#1668=CARTESIAN_POINT('Ctrl Pts',(-33.0902479537778,-3.5041898549381,20.));
#1669=CARTESIAN_POINT('Ctrl Pts',(-33.1396336131681,-3.50651444541219,20.));
#1670=CARTESIAN_POINT('Ctrl Pts',(-33.1947211829528,-3.50910742567291,20.));
#1671=CARTESIAN_POINT('Ctrl Pts',(-33.2498069529676,-3.51270003936325,20.));
#1672=CARTESIAN_POINT('Ctrl Pts',(-33.3047903913676,-3.51759657049109,20.));
#1673=CARTESIAN_POINT('Ctrl Pts',(-33.3510866636039,-3.52171946903481,20.));
#1674=CARTESIAN_POINT('Ctrl Pts',(-33.3973085335499,-3.52676550868955,20.));
#1675=CARTESIAN_POINT('Ctrl Pts',(-33.4434187631831,-3.53289674270188,20.));
#1676=CARTESIAN_POINT('Ctrl Pts',(-33.4885002020127,-3.53889117936539,20.));
#1677=CARTESIAN_POINT('Ctrl Pts',(-33.5334733008438,-3.54592240918138,20.));
#1678=CARTESIAN_POINT('Ctrl Pts',(-33.5783509997222,-3.55413294290566,20.));
#1679=CARTESIAN_POINT('Ctrl Pts',(-33.6185158355852,-3.56148124167374,20.));
#1680=CARTESIAN_POINT('Ctrl Pts',(-33.6586126777652,-3.56977684956271,20.));
#1681=CARTESIAN_POINT('Ctrl Pts',(-33.6986428574818,-3.57910008539393,20.));
#1682=CARTESIAN_POINT('Ctrl Pts',(-33.7431256194529,-3.58946035065421,20.));
#1683=CARTESIAN_POINT('Ctrl Pts',(-33.7875254146933,-3.60108938878758,20.));
#1684=CARTESIAN_POINT('Ctrl Pts',(-33.8317846894196,-3.61405331637137,20.));
#1685=CARTESIAN_POINT('Ctrl Pts',(-33.8862423986816,-3.6300044543784,20.));
#1686=CARTESIAN_POINT('Ctrl Pts',(-33.9404854688953,-3.64797624181484,20.));
#1687=CARTESIAN_POINT('Ctrl Pts',(-33.9943387898497,-3.66802986438407,20.));
#1688=CARTESIAN_POINT('Ctrl Pts',(-34.0497492550306,-3.68866332830853,20.));
#1689=CARTESIAN_POINT('Ctrl Pts',(-34.1047411306513,-3.71149757370422,20.));
#1690=CARTESIAN_POINT('Ctrl Pts',(-34.1591260885685,-3.73657106739031,20.));
#1691=CARTESIAN_POINT('Ctrl Pts',(-34.201054631911,-3.75590168944139,20.));
#1692=CARTESIAN_POINT('Ctrl Pts',(-34.242621649303,-3.77656222917265,20.));
#1693=CARTESIAN_POINT('Ctrl Pts',(-34.2837767888922,-3.79857815382209,20.));
#1694=CARTESIAN_POINT('Ctrl Pts',(-34.3230816422004,-3.81960426860216,20.));
#1695=CARTESIAN_POINT('Ctrl Pts',(-34.3620099685146,-3.84186612814155,20.));
#1696=CARTESIAN_POINT('Ctrl Pts',(-34.4005672104616,-3.86540420830755,20.));
#1697=CARTESIAN_POINT('Ctrl Pts',(-34.4375706735984,-3.88799375148415,20.));
#1698=CARTESIAN_POINT('Ctrl Pts',(-34.4742385604343,-3.91176313929943,20.));
#1699=CARTESIAN_POINT('Ctrl Pts',(-34.5105682598414,-3.93672528720071,20.));
#1700=CARTESIAN_POINT('Ctrl Pts',(-34.5511269512133,-3.96459317681252,20.));
#1701=CARTESIAN_POINT('Ctrl Pts',(-34.5912640179556,-3.99394762010476,20.));
#1702=CARTESIAN_POINT('Ctrl Pts',(-34.6309334664654,-4.02475432855029,20.));
#1703=CARTESIAN_POINT('Ctrl Pts',(-34.6756478525865,-4.05947886111363,20.));
#1704=CARTESIAN_POINT('Ctrl Pts',(-34.7197674263783,-4.09604788419214,20.));
#1705=CARTESIAN_POINT('Ctrl Pts',(-34.7631813932567,-4.13435439714568,20.));
#1706=CARTESIAN_POINT('Ctrl Pts',(-34.8325221646296,-4.19553754505394,20.));
#1707=CARTESIAN_POINT('Ctrl Pts',(-34.9000580039938,-4.26115013151394,20.));
#1708=CARTESIAN_POINT('Ctrl Pts',(-34.9652519399147,-4.33061904878344,20.));
#1709=CARTESIAN_POINT('Ctrl Pts',(-35.0053523124679,-4.37334893499188,20.));
#1710=CARTESIAN_POINT('Ctrl Pts',(-35.0445651164549,-4.41753511685642,20.));
#1711=CARTESIAN_POINT('Ctrl Pts',(-35.0827870455667,-4.46305921312518,20.));
#1712=CARTESIAN_POINT('Ctrl Pts',(-35.1155741719882,-4.50211020647563,20.));
#1713=CARTESIAN_POINT('Ctrl Pts',(-35.1476319214531,-4.54214528321308,20.));
#1714=CARTESIAN_POINT('Ctrl Pts',(-35.1789216282114,-4.58311542762205,20.));
#1715=CARTESIAN_POINT('Ctrl Pts',(-35.2087176224902,-4.62212973343965,20.));
#1716=CARTESIAN_POINT('Ctrl Pts',(-35.2378167550954,-4.66199148463023,20.));
#1717=CARTESIAN_POINT('Ctrl Pts',(-35.2662164836772,-4.70268984531573,20.));
#1718=CARTESIAN_POINT('Ctrl Pts',(-37.5701869430899,-3.73773516952728,18.7625321324071));
#1719=CARTESIAN_POINT('Ctrl Pts',(-37.4470535689428,-3.65929656570004,18.84117565129));
#1720=CARTESIAN_POINT('Ctrl Pts',(-37.1823641697828,-3.51135610920905,18.9888237816983));
#1721=CARTESIAN_POINT('Ctrl Pts',(-36.7065006260332,-3.31043276869736,19.1889285645229));
#1722=CARTESIAN_POINT('Ctrl Pts',(-36.123685732677,-3.12993209503696,19.3703027419666));
#1723=CARTESIAN_POINT('Ctrl Pts',(-35.4005266762374,-2.97279479809858,19.5270928564157));
#1724=CARTESIAN_POINT('Ctrl Pts',(-34.5143783154661,-2.84854637710035,19.6514406085033));
#1725=CARTESIAN_POINT('Ctrl Pts',(-33.5877251687627,-2.78849424210402,19.7114764397638));
#1726=CARTESIAN_POINT('Ctrl Pts',(-33.0318760453475,-2.79289321881344,19.7071067811865));
#1727=CARTESIAN_POINT('Ctrl Pts',(-32.7400190266052,-2.79289321881345,19.7071067811865));
#1728=CARTESIAN_POINT('Ctrl Pts',(-37.426538073363,-3.49244783846743,18.7003067919884));
#1729=CARTESIAN_POINT('Ctrl Pts',(-37.3028053610708,-3.43014977912805,18.7793536749847));
#1730=CARTESIAN_POINT('Ctrl Pts',(-37.0366250034517,-3.31196123267473,18.9292403646081));
#1731=CARTESIAN_POINT('Ctrl Pts',(-36.5590596032047,-3.15140937808467,19.1352347574234));
#1732=CARTESIAN_POINT('Ctrl Pts',(-35.9775270018095,-3.00783686227218,19.3226448216817));
#1733=CARTESIAN_POINT('Ctrl Pts',(-35.2624375388603,-2.88093960715773,19.482110671215));
#1734=CARTESIAN_POINT('Ctrl Pts',(-34.4091548857042,-2.78045514647257,19.6026588709758));
#1735=CARTESIAN_POINT('Ctrl Pts',(-33.5408292922633,-2.7317464943294,19.6542957912795));
#1736=CARTESIAN_POINT('Ctrl Pts',(-33.0156617665285,-2.73265571865984,19.6468692810329));
#1737=CARTESIAN_POINT('Ctrl Pts',(-32.7400190266052,-2.73118651133903,19.6454000737121));
#1738=CARTESIAN_POINT('Ctrl Pts',(-37.1001664284267,-3.09598810430658,18.5644579693203));
#1739=CARTESIAN_POINT('Ctrl Pts',(-36.974780614289,-3.05824295603306,18.6481104182886));
#1740=CARTESIAN_POINT('Ctrl Pts',(-36.7056228268094,-2.98714848372437,18.8084609174125));
#1741=CARTESIAN_POINT('Ctrl Pts',(-36.2220993313869,-2.89074333543107,19.0313259627012));
#1742=CARTESIAN_POINT('Ctrl Pts',(-35.6348923510777,-2.80054063336959,19.2314131069139));
#1743=CARTESIAN_POINT('Ctrl Pts',(-34.9391259785914,-2.7181253397396,19.3906659642465));
#1744=CARTESIAN_POINT('Ctrl Pts',(-34.1687225419782,-2.65546123625298,19.4943142529862));
#1745=CARTESIAN_POINT('Ctrl Pts',(-33.4330628604026,-2.62714857056805,19.523758568079));
#1746=CARTESIAN_POINT('Ctrl Pts',(-32.9801356148681,-2.62664524268112,19.5099137454636));
#1747=CARTESIAN_POINT('Ctrl Pts',(-32.7400190266052,-2.624025981665,19.5057453365596));
#1748=CARTESIAN_POINT('Ctrl Pts',(-36.2674790122078,-2.6294646816283,18.2818794506096));
#1749=CARTESIAN_POINT('Ctrl Pts',(-36.140158642171,-2.61934013466735,18.3844391195775));
#1750=CARTESIAN_POINT('Ctrl Pts',(-35.8691857043237,-2.59961919254783,18.5762078976857));
#1751=CARTESIAN_POINT('Ctrl Pts',(-35.4011843705412,-2.57112701321602,18.8287467355008));
#1752=CARTESIAN_POINT('Ctrl Pts',(-34.88463469375,-2.54604504563392,19.0340889583489));
#1753=CARTESIAN_POINT('Ctrl Pts',(-34.3447092707152,-2.52881811005313,19.1754674009797));
#1754=CARTESIAN_POINT('Ctrl Pts',(-33.803072053393,-2.52311531988784,19.2563076359205));
#1755=CARTESIAN_POINT('Ctrl Pts',(-33.2850860048726,-2.52650312372103,19.2766945919564));
#1756=CARTESIAN_POINT('Ctrl Pts',(-32.9226443670858,-2.52407228743388,19.2665908189021));
#1757=CARTESIAN_POINT('Ctrl Pts',(-32.7400190266051,-2.5229768744573,19.2617912114731));
#1758=CARTESIAN_POINT('Ctrl Pts',(-35.5778120184078,-2.49999999999999,17.9602565680832));
#1759=CARTESIAN_POINT('Ctrl Pts',(-35.4742597378702,-2.49999999999999,18.0810306126079));
#1760=CARTESIAN_POINT('Ctrl Pts',(-35.2555704723446,-2.49999999999999,18.3048134910107));
#1761=CARTESIAN_POINT('Ctrl Pts',(-34.883152353857,-2.49999999999999,18.5930107406282));
#1762=CARTESIAN_POINT('Ctrl Pts',(-34.4825561879256,-2.49999999999999,18.8183727587537));
#1763=CARTESIAN_POINT('Ctrl Pts',(-34.0598297473294,-2.49999999999999,18.9728474662713));
#1764=CARTESIAN_POINT('Ctrl Pts',(-33.621154624542,-2.49999999999999,19.063209569242));
#1765=CARTESIAN_POINT('Ctrl Pts',(-33.1821369124059,-2.49999999999999,19.0931788699309));
#1766=CARTESIAN_POINT('Ctrl Pts',(-32.8872661637491,-2.49999999999999,19.0893442355188));
#1767=CARTESIAN_POINT('Ctrl Pts',(-32.7400190266052,-2.49999999999999,19.0872664625997));
#1768=CARTESIAN_POINT('Ctrl Pts',(-35.2652451279872,-2.49999999999999,17.7981120604874));
#1769=CARTESIAN_POINT('Ctrl Pts',(-35.1739597362296,-2.49999999999999,17.9295102983581));
#1770=CARTESIAN_POINT('Ctrl Pts',(-34.9792993321843,-2.49999999999999,18.171645869731));
#1771=CARTESIAN_POINT('Ctrl Pts',(-34.6446147095592,-2.49999999999999,18.4789966018317));
#1772=CARTESIAN_POINT('Ctrl Pts',(-34.2878301909242,-2.49999999999999,18.7136290524789));
#1773=CARTESIAN_POINT('Ctrl Pts',(-33.9113972500941,-2.49999999999999,18.872806821327));
#1774=CARTESIAN_POINT('Ctrl Pts',(-33.5226806012812,-2.49999999999999,18.965224100097));
#1775=CARTESIAN_POINT('Ctrl Pts',(-33.1320107176123,-2.49999999999999,18.99934621457));
#1776=CARTESIAN_POINT('Ctrl Pts',(-32.8701756701626,-2.49999999999999,19.));
#1777=CARTESIAN_POINT('Ctrl Pts',(-32.7400190266052,-2.49999999999999,19.));
#1778=CARTESIAN_POINT('',(-35.2652451279872,-2.49999999999999,17.7981120604874));
#1779=CARTESIAN_POINT('Ctrl Pts',(-37.5701869430899,-3.73773516952728,18.7625321324071));
#1780=CARTESIAN_POINT('Ctrl Pts',(-37.426538073363,-3.49244783846743,18.7003067919884));
#1781=CARTESIAN_POINT('Ctrl Pts',(-37.1001664284267,-3.09598810430658,18.5644579693203));
#1782=CARTESIAN_POINT('Ctrl Pts',(-36.2674790122078,-2.6294646816283,18.2818794506096));
#1783=CARTESIAN_POINT('Ctrl Pts',(-35.5778120184078,-2.49999999999999,17.9602565680832));
#1784=CARTESIAN_POINT('Ctrl Pts',(-35.2652451279872,-2.49999999999999,17.7981120604874));
#1785=CARTESIAN_POINT('',(-32.7400190266052,-2.49999999999999,19.));
#1786=CARTESIAN_POINT('Ctrl Pts',(-35.2652451279872,-2.49999999999999,17.7981120604874));
#1787=CARTESIAN_POINT('Ctrl Pts',(-35.2416794450811,-2.49999999999999,17.8320330323808));
#1788=CARTESIAN_POINT('Ctrl Pts',(-35.2176987104191,-2.49999999999999,17.8652981246205));
#1789=CARTESIAN_POINT('Ctrl Pts',(-35.1933044306229,-2.49999999999999,17.8978787714236));
#1790=CARTESIAN_POINT('Ctrl Pts',(-35.1698569297076,-2.49999999999999,17.9291949140651));
#1791=CARTESIAN_POINT('Ctrl Pts',(-35.1460275966509,-2.49999999999999,17.9598782370463));
#1792=CARTESIAN_POINT('Ctrl Pts',(-35.1217951407532,-2.49999999999999,17.9899447705551));
#1793=CARTESIAN_POINT('Ctrl Pts',(-35.0958684008652,-2.49999999999999,18.0221134948851));
#1794=CARTESIAN_POINT('Ctrl Pts',(-35.0694743865924,-2.49999999999999,18.0535839882933));
#1795=CARTESIAN_POINT('Ctrl Pts',(-35.0425910635414,-2.49999999999999,18.0843858669293));
#1796=CARTESIAN_POINT('Ctrl Pts',(-35.0137376040726,-2.49999999999999,18.1174450521757));
#1797=CARTESIAN_POINT('Ctrl Pts',(-34.9843207961303,-2.49999999999999,18.1497337383951));
#1798=CARTESIAN_POINT('Ctrl Pts',(-34.9543577840339,-2.49999999999999,18.1812446172209));
#1799=CARTESIAN_POINT('Ctrl Pts',(-34.9209709321664,-2.49999999999999,18.2163562088121));
#1800=CARTESIAN_POINT('Ctrl Pts',(-34.8869064296216,-2.49999999999999,18.2505015861855));
#1801=CARTESIAN_POINT('Ctrl Pts',(-34.8522351865602,-2.49999999999999,18.2836237450287));
#1802=CARTESIAN_POINT('Ctrl Pts',(-34.8036679993918,-2.49999999999999,18.3300209879862));
#1803=CARTESIAN_POINT('Ctrl Pts',(-34.7539116526328,-2.49999999999999,18.374409192495));
#1804=CARTESIAN_POINT('Ctrl Pts',(-34.7032418059965,-2.49999999999999,18.4165502851229));
#1805=CARTESIAN_POINT('Ctrl Pts',(-34.6645835243944,-2.49999999999999,18.4487016006286));
#1806=CARTESIAN_POINT('Ctrl Pts',(-34.6253966059141,-2.49999999999999,18.4795418191873));
#1807=CARTESIAN_POINT('Ctrl Pts',(-34.585799076987,-2.49999999999999,18.5089684874412));
#1808=CARTESIAN_POINT('Ctrl Pts',(-34.5504857651188,-2.49999999999999,18.5352113652533));
#1809=CARTESIAN_POINT('Ctrl Pts',(-34.514846821561,-2.49999999999999,18.560329093787));
#1810=CARTESIAN_POINT('Ctrl Pts',(-34.4789403954043,-2.49999999999999,18.5842734579675));
#1811=CARTESIAN_POINT('Ctrl Pts',(-34.4452781208823,-2.49999999999999,18.6067212993866));
#1812=CARTESIAN_POINT('Ctrl Pts',(-34.4113813475192,-2.49999999999999,18.6281372771547));
#1813=CARTESIAN_POINT('Ctrl Pts',(-34.3772639333691,-2.49999999999999,18.6485145848145));
#1814=CARTESIAN_POINT('Ctrl Pts',(-34.3459777471147,-2.49999999999999,18.667200885013));
#1815=CARTESIAN_POINT('Ctrl Pts',(-34.3145061585109,-2.49999999999999,18.6850136097638));
#1816=CARTESIAN_POINT('Ctrl Pts',(-34.2828257784138,-2.49999999999999,18.7019805799942));
#1817=CARTESIAN_POINT('Ctrl Pts',(-34.2502517041059,-2.49999999999999,18.7194261834678));
#1818=CARTESIAN_POINT('Ctrl Pts',(-34.2174494355434,-2.49999999999999,18.7359825605166));
#1819=CARTESIAN_POINT('Ctrl Pts',(-34.1843885540763,-2.49999999999999,18.7516963543458));
#1820=CARTESIAN_POINT('Ctrl Pts',(-34.1481692086026,-2.49999999999999,18.7689113619968));
#1821=CARTESIAN_POINT('Ctrl Pts',(-34.1116399948739,-2.49999999999999,18.7851147995708));
#1822=CARTESIAN_POINT('Ctrl Pts',(-34.0748264253281,-2.49999999999999,18.8003395443607));
#1823=CARTESIAN_POINT('Ctrl Pts',(-34.0313805050456,-2.49999999999999,18.8183071866356));
#1824=CARTESIAN_POINT('Ctrl Pts',(-33.9875398666091,-2.49999999999999,18.834910865365));
#1825=CARTESIAN_POINT('Ctrl Pts',(-33.9434205249045,-2.49999999999999,18.8501754941512));
#1826=CARTESIAN_POINT('Ctrl Pts',(-33.8941638838631,-2.49999999999999,18.8672175512558));
#1827=CARTESIAN_POINT('Ctrl Pts',(-33.8445653697898,-2.49999999999999,18.8825875945908));
#1828=CARTESIAN_POINT('Ctrl Pts',(-33.7948154934261,-2.49999999999999,18.8963182749696));
#1829=CARTESIAN_POINT('Ctrl Pts',(-33.7558644058633,-2.49999999999999,18.90706855161));
#1830=CARTESIAN_POINT('Ctrl Pts',(-33.71682231631,-2.49999999999999,18.9168132824229));
#1831=CARTESIAN_POINT('Ctrl Pts',(-33.6777527883554,-2.49999999999999,18.925587675155));
#1832=CARTESIAN_POINT('Ctrl Pts',(-33.6431516704415,-2.49999999999999,18.9333585342731));
#1833=CARTESIAN_POINT('Ctrl Pts',(-33.6085295922439,-2.49999999999999,18.940368109197));
#1834=CARTESIAN_POINT('Ctrl Pts',(-33.5738932508478,-2.49999999999999,18.9466627830044));
#1835=CARTESIAN_POINT('Ctrl Pts',(-33.5301740936034,-2.49999999999999,18.9546081323945));
#1836=CARTESIAN_POINT('Ctrl Pts',(-33.4864299581361,-2.49999999999999,18.96141410999));
#1837=CARTESIAN_POINT('Ctrl Pts',(-33.4425848735332,-2.49999999999999,18.9672301804436));
#1838=CARTESIAN_POINT('Ctrl Pts',(-33.4016943428832,-2.49999999999999,18.9726543279689));
#1839=CARTESIAN_POINT('Ctrl Pts',(-33.3607142792964,-2.49999999999999,18.9772185582719));
#1840=CARTESIAN_POINT('Ctrl Pts',(-33.3196437623808,-2.49999999999999,18.9810446793675));
#1841=CARTESIAN_POINT('Ctrl Pts',(-33.2700782419401,-2.49999999999999,18.9856621932831));
#1842=CARTESIAN_POINT('Ctrl Pts',(-33.2203825491457,-2.49999999999999,18.98920349156));
#1843=CARTESIAN_POINT('Ctrl Pts',(-33.1706359556982,-2.49999999999999,18.9918893782456));
#1844=CARTESIAN_POINT('Ctrl Pts',(-33.1217120116121,-2.49999999999999,18.994530848966));
#1845=CARTESIAN_POINT('Ctrl Pts',(-33.0727436695248,-2.49999999999999,18.9963438037362));
#1846=CARTESIAN_POINT('Ctrl Pts',(-33.0238220085296,-2.49999999999999,18.9975625961551));
#1847=CARTESIAN_POINT('Ctrl Pts',(-32.9824973063389,-2.49999999999999,18.99859212444));
#1848=CARTESIAN_POINT('Ctrl Pts',(-32.9412076488998,-2.49999999999999,18.9991977282987));
#1849=CARTESIAN_POINT('Ctrl Pts',(-32.8999792459923,-2.49999999999999,18.9995436583064));
#1850=CARTESIAN_POINT('Ctrl Pts',(-32.8634726032056,-2.49999999999999,18.9998499700317));
#1851=CARTESIAN_POINT('Ctrl Pts',(-32.827014502731,-2.49999999999999,18.9999527508776));
#1852=CARTESIAN_POINT('Ctrl Pts',(-32.7905858161093,-2.49999999999999,18.9999849901525));
#1853=CARTESIAN_POINT('Ctrl Pts',(-32.773726348622,-2.49999999999999,18.9999999107291));
#1854=CARTESIAN_POINT('Ctrl Pts',(-32.7568725793247,-2.49999999999999,19.));
#1855=CARTESIAN_POINT('Ctrl Pts',(-32.7400190266052,-2.49999999999999,19.));
#1856=CARTESIAN_POINT('Origin',(-32.7400190266052,-3.49999999999999,19.));
#1857=CARTESIAN_POINT('Ctrl Pts',(-37.5701869430899,-3.73773516952728,18.7625321324071));
#1858=CARTESIAN_POINT('Ctrl Pts',(-37.426538073363,-3.49244783846743,18.7003067919884));
#1859=CARTESIAN_POINT('Ctrl Pts',(-37.1001664284267,-3.09598810430658,18.5644579693203));
#1860=CARTESIAN_POINT('Ctrl Pts',(-36.2674790122078,-2.6294646816283,18.2818794506096));
#1861=CARTESIAN_POINT('Ctrl Pts',(-35.5778120184078,-2.49999999999999,17.9602565680832));
#1862=CARTESIAN_POINT('Ctrl Pts',(-35.2652451279872,-2.49999999999999,17.7981120604874));
#1863=CARTESIAN_POINT('Ctrl Pts',(-37.642018111398,-3.70660320846247,18.6396686901678));
#1864=CARTESIAN_POINT('Ctrl Pts',(-37.4981775132842,-3.47186770342955,18.5782451138808));
#1865=CARTESIAN_POINT('Ctrl Pts',(-37.17328845285,-3.08502711113095,18.4406252068114));
#1866=CARTESIAN_POINT('Ctrl Pts',(-36.351812748353,-2.62402625251603,18.1370508057277));
#1867=CARTESIAN_POINT('Ctrl Pts',(-35.6812581851228,-2.49999999999999,17.810345487938));
#1868=CARTESIAN_POINT('Ctrl Pts',(-35.3717447517043,-2.49999999999999,17.6448141163049));
#1869=CARTESIAN_POINT('Ctrl Pts',(-37.7732381863644,-3.6476013781643,18.3694631170352));
#1870=CARTESIAN_POINT('Ctrl Pts',(-37.6297702321968,-3.43031511068784,18.3079762771719));
#1871=CARTESIAN_POINT('Ctrl Pts',(-37.3066955982935,-3.05999486754666,18.163250455536));
#1872=CARTESIAN_POINT('Ctrl Pts',(-36.5053580149253,-2.61183374634587,17.8129434484128));
#1873=CARTESIAN_POINT('Ctrl Pts',(-35.8729125146828,-2.49999999999999,17.480169366917));
#1874=CARTESIAN_POINT('Ctrl Pts',(-35.5687405760377,-2.49999999999999,17.3097148074544));
#1875=CARTESIAN_POINT('Ctrl Pts',(-37.936492009587,-3.56664738238837,17.8683473388376));
#1876=CARTESIAN_POINT('Ctrl Pts',(-37.7923244421357,-3.36700867729926,17.8035270623803));
#1877=CARTESIAN_POINT('Ctrl Pts',(-37.4637309283369,-3.0136514499062,17.6405793482502));
#1878=CARTESIAN_POINT('Ctrl Pts',(-36.6832627070956,-2.59451200838142,17.2468388797504));
#1879=CARTESIAN_POINT('Ctrl Pts',(-36.0933561775828,-2.49999999999999,16.9416876647311));
#1880=CARTESIAN_POINT('Ctrl Pts',(-35.7918785786682,-2.49999999999999,16.779155196288));
#1881=CARTESIAN_POINT('Ctrl Pts',(-38.0665261454241,-3.49199556682007,17.2263172539408));
#1882=CARTESIAN_POINT('Ctrl Pts',(-37.9180159051684,-3.30339124515759,17.1567081980771));
#1883=CARTESIAN_POINT('Ctrl Pts',(-37.5729957336004,-2.9623949835791,16.9747598432011));
#1884=CARTESIAN_POINT('Ctrl Pts',(-36.8120445719583,-2.584102943606,16.5972785993146));
#1885=CARTESIAN_POINT('Ctrl Pts',(-36.2483358297928,-2.49999999999999,16.3500250465422));
#1886=CARTESIAN_POINT('Ctrl Pts',(-35.948587148129,-2.49999999999999,16.2108510494205));
#1887=CARTESIAN_POINT('Ctrl Pts',(-38.1624794594712,-3.4250377356787,16.3940609928868));
#1888=CARTESIAN_POINT('Ctrl Pts',(-38.0039407544415,-3.24417474867261,16.3326305904733));
#1889=CARTESIAN_POINT('Ctrl Pts',(-37.6331486077052,-2.91897184148605,16.1768591544377));
#1890=CARTESIAN_POINT('Ctrl Pts',(-36.8911252883105,-2.58275694128425,15.9295475833982));
#1891=CARTESIAN_POINT('Ctrl Pts',(-36.3343243434576,-2.49999999999999,15.7645027337957));
#1892=CARTESIAN_POINT('Ctrl Pts',(-36.0382878712088,-2.49999999999999,15.6670176031836));
#1893=CARTESIAN_POINT('Ctrl Pts',(-38.2012104149313,-3.38318009120024,15.460192954577));
#1894=CARTESIAN_POINT('Ctrl Pts',(-38.0296793298626,-3.20864590929653,15.4378145182614));
#1895=CARTESIAN_POINT('Ctrl Pts',(-37.6339631828552,-2.89667434508264,15.3771281887705));
#1896=CARTESIAN_POINT('Ctrl Pts',(-36.9062510201573,-2.58036990307108,15.2861375084019));
#1897=CARTESIAN_POINT('Ctrl Pts',(-36.3550980338196,-2.49999999999999,15.1860397726263));
#1898=CARTESIAN_POINT('Ctrl Pts',(-36.0720188093098,-2.5,15.1347289240913));
#1899=CARTESIAN_POINT('Ctrl Pts',(-38.1943203435596,-3.37867965644035,14.9356987126749));
#1900=CARTESIAN_POINT('Ctrl Pts',(-38.0143424467592,-3.19870175963996,14.9285374104625));
#1901=CARTESIAN_POINT('Ctrl Pts',(-37.6048254408429,-2.88124535855144,14.9103527966483));
#1902=CARTESIAN_POINT('Ctrl Pts',(-36.8751722604208,-2.57276456878995,14.8705060402994));
#1903=CARTESIAN_POINT('Ctrl Pts',(-36.3420715930158,-2.49999999999999,14.8359684283265));
#1904=CARTESIAN_POINT('Ctrl Pts',(-36.073,-2.49999999999999,14.8188684440889));
#1905=CARTESIAN_POINT('Ctrl Pts',(-38.1943203435596,-3.37867965644035,14.6670190266052));
#1906=CARTESIAN_POINT('Ctrl Pts',(-38.0092002211364,-3.19355953401709,14.6670190266052));
#1907=CARTESIAN_POINT('Ctrl Pts',(-37.5902360096789,-2.87207794499501,14.6670190266052));
#1908=CARTESIAN_POINT('Ctrl Pts',(-36.8583736344194,-2.56893062337193,14.6670190266052));
#1909=CARTESIAN_POINT('Ctrl Pts',(-36.3347993877991,-2.49999999999999,14.6670190266052));
#1910=CARTESIAN_POINT('Ctrl Pts',(-36.073,-2.49999999999999,14.6670190266052));
#1911=CARTESIAN_POINT('',(-38.1943203435596,-3.37867965644035,14.6670190266052));
#1912=CARTESIAN_POINT('Ctrl Pts',(-37.5701869430899,-3.73773516952728,18.7625321324071));
#1913=CARTESIAN_POINT('Ctrl Pts',(-37.642018111398,-3.70660320846247,18.6396686901678));
#1914=CARTESIAN_POINT('Ctrl Pts',(-37.7732381863644,-3.6476013781643,18.3694631170352));
#1915=CARTESIAN_POINT('Ctrl Pts',(-37.936492009587,-3.56664738238837,17.8683473388376));
#1916=CARTESIAN_POINT('Ctrl Pts',(-38.0665261454241,-3.49199556682007,17.2263172539408));
#1917=CARTESIAN_POINT('Ctrl Pts',(-38.1624794594712,-3.4250377356787,16.3940609928868));
#1918=CARTESIAN_POINT('Ctrl Pts',(-38.2012104149313,-3.38318009120024,15.460192954577));
#1919=CARTESIAN_POINT('Ctrl Pts',(-38.1943203435596,-3.37867965644035,14.9356987126749));
#1920=CARTESIAN_POINT('Ctrl Pts',(-38.1943203435596,-3.37867965644035,14.6670190266052));
#1921=CARTESIAN_POINT('',(-36.073,-2.49999999999999,14.6670190266052));
#1922=CARTESIAN_POINT('Origin',(-36.073,-5.49999999999999,14.6670190266052));
#1923=CARTESIAN_POINT('Ctrl Pts',(-36.073,-2.49999999999999,14.6670190266052));
#1924=CARTESIAN_POINT('Ctrl Pts',(-36.073,-2.49999999999999,14.6916627898984));
#1925=CARTESIAN_POINT('Ctrl Pts',(-36.0729996692635,-2.49999999999999,14.7163109928384));
#1926=CARTESIAN_POINT('Ctrl Pts',(-36.0729683502438,-2.49999999999999,14.7411030361226));
#1927=CARTESIAN_POINT('Ctrl Pts',(-36.0729358500488,-2.49999999999999,14.7668300942053));
#1928=CARTESIAN_POINT('Ctrl Pts',(-36.0728699916811,-2.49999999999999,14.7927118314397));
#1929=CARTESIAN_POINT('Ctrl Pts',(-36.072740696752,-2.49999999999999,14.8188484286041));
#1930=CARTESIAN_POINT('Ctrl Pts',(-36.0726015686644,-2.49999999999999,14.8469727704215));
#1931=CARTESIAN_POINT('Ctrl Pts',(-36.0723889827888,-2.49999999999999,14.8753921836781));
#1932=CARTESIAN_POINT('Ctrl Pts',(-36.0720702039736,-2.49999999999999,14.9041697095679));
#1933=CARTESIAN_POINT('Ctrl Pts',(-36.0717293300621,-2.49999999999999,14.9349418542149));
#1934=CARTESIAN_POINT('Ctrl Pts',(-36.0712670478455,-2.49999999999999,14.9661231114196));
#1935=CARTESIAN_POINT('Ctrl Pts',(-36.0706484827623,-2.49999999999999,14.9977255096698));
#1936=CARTESIAN_POINT('Ctrl Pts',(-36.069965111059,-2.49999999999999,15.0326388685189));
#1937=CARTESIAN_POINT('Ctrl Pts',(-36.0690910130463,-2.49999999999999,15.068065669613));
#1938=CARTESIAN_POINT('Ctrl Pts',(-36.0679850227811,-2.49999999999999,15.1039520797671));
#1939=CARTESIAN_POINT('Ctrl Pts',(-36.0666637770607,-2.49999999999999,15.146822950627));
#1940=CARTESIAN_POINT('Ctrl Pts',(-36.0650116234322,-2.49999999999999,15.1903483089634));
#1941=CARTESIAN_POINT('Ctrl Pts',(-36.062966142593,-2.49999999999999,15.2343547707059));
#1942=CARTESIAN_POINT('Ctrl Pts',(-36.0605545077029,-2.49999999999999,15.286238668364));
#1943=CARTESIAN_POINT('Ctrl Pts',(-36.0575965247795,-2.49999999999999,15.3387836609525));
#1944=CARTESIAN_POINT('Ctrl Pts',(-36.0539965119907,-2.49999999999999,15.3916737742508));
#1945=CARTESIAN_POINT('Ctrl Pts',(-36.0514076001229,-2.49999999999999,15.4297091508004));
#1946=CARTESIAN_POINT('Ctrl Pts',(-36.0484868446963,-2.49999999999999,15.4679216840096));
#1947=CARTESIAN_POINT('Ctrl Pts',(-36.0451979552025,-2.49999999999999,15.506227646077));
#1948=CARTESIAN_POINT('Ctrl Pts',(-36.0422629401071,-2.49999999999999,15.5404120043902));
#1949=CARTESIAN_POINT('Ctrl Pts',(-36.0390348039934,-2.49999999999999,15.5746702109533));
#1950=CARTESIAN_POINT('Ctrl Pts',(-36.0354858482812,-2.49999999999999,15.608984363496));
#1951=CARTESIAN_POINT('Ctrl Pts',(-36.0321436693739,-2.49999999999999,15.6412992319103));
#1952=CARTESIAN_POINT('Ctrl Pts',(-36.0285170047035,-2.49999999999999,15.6736632458886));
#1953=CARTESIAN_POINT('Ctrl Pts',(-36.0245802942687,-2.49999999999999,15.7061077487548));
#1954=CARTESIAN_POINT('Ctrl Pts',(-36.01993903754,-2.49999999999999,15.744358788481));
#1955=CARTESIAN_POINT('Ctrl Pts',(-36.0148656189135,-2.49999999999999,15.7827291682467));
#1956=CARTESIAN_POINT('Ctrl Pts',(-36.0093183063682,-2.49999999999999,15.8213273216282));
#1957=CARTESIAN_POINT('Ctrl Pts',(-36.0041776776708,-2.49999999999999,15.8570957722637));
#1958=CARTESIAN_POINT('Ctrl Pts',(-35.9986303101564,-2.49999999999999,15.8930594012158));
#1959=CARTESIAN_POINT('Ctrl Pts',(-35.992656047242,-2.49999999999999,15.9292481064164));
#1960=CARTESIAN_POINT('Ctrl Pts',(-35.9860142319095,-2.49999999999999,15.9694804665439));
#1961=CARTESIAN_POINT('Ctrl Pts',(-35.9788448013359,-2.49999999999999,16.009991003373));
#1962=CARTESIAN_POINT('Ctrl Pts',(-35.9711348633645,-2.49999999999999,16.0507545384517));
#1963=CARTESIAN_POINT('Ctrl Pts',(-35.9625095163532,-2.49999999999999,16.0963579709007));
#1964=CARTESIAN_POINT('Ctrl Pts',(-35.9532078528954,-2.49999999999999,16.1422774160693));
#1965=CARTESIAN_POINT('Ctrl Pts',(-35.9432281790955,-2.49999999999999,16.1884033530542));
#1966=CARTESIAN_POINT('Ctrl Pts',(-35.9310175677062,-2.49999999999999,16.2448406577985));
#1967=CARTESIAN_POINT('Ctrl Pts',(-35.9177924563139,-2.49999999999999,16.3015850468704));
#1968=CARTESIAN_POINT('Ctrl Pts',(-35.9035681652366,-2.49999999999999,16.3583485594746));
#1969=CARTESIAN_POINT('Ctrl Pts',(-35.8890358452927,-2.49999999999999,16.4163412932997));
#1970=CARTESIAN_POINT('Ctrl Pts',(-35.87346217044,-2.49999999999999,16.4743472471669));
#1971=CARTESIAN_POINT('Ctrl Pts',(-35.8568629765663,-2.49999999999999,16.5320522945489));
#1972=CARTESIAN_POINT('Ctrl Pts',(-35.8441796747039,-2.49999999999999,16.5761442269944));
#1973=CARTESIAN_POINT('Ctrl Pts',(-35.8308978225865,-2.49999999999999,16.620059494446));
#1974=CARTESIAN_POINT('Ctrl Pts',(-35.817015476508,-2.49999999999999,16.6636932093004));
#1975=CARTESIAN_POINT('Ctrl Pts',(-35.8044791843492,-2.49999999999999,16.7030961311334));
#1976=CARTESIAN_POINT('Ctrl Pts',(-35.7914533161137,-2.49999999999999,16.7422689215538));
#1977=CARTESIAN_POINT('Ctrl Pts',(-35.7779262641954,-2.49999999999999,16.7811760718923));
#1978=CARTESIAN_POINT('Ctrl Pts',(-35.765196247023,-2.49999999999999,16.8177907529722));
#1979=CARTESIAN_POINT('Ctrl Pts',(-35.7520224579915,-2.49999999999999,16.8541697656464));
#1980=CARTESIAN_POINT('Ctrl Pts',(-35.7383842971082,-2.49999999999999,16.8903290008463));
#1981=CARTESIAN_POINT('Ctrl Pts',(-35.7232552461196,-2.49999999999999,16.9304410744408));
#1982=CARTESIAN_POINT('Ctrl Pts',(-35.7075518071058,-2.49999999999999,16.9702905090961));
#1983=CARTESIAN_POINT('Ctrl Pts',(-35.6912418047049,-2.49999999999999,17.0099357482024));
#1984=CARTESIAN_POINT('Ctrl Pts',(-35.6748866519442,-2.49999999999999,17.0496907357174));
#1985=CARTESIAN_POINT('Ctrl Pts',(-35.6579218410524,-2.49999999999999,17.0892400473746));
#1986=CARTESIAN_POINT('Ctrl Pts',(-35.6403431510546,-2.49999999999999,17.128585614258));
#1987=CARTESIAN_POINT('Ctrl Pts',(-35.6214087412955,-2.49999999999999,17.1709656258326));
#1988=CARTESIAN_POINT('Ctrl Pts',(-35.6017623863529,-2.49999999999999,17.213108769218));
#1989=CARTESIAN_POINT('Ctrl Pts',(-35.5814269370496,-2.49999999999999,17.2549592324131));
#1990=CARTESIAN_POINT('Ctrl Pts',(-35.5583174305892,-2.49999999999999,17.3025187200424));
#1991=CARTESIAN_POINT('Ctrl Pts',(-35.5343184817672,-2.49999999999999,17.3496994205672));
#1992=CARTESIAN_POINT('Ctrl Pts',(-35.5094930654594,-2.49999999999999,17.3963563009541));
#1993=CARTESIAN_POINT('Ctrl Pts',(-35.4721807230148,-2.49999999999999,17.4664811067902));
#1994=CARTESIAN_POINT('Ctrl Pts',(-35.4330047945576,-2.49999999999999,17.5354176008787));
#1995=CARTESIAN_POINT('Ctrl Pts',(-35.3922206445641,-2.49999999999999,17.6025652530585));
#1996=CARTESIAN_POINT('Ctrl Pts',(-35.3661895465337,-2.49999999999999,17.6454232534503));
#1997=CARTESIAN_POINT('Ctrl Pts',(-35.3395041450078,-2.49999999999999,17.6875501828068));
#1998=CARTESIAN_POINT('Ctrl Pts',(-35.3122165004795,-2.49999999999999,17.7288105856853));
#1999=CARTESIAN_POINT('Ctrl Pts',(-35.2967513043049,-2.49999999999999,17.7521948035533));
#2000=CARTESIAN_POINT('Ctrl Pts',(-35.2810923282071,-2.49999999999999,17.7753012454819));
#2001=CARTESIAN_POINT('Ctrl Pts',(-35.2652451279872,-2.49999999999999,17.7981120604874));
#2002=CARTESIAN_POINT('Ctrl Pts',(-37.5701869430899,-3.73773516952728,18.7625321324071));
#2003=CARTESIAN_POINT('Ctrl Pts',(-37.642018111398,-3.70660320846247,18.6396686901678));
#2004=CARTESIAN_POINT('Ctrl Pts',(-37.7732381863644,-3.6476013781643,18.3694631170352));
#2005=CARTESIAN_POINT('Ctrl Pts',(-37.936492009587,-3.56664738238837,17.8683473388376));
#2006=CARTESIAN_POINT('Ctrl Pts',(-38.0665261454241,-3.49199556682007,17.2263172539408));
#2007=CARTESIAN_POINT('Ctrl Pts',(-38.1624794594712,-3.4250377356787,16.3940609928868));
#2008=CARTESIAN_POINT('Ctrl Pts',(-38.2012104149313,-3.38318009120024,15.460192954577));
#2009=CARTESIAN_POINT('Ctrl Pts',(-38.1943203435596,-3.37867965644035,14.9356987126749));
#2010=CARTESIAN_POINT('Ctrl Pts',(-38.1943203435596,-3.37867965644035,14.6670190266052));
#2011=CARTESIAN_POINT('Ctrl Pts',(-37.857498149433,-3.92075857845752,18.5790305883471));
#2012=CARTESIAN_POINT('Ctrl Pts',(-37.9129933183158,-3.8847209809278,18.4528253363768));
#2013=CARTESIAN_POINT('Ctrl Pts',(-38.0156822033212,-3.81826699529479,18.1777858210007));
#2014=CARTESIAN_POINT('Ctrl Pts',(-38.1442044760711,-3.73198370354508,17.6793649153893));
#2015=CARTESIAN_POINT('Ctrl Pts',(-38.2522408811032,-3.65693211915617,17.0428934316848));
#2016=CARTESIAN_POINT('Ctrl Pts',(-38.3346746767979,-3.59371896871263,16.2480021154726));
#2017=CARTESIAN_POINT('Ctrl Pts',(-38.371484958924,-3.55670016777804,15.389236243229));
#2018=CARTESIAN_POINT('Ctrl Pts',(-38.37429824036,-3.55865755324075,14.9130067164351));
#2019=CARTESIAN_POINT('Ctrl Pts',(-38.3794404659829,-3.56379977886362,14.6670190266052));
#2020=CARTESIAN_POINT('Ctrl Pts',(-38.3297077549313,-4.31862886796148,18.1812683730761));
#2021=CARTESIAN_POINT('Ctrl Pts',(-38.3626525672652,-4.27604492240858,18.0528049113181));
#2022=CARTESIAN_POINT('Ctrl Pts',(-38.4236541182904,-4.20078448331126,17.7770644898341));
#2023=CARTESIAN_POINT('Ctrl Pts',(-38.5090321949326,-4.11214054943419,17.2701388362147));
#2024=CARTESIAN_POINT('Ctrl Pts',(-38.5876456360361,-4.04234847819902,16.651465188734));
#2025=CARTESIAN_POINT('Ctrl Pts',(-38.6487584327945,-3.98653775828033,15.937504025967));
#2026=CARTESIAN_POINT('Ctrl Pts',(-38.6796434363299,-3.95586911259006,15.2455647565539));
#2027=CARTESIAN_POINT('Ctrl Pts',(-38.6917546414486,-3.96817455915711,14.86853190489));
#2028=CARTESIAN_POINT('Ctrl Pts',(-38.700922055005,-3.98276399032112,14.6670190266052));
#2029=CARTESIAN_POINT('Ctrl Pts',(-38.8963625677745,-5.27756865387714,17.222419366424));
#2030=CARTESIAN_POINT('Ctrl Pts',(-38.9075941184965,-5.21921156243716,17.0986710425204));
#2031=CARTESIAN_POINT('Ctrl Pts',(-38.9299332732389,-5.11230185783565,16.837150703525));
#2032=CARTESIAN_POINT('Ctrl Pts',(-38.9599465305256,-4.97092038878134,16.4047946505959));
#2033=CARTESIAN_POINT('Ctrl Pts',(-38.981646674868,-4.8431897540455,15.9454314901248));
#2034=CARTESIAN_POINT('Ctrl Pts',(-38.9909224209628,-4.73771333364001,15.4952331646748));
#2035=CARTESIAN_POINT('Ctrl Pts',(-38.9928996973142,-4.68284413379088,15.0905573059103));
#2036=CARTESIAN_POINT('Ctrl Pts',(-39.00023543121,-4.69782773957921,14.810383883663));
#2037=CARTESIAN_POINT('Ctrl Pts',(-39.0040693766281,-4.71462636558063,14.6670190266052));
#2038=CARTESIAN_POINT('Ctrl Pts',(-39.073,-5.9135820964705,16.5864179035295));
#2039=CARTESIAN_POINT('Ctrl Pts',(-39.073,-5.8392121322907,16.4970628165576));
#2040=CARTESIAN_POINT('Ctrl Pts',(-39.073,-5.69998725308069,16.3107095072706));
#2041=CARTESIAN_POINT('Ctrl Pts',(-39.073,-5.52243906662333,16.0085435331476));
#2042=CARTESIAN_POINT('Ctrl Pts',(-39.073,-5.38088258256896,15.6869786531564));
#2043=CARTESIAN_POINT('Ctrl Pts',(-39.073,-5.28197578621448,15.3524292579339));
#2044=CARTESIAN_POINT('Ctrl Pts',(-39.073,-5.2316699528013,15.0118326220489));
#2045=CARTESIAN_POINT('Ctrl Pts',(-39.073,-5.2309284069842,14.7824031042587));
#2046=CARTESIAN_POINT('Ctrl Pts',(-39.073,-5.23820061220085,14.6670190266052));
#2047=CARTESIAN_POINT('Ctrl Pts',(-39.073,-6.18331430672814,16.3166856932718));
#2048=CARTESIAN_POINT('Ctrl Pts',(-39.073,-6.11133401949381,16.2447054060375));
#2049=CARTESIAN_POINT('Ctrl Pts',(-39.073,-5.97680951170454,16.0913095795465));
#2050=CARTESIAN_POINT('Ctrl Pts',(-39.073,-5.80678203169022,15.8368455094458));
#2051=CARTESIAN_POINT('Ctrl Pts',(-39.073,-5.6714234648695,15.5623654624858));
#2052=CARTESIAN_POINT('Ctrl Pts',(-39.073,-5.57304972285428,15.2725657994893));
#2053=CARTESIAN_POINT('Ctrl Pts',(-39.073,-5.5133440374239,14.9724049458465));
#2054=CARTESIAN_POINT('Ctrl Pts',(-39.073,-5.5,14.7688145250355));
#2055=CARTESIAN_POINT('Ctrl Pts',(-39.073,-5.5,14.6670190266052));
#2056=CARTESIAN_POINT('',(-39.073,-6.18331430672814,16.3166856932718));
#2057=CARTESIAN_POINT('Ctrl Pts',(-37.5701869430899,-3.73773516952728,18.7625321324071));
#2058=CARTESIAN_POINT('Ctrl Pts',(-37.857498149433,-3.92075857845752,18.5790305883471));
#2059=CARTESIAN_POINT('Ctrl Pts',(-38.3297077549313,-4.31862886796148,18.1812683730761));
#2060=CARTESIAN_POINT('Ctrl Pts',(-38.8963625677745,-5.27756865387714,17.222419366424));
#2061=CARTESIAN_POINT('Ctrl Pts',(-39.073,-5.9135820964705,16.5864179035295));
#2062=CARTESIAN_POINT('Ctrl Pts',(-39.073,-6.18331430672814,16.3166856932718));
#2063=CARTESIAN_POINT('',(-39.073,-5.49999999999999,14.6670190266052));
#2064=CARTESIAN_POINT('Origin',(-39.073,-7.83298097339481,14.6670190266052));
#2065=CARTESIAN_POINT('Origin',(-36.073,-5.49999999999999,14.6670190266052));
#2066=CARTESIAN_POINT('Ctrl Pts',(37.5701869430899,-3.73746786759288,18.7622648304727));
#2067=CARTESIAN_POINT('Ctrl Pts',(37.6317507444014,-3.7107998645563,18.6571416885899));
#2068=CARTESIAN_POINT('Ctrl Pts',(37.7452121853432,-3.6598569326425,18.4296351924224));
#2069=CARTESIAN_POINT('Ctrl Pts',(37.8912002548023,-3.58922345723772,18.0179562970386));
#2070=CARTESIAN_POINT('Ctrl Pts',(38.0136670912651,-3.5233465051228,17.5137957152508));
#2071=CARTESIAN_POINT('Ctrl Pts',(38.1107455438558,-3.4623771459145,16.885821365888));
#2072=CARTESIAN_POINT('Ctrl Pts',(38.1774887670901,-3.41065500288659,16.1251101745368));
#2073=CARTESIAN_POINT('Ctrl Pts',(38.1997634178569,-3.38206855705351,15.3435031876008));
#2074=CARTESIAN_POINT('Ctrl Pts',(38.1943203435596,-3.37867965644035,14.8973159003793));
#2075=CARTESIAN_POINT('Ctrl Pts',(38.1943203435596,-3.37867965644035,14.6670190266052));
#2076=CARTESIAN_POINT('Ctrl Pts',(37.4265246064736,-3.49174098311422,18.7000009083431));
#2077=CARTESIAN_POINT('Ctrl Pts',(37.4879244966881,-3.47416201478687,18.5955968759988));
#2078=CARTESIAN_POINT('Ctrl Pts',(37.6015271154124,-3.4386938012576,18.3684575999404));
#2079=CARTESIAN_POINT('Ctrl Pts',(37.7473392800911,-3.38475531909559,17.9541073581423));
#2080=CARTESIAN_POINT('Ctrl Pts',(37.8674177863095,-3.33030026976714,17.4461458144418));
#2081=CARTESIAN_POINT('Ctrl Pts',(37.9584443609999,-3.27706952735425,16.8176706798198));
#2082=CARTESIAN_POINT('Ctrl Pts',(38.0151196432621,-3.2318682497659,16.0735514271335));
#2083=CARTESIAN_POINT('Ctrl Pts',(38.0265897142228,-3.20685284355981,15.3255933381591));
#2084=CARTESIAN_POINT('Ctrl Pts',(38.0136078430988,-3.19796715597955,14.8911776413401));
#2085=CARTESIAN_POINT('Ctrl Pts',(38.0092002211364,-3.19355953401709,14.6670190266052));
#2086=CARTESIAN_POINT('Ctrl Pts',(37.1011150755145,-3.09673730600956,18.5640738895017));
#2087=CARTESIAN_POINT('Ctrl Pts',(37.1637486588117,-3.08729046665284,18.4582161021914));
#2088=CARTESIAN_POINT('Ctrl Pts',(37.2787486214538,-3.06610724497922,18.2259371294072));
#2089=CARTESIAN_POINT('Ctrl Pts',(37.4214755136846,-3.02775767769707,17.7963455973415));
#2090=CARTESIAN_POINT('Ctrl Pts',(37.5308751727189,-2.98467711780052,17.271685836348));
#2091=CARTESIAN_POINT('Ctrl Pts',(37.6030962804665,-2.94253239447672,16.6406644505051));
#2092=CARTESIAN_POINT('Ctrl Pts',(37.6367972500591,-2.91154118218948,15.943185115597));
#2093=CARTESIAN_POINT('Ctrl Pts',(37.6281968324915,-2.89398357262275,15.276003269215));
#2094=CARTESIAN_POINT('Ctrl Pts',(37.6027412363909,-2.87993572804338,14.8755908294993));
#2095=CARTESIAN_POINT('Ctrl Pts',(37.5902360096789,-2.87207794499501,14.6670190266052));
#2096=CARTESIAN_POINT('Ctrl Pts',(36.2681478365094,-2.62921497510597,18.281168041137));
#2097=CARTESIAN_POINT('Ctrl Pts',(36.3403240564404,-2.62456679651236,18.1576180239679));
#2098=CARTESIAN_POINT('Ctrl Pts',(36.4718992844274,-2.61433115330595,17.887786051613));
#2099=CARTESIAN_POINT('Ctrl Pts',(36.635216519622,-2.59912948006657,17.4109501951293));
#2100=CARTESIAN_POINT('Ctrl Pts',(36.7613392438274,-2.58776553675969,16.8811878454949));
#2101=CARTESIAN_POINT('Ctrl Pts',(36.8502813436263,-2.58296185296161,16.3102003256327));
#2102=CARTESIAN_POINT('Ctrl Pts',(36.8993159030876,-2.58262847556642,15.7437602552352));
#2103=CARTESIAN_POINT('Ctrl Pts',(36.9006820455508,-2.57876599107164,15.1971917343979));
#2104=CARTESIAN_POINT('Ctrl Pts',(36.8727724567063,-2.57221686230166,14.8414364669145));
#2105=CARTESIAN_POINT('Ctrl Pts',(36.8583736344194,-2.56893062337193,14.6670190266052));
#2106=CARTESIAN_POINT('Ctrl Pts',(35.5787833740978,-2.49999999999999,17.9594546622801));
#2107=CARTESIAN_POINT('Ctrl Pts',(35.6673162156996,-2.49999999999999,17.8317023414568));
#2108=CARTESIAN_POINT('Ctrl Pts',(35.8310912157822,-2.49999999999999,17.5567039758982));
#2109=CARTESIAN_POINT('Ctrl Pts',(36.0347791841781,-2.5,17.0943769279196));
#2110=CARTESIAN_POINT('Ctrl Pts',(36.1877652660854,-2.49999999999999,16.6081760644847));
#2111=CARTESIAN_POINT('Ctrl Pts',(36.2906098036423,-2.49999999999999,16.0970544260794));
#2112=CARTESIAN_POINT('Ctrl Pts',(36.3436248800321,-2.49999999999999,15.5981584388099));
#2113=CARTESIAN_POINT('Ctrl Pts',(36.3527381340778,-2.49999999999999,15.1096973872759));
#2114=CARTESIAN_POINT('Ctrl Pts',(36.3410327065563,-2.49999999999999,14.8118327995092));
#2115=CARTESIAN_POINT('Ctrl Pts',(36.3347993877991,-2.49999999999999,14.6670190266052));
#2116=CARTESIAN_POINT('Ctrl Pts',(35.2662164836772,-2.49999999999999,17.7973101546843));
#2117=CARTESIAN_POINT('Ctrl Pts',(35.3573586152382,-2.49999999999999,17.6666985069981));
#2118=CARTESIAN_POINT('Ctrl Pts',(35.5256918914058,-2.49999999999999,17.3872044886393));
#2119=CARTESIAN_POINT('Ctrl Pts',(35.7330262251851,-2.49999999999999,16.9282990393605));
#2120=CARTESIAN_POINT('Ctrl Pts',(35.8871002789744,-2.49999999999999,16.4581229094271));
#2121=CARTESIAN_POINT('Ctrl Pts',(35.9920025070592,-2.49999999999999,15.9744154241538));
#2122=CARTESIAN_POINT('Ctrl Pts',(36.0507395043009,-2.49999999999999,15.5137000643734));
#2123=CARTESIAN_POINT('Ctrl Pts',(36.0725687941633,-2.49999999999999,15.0658242773699));
#2124=CARTESIAN_POINT('Ctrl Pts',(36.073,-2.49999999999999,14.7971756701626));
#2125=CARTESIAN_POINT('Ctrl Pts',(36.073,-2.49999999999999,14.6670190266052));
#2126=CARTESIAN_POINT('',(37.5701869430899,-3.73746786759288,18.7622648304727));
#2127=CARTESIAN_POINT('',(38.1943203435596,-3.37867965644035,14.6670190266052));
#2128=CARTESIAN_POINT('Ctrl Pts',(37.5701869430899,-3.73746786759288,18.7622648304727));
#2129=CARTESIAN_POINT('Ctrl Pts',(37.6317507444014,-3.7107998645563,18.6571416885899));
#2130=CARTESIAN_POINT('Ctrl Pts',(37.7452121853432,-3.6598569326425,18.4296351924224));
#2131=CARTESIAN_POINT('Ctrl Pts',(37.8912002548023,-3.58922345723772,18.0179562970386));
#2132=CARTESIAN_POINT('Ctrl Pts',(38.0136670912651,-3.5233465051228,17.5137957152508));
#2133=CARTESIAN_POINT('Ctrl Pts',(38.1107455438558,-3.4623771459145,16.885821365888));
#2134=CARTESIAN_POINT('Ctrl Pts',(38.1774887670901,-3.41065500288659,16.1251101745368));
#2135=CARTESIAN_POINT('Ctrl Pts',(38.1997634178569,-3.38206855705351,15.3435031876008));
#2136=CARTESIAN_POINT('Ctrl Pts',(38.1943203435596,-3.37867965644035,14.8973159003793));
#2137=CARTESIAN_POINT('Ctrl Pts',(38.1943203435596,-3.37867965644035,14.6670190266052));
#2138=CARTESIAN_POINT('',(35.2662164836772,-2.49999999999999,17.7973101546843));
#2139=CARTESIAN_POINT('Ctrl Pts',(37.5701869430899,-3.73746786759288,18.7622648304727));
#2140=CARTESIAN_POINT('Ctrl Pts',(37.4265246064736,-3.49174098311422,18.7000009083431));
#2141=CARTESIAN_POINT('Ctrl Pts',(37.1011150755145,-3.09673730600956,18.5640738895017));
#2142=CARTESIAN_POINT('Ctrl Pts',(36.2681478365094,-2.62921497510597,18.281168041137));
#2143=CARTESIAN_POINT('Ctrl Pts',(35.5787833740978,-2.49999999999999,17.9594546622801));
#2144=CARTESIAN_POINT('Ctrl Pts',(35.2662164836772,-2.49999999999999,17.7973101546843));
#2145=CARTESIAN_POINT('',(36.073,-2.49999999999999,14.6670190266052));
#2146=CARTESIAN_POINT('Ctrl Pts',(35.2662164836772,-2.49999999999999,17.7973101546843));
#2147=CARTESIAN_POINT('Ctrl Pts',(35.293362594906,-2.49999999999999,17.7584082960691));
#2148=CARTESIAN_POINT('Ctrl Pts',(35.3198740564072,-2.49999999999999,17.7187349952864));
#2149=CARTESIAN_POINT('Ctrl Pts',(35.345757787304,-2.49999999999999,17.6783037130842));
#2150=CARTESIAN_POINT('Ctrl Pts',(35.3736336670076,-2.49999999999999,17.6347606255969));
#2151=CARTESIAN_POINT('Ctrl Pts',(35.4007812761453,-2.49999999999999,17.5903388493187));
#2152=CARTESIAN_POINT('Ctrl Pts',(35.4271858732812,-2.49999999999999,17.5451138280401));
#2153=CARTESIAN_POINT('Ctrl Pts',(35.4572477129212,-2.49999999999999,17.4936247888248));
#2154=CARTESIAN_POINT('Ctrl Pts',(35.4863461224542,-2.49999999999999,17.441095347699));
#2155=CARTESIAN_POINT('Ctrl Pts',(35.5144340126545,-2.49999999999999,17.3877012965561));
#2156=CARTESIAN_POINT('Ctrl Pts',(35.5605372550658,-2.49999999999999,17.3000607202935));
#2157=CARTESIAN_POINT('Ctrl Pts',(35.6039150882685,-2.49999999999999,17.2100966411018));
#2158=CARTESIAN_POINT('Ctrl Pts',(35.644305835019,-2.49999999999999,17.1187340877007));
#2159=CARTESIAN_POINT('Ctrl Pts',(35.667206328137,-2.49999999999999,17.0669339182628));
#2160=CARTESIAN_POINT('Ctrl Pts',(35.6891460080935,-2.49999999999999,17.0146860224656));
#2161=CARTESIAN_POINT('Ctrl Pts',(35.7100874499413,-2.49999999999999,16.9621371606094));
#2162=CARTESIAN_POINT('Ctrl Pts',(35.7296391213531,-2.49999999999999,16.9130756830115));
#2163=CARTESIAN_POINT('Ctrl Pts',(35.7483202787869,-2.49999999999999,16.86375279328));
#2164=CARTESIAN_POINT('Ctrl Pts',(35.7661165530457,-2.49999999999999,16.8142505887913));
#2165=CARTESIAN_POINT('Ctrl Pts',(35.7828005601633,-2.49999999999999,16.7678422720832));
#2166=CARTESIAN_POINT('Ctrl Pts',(35.7987066368358,-2.49999999999999,16.7212768588699));
#2167=CARTESIAN_POINT('Ctrl Pts',(35.813841455611,-2.49999999999999,16.6745783502473));
#2168=CARTESIAN_POINT('Ctrl Pts',(35.8286051017692,-2.49999999999999,16.6290250953548));
#2169=CARTESIAN_POINT('Ctrl Pts',(35.8426346496121,-2.49999999999999,16.5833456211685));
#2170=CARTESIAN_POINT('Ctrl Pts',(35.8559577214358,-2.49999999999999,16.5375115561156));
#2171=CARTESIAN_POINT('Ctrl Pts',(35.8671958055531,-2.49999999999999,16.4988502709917));
#2172=CARTESIAN_POINT('Ctrl Pts',(35.877933022982,-2.49999999999999,16.4600722555867));
#2173=CARTESIAN_POINT('Ctrl Pts',(35.888185700737,-2.49999999999999,16.421186694987));
#2174=CARTESIAN_POINT('Ctrl Pts',(35.8996125996879,-2.49999999999999,16.3778476393528));
#2175=CARTESIAN_POINT('Ctrl Pts',(35.9104375121959,-2.49999999999999,16.3343755924016));
#2176=CARTESIAN_POINT('Ctrl Pts',(35.9206743853447,-2.49999999999999,16.2908462537058));
#2177=CARTESIAN_POINT('Ctrl Pts',(35.9341914222285,-2.49999999999999,16.2333689685892));
#2178=CARTESIAN_POINT('Ctrl Pts',(35.9466828671664,-2.49999999999999,16.1757933625042));
#2179=CARTESIAN_POINT('Ctrl Pts',(35.9581690793616,-2.49999999999999,16.1183871978913));
#2180=CARTESIAN_POINT('Ctrl Pts',(35.9687594268291,-2.49999999999999,16.0654584151301));
#2181=CARTESIAN_POINT('Ctrl Pts',(35.9784943655309,-2.49999999999999,16.0126796177978));
#2182=CARTESIAN_POINT('Ctrl Pts',(35.9873919044149,-2.49999999999999,15.9602602877383));
#2183=CARTESIAN_POINT('Ctrl Pts',(35.9945160294469,-2.49999999999999,15.9182889216894));
#2184=CARTESIAN_POINT('Ctrl Pts',(36.0011031878428,-2.49999999999999,15.876549000923));
#2185=CARTESIAN_POINT('Ctrl Pts',(36.0071688289199,-2.49999999999999,15.835112711514));
#2186=CARTESIAN_POINT('Ctrl Pts',(36.0126759229413,-2.49999999999999,15.7974920315604));
#2187=CARTESIAN_POINT('Ctrl Pts',(36.0177530536775,-2.49999999999999,15.7601221688683));
#2188=CARTESIAN_POINT('Ctrl Pts',(36.0224186423531,-2.49999999999999,15.7230153176954));
#2189=CARTESIAN_POINT('Ctrl Pts',(36.02696608614,-2.49999999999999,15.6868481088936));
#2190=CARTESIAN_POINT('Ctrl Pts',(36.0311224553549,-2.49999999999999,15.6509315130035));
#2191=CARTESIAN_POINT('Ctrl Pts',(36.0349130274713,-2.49999999999999,15.6152254623508));
#2192=CARTESIAN_POINT('Ctrl Pts',(36.0388896386795,-2.49999999999999,15.5777669793393));
#2193=CARTESIAN_POINT('Ctrl Pts',(36.0424639562157,-2.49999999999999,15.5405348183887));
#2194=CARTESIAN_POINT('Ctrl Pts',(36.0456752860138,-2.49999999999999,15.503432009646));
#2195=CARTESIAN_POINT('Ctrl Pts',(36.0484348616857,-2.49999999999999,15.4715486420685));
#2196=CARTESIAN_POINT('Ctrl Pts',(36.0509265449122,-2.49999999999999,15.439760845037));
#2197=CARTESIAN_POINT('Ctrl Pts',(36.0531745173269,-2.49999999999999,15.4080660071098));
#2198=CARTESIAN_POINT('Ctrl Pts',(36.0556994381836,-2.49999999999999,15.3724663899591));
#2199=CARTESIAN_POINT('Ctrl Pts',(36.0579168432852,-2.49999999999999,15.3369847579347));
#2200=CARTESIAN_POINT('Ctrl Pts',(36.0598600566404,-2.49999999999999,15.3016828253771));
#2201=CARTESIAN_POINT('Ctrl Pts',(36.0626510064259,-2.49999999999999,15.2509802502647));
#2202=CARTESIAN_POINT('Ctrl Pts',(36.064875944089,-2.49999999999999,15.2006509285141));
#2203=CARTESIAN_POINT('Ctrl Pts',(36.0666351541988,-2.49999999999999,15.1509933105257));
#2204=CARTESIAN_POINT('Ctrl Pts',(36.068005691868,-2.49999999999999,15.1123068366145));
#2205=CARTESIAN_POINT('Ctrl Pts',(36.0690935036419,-2.49999999999999,15.0740331843633));
#2206=CARTESIAN_POINT('Ctrl Pts',(36.0699495936541,-2.49999999999999,15.0362974659857));
#2207=CARTESIAN_POINT('Ctrl Pts',(36.0706826698732,-2.49999999999999,15.003984090806));
#2208=CARTESIAN_POINT('Ctrl Pts',(36.0712458340447,-2.49999999999999,14.9720662465036));
#2209=CARTESIAN_POINT('Ctrl Pts',(36.0716743252658,-2.49999999999999,14.9405782551781));
#2210=CARTESIAN_POINT('Ctrl Pts',(36.072047957092,-2.49999999999999,14.9131216466777));
#2211=CARTESIAN_POINT('Ctrl Pts',(36.0723192101592,-2.49999999999999,14.8859919662049));
#2212=CARTESIAN_POINT('Ctrl Pts',(36.0725139463481,-2.49999999999999,14.8591694726784));
#2213=CARTESIAN_POINT('Ctrl Pts',(36.0727000660221,-2.49999999999999,14.8335337971642));
#2214=CARTESIAN_POINT('Ctrl Pts',(36.0728162791214,-2.49999999999999,14.8081791562719));
#2215=CARTESIAN_POINT('Ctrl Pts',(36.0728876170814,-2.49999999999999,14.7830423861952));
#2216=CARTESIAN_POINT('Ctrl Pts',(36.0729552170439,-2.49999999999999,14.7592227435687));
#2217=CARTESIAN_POINT('Ctrl Pts',(36.0729825196365,-2.49999999999999,14.7355989188521));
#2218=CARTESIAN_POINT('Ctrl Pts',(36.0729931593798,-2.49999999999999,14.7120708782978));
#2219=CARTESIAN_POINT('Ctrl Pts',(36.0729999620695,-2.49999999999999,14.6970278502373));
#2220=CARTESIAN_POINT('Ctrl Pts',(36.073,-2.49999999999999,14.6820230429112));
#2221=CARTESIAN_POINT('Ctrl Pts',(36.073,-2.49999999999999,14.6670190266052));
#2222=CARTESIAN_POINT('Origin',(36.073,-5.49999999999999,14.6670190266052));
#2223=CARTESIAN_POINT('Ctrl Pts',(37.5701869430899,-3.73746786759288,18.7622648304727));
#2224=CARTESIAN_POINT('Ctrl Pts',(37.4265246064736,-3.49174098311422,18.7000009083431));
#2225=CARTESIAN_POINT('Ctrl Pts',(37.1011150755145,-3.09673730600956,18.5640738895017));
#2226=CARTESIAN_POINT('Ctrl Pts',(36.2681478365094,-2.62921497510597,18.281168041137));
#2227=CARTESIAN_POINT('Ctrl Pts',(35.5787833740978,-2.49999999999999,17.9594546622801));
#2228=CARTESIAN_POINT('Ctrl Pts',(35.2662164836772,-2.49999999999999,17.7973101546843));
#2229=CARTESIAN_POINT('Ctrl Pts',(37.4470535689428,-3.65882434871003,18.8407034342999));
#2230=CARTESIAN_POINT('Ctrl Pts',(37.3030706468813,-3.42958817189091,18.7788107089243));
#2231=CARTESIAN_POINT('Ctrl Pts',(36.9755938057831,-3.05891811337603,18.6474205469113));
#2232=CARTESIAN_POINT('Ctrl Pts',(36.1410327597678,-2.61912016644564,18.3831224689327));
#2233=CARTESIAN_POINT('Ctrl Pts',(35.475366394857,-2.49999999999999,18.0794858160749));
#2234=CARTESIAN_POINT('Ctrl Pts',(35.1750743521162,-2.49999999999999,17.9279218023704));
#2235=CARTESIAN_POINT('Ctrl Pts',(37.1823641697828,-3.51117621830176,18.9886438907909));
#2236=CARTESIAN_POINT('Ctrl Pts',(37.0373252920981,-3.31272802244785,18.929057804684));
#2237=CARTESIAN_POINT('Ctrl Pts',(36.7048178539462,-2.98694773508821,18.8082737954867));
#2238=CARTESIAN_POINT('Ctrl Pts',(35.8686813967649,-2.59969044531264,18.576243942325));
#2239=CARTESIAN_POINT('Ctrl Pts',(35.2543744145311,-2.49999999999999,18.3053221604741));
#2240=CARTESIAN_POINT('Ctrl Pts',(34.9778839900696,-2.49999999999999,18.172427148076));
#2241=CARTESIAN_POINT('Ctrl Pts',(36.7065006260332,-3.31107143547708,19.1895672313026));
#2242=CARTESIAN_POINT('Ctrl Pts',(36.558515214835,-3.15179618378092,19.1359623742924));
#2243=CARTESIAN_POINT('Ctrl Pts',(36.2209392230435,-2.89026364578032,19.0322575847836));
#2244=CARTESIAN_POINT('Ctrl Pts',(35.4005799439162,-2.57130016064129,18.8301740060877));
#2245=CARTESIAN_POINT('Ctrl Pts',(34.8828251524056,-2.49999999999999,18.5942132296246));
#2246=CARTESIAN_POINT('Ctrl Pts',(34.6446284337321,-2.49999999999999,18.4799506432802));
#2247=CARTESIAN_POINT('Ctrl Pts',(36.123685732677,-3.12969725803344,19.370067904963));
#2248=CARTESIAN_POINT('Ctrl Pts',(35.9775843855514,-3.00733490641667,19.3223491159779));
#2249=CARTESIAN_POINT('Ctrl Pts',(35.6365682480702,-2.80092074425258,19.2309640067444));
#2250=CARTESIAN_POINT('Ctrl Pts',(34.8859145141806,-2.54594525917631,19.0331695473056));
#2251=CARTESIAN_POINT('Ctrl Pts',(34.4837503590725,-2.49999999999999,18.8174376074516));
#2252=CARTESIAN_POINT('Ctrl Pts',(34.28868234217,-2.49999999999999,18.7128266050468));
#2253=CARTESIAN_POINT('Ctrl Pts',(35.4005266762374,-2.97290714358433,19.5272052019014));
#2254=CARTESIAN_POINT('Ctrl Pts',(35.2625627752362,-2.88128395524656,19.482264868343));
#2255=CARTESIAN_POINT('Ctrl Pts',(34.9380613885737,-2.71805462490233,19.3909315367326));
#2256=CARTESIAN_POINT('Ctrl Pts',(34.3435364127865,-2.52883021046174,19.1760666400523));
#2257=CARTESIAN_POINT('Ctrl Pts',(34.0587148410561,-2.49999999999999,18.9735139650013));
#2258=CARTESIAN_POINT('Ctrl Pts',(33.9104873356808,-2.49999999999999,18.8734280521572));
#2259=CARTESIAN_POINT('Ctrl Pts',(34.5143783154661,-2.84855939149667,19.6514536228996));
#2260=CARTESIAN_POINT('Ctrl Pts',(34.4090668910425,-2.78033414092178,19.6026585014432));
#2261=CARTESIAN_POINT('Ctrl Pts',(34.1692957844211,-2.65546599389394,19.4942718065985));
#2262=CARTESIAN_POINT('Ctrl Pts',(33.8038608953417,-2.52312011619073,19.2561154052291));
#2263=CARTESIAN_POINT('Ctrl Pts',(33.6218747697309,-2.49999999999999,19.0629631479122));
#2264=CARTESIAN_POINT('Ctrl Pts',(33.5232743578295,-2.49999999999999,18.9649887254531));
#2265=CARTESIAN_POINT('Ctrl Pts',(33.5877251687627,-2.78852356023616,19.711505757896));
#2266=CARTESIAN_POINT('Ctrl Pts',(33.5407946902584,-2.73181383183507,19.6543352414093));
#2267=CARTESIAN_POINT('Ctrl Pts',(33.4326498874365,-2.62716317590292,19.5238240691237));
#2268=CARTESIAN_POINT('Ctrl Pts',(33.2844185977193,-2.52650084624065,19.2768234326004));
#2269=CARTESIAN_POINT('Ctrl Pts',(33.1815100952085,-2.49999999999999,19.0933230861481));
#2270=CARTESIAN_POINT('Ctrl Pts',(33.1314390914572,-2.49999999999999,18.9994850823133));
#2271=CARTESIAN_POINT('Ctrl Pts',(33.0318760453475,-2.79289321881345,19.7071067811865));
#2272=CARTESIAN_POINT('Ctrl Pts',(33.0156617665285,-2.73265571865984,19.6468692810329));
#2273=CARTESIAN_POINT('Ctrl Pts',(32.9801356148681,-2.62664524268112,19.5099137454636));
#2274=CARTESIAN_POINT('Ctrl Pts',(32.9226443670858,-2.52407228743388,19.2665908189021));
#2275=CARTESIAN_POINT('Ctrl Pts',(32.8872661637491,-2.49999999999999,19.0893442355188));
#2276=CARTESIAN_POINT('Ctrl Pts',(32.8701756701626,-2.49999999999999,19.));
#2277=CARTESIAN_POINT('Ctrl Pts',(32.7400190266052,-2.79289321881345,19.7071067811865));
#2278=CARTESIAN_POINT('Ctrl Pts',(32.7400190266052,-2.73118651133902,19.6454000737121));
#2279=CARTESIAN_POINT('Ctrl Pts',(32.7400190266052,-2.624025981665,19.5057453365596));
#2280=CARTESIAN_POINT('Ctrl Pts',(32.7400190266052,-2.5229768744573,19.2617912114731));
#2281=CARTESIAN_POINT('Ctrl Pts',(32.7400190266052,-2.49999999999999,19.0872664625997));
#2282=CARTESIAN_POINT('Ctrl Pts',(32.7400190266052,-2.49999999999999,19.));
#2283=CARTESIAN_POINT('',(32.7400190266052,-2.79289321881345,19.7071067811865));
#2284=CARTESIAN_POINT('Ctrl Pts',(37.5701869430899,-3.73746786759288,18.7622648304727));
#2285=CARTESIAN_POINT('Ctrl Pts',(37.4470535689428,-3.65882434871003,18.8407034342999));
#2286=CARTESIAN_POINT('Ctrl Pts',(37.1823641697828,-3.51117621830176,18.9886438907909));
#2287=CARTESIAN_POINT('Ctrl Pts',(36.7065006260332,-3.31107143547708,19.1895672313026));
#2288=CARTESIAN_POINT('Ctrl Pts',(36.123685732677,-3.12969725803343,19.370067904963));
#2289=CARTESIAN_POINT('Ctrl Pts',(35.4005266762374,-2.97290714358434,19.5272052019014));
#2290=CARTESIAN_POINT('Ctrl Pts',(34.5143783154661,-2.84855939149667,19.6514536228997));
#2291=CARTESIAN_POINT('Ctrl Pts',(33.5877251687628,-2.78852356023616,19.711505757896));
#2292=CARTESIAN_POINT('Ctrl Pts',(33.0318760453475,-2.79289321881345,19.7071067811865));
#2293=CARTESIAN_POINT('Ctrl Pts',(32.7400190266052,-2.79289321881345,19.7071067811865));
#2294=CARTESIAN_POINT('',(32.7400190266052,-2.49999999999999,19.));
#2295=CARTESIAN_POINT('Origin',(32.7400190266052,-3.49999999999999,19.));
#2296=CARTESIAN_POINT('Ctrl Pts',(32.7400190266052,-2.49999999999999,19.));
#2297=CARTESIAN_POINT('Ctrl Pts',(32.7802280731581,-2.49999999999999,19.));
#2298=CARTESIAN_POINT('Ctrl Pts',(32.8204412802189,-2.49999999999999,18.9999977626329));
#2299=CARTESIAN_POINT('Ctrl Pts',(32.8606981215638,-2.49999999999999,18.9998050742005));
#2300=CARTESIAN_POINT('Ctrl Pts',(32.9042621475107,-2.49999999999999,18.9995965560062));
#2301=CARTESIAN_POINT('Ctrl Pts',(32.9478766541601,-2.49999999999999,18.9991649490566));
#2302=CARTESIAN_POINT('Ctrl Pts',(32.9915379325005,-2.49999999999999,18.9983039160247));
#2303=CARTESIAN_POINT('Ctrl Pts',(33.040863723871,-2.49999999999999,18.9973311745634));
#2304=CARTESIAN_POINT('Ctrl Pts',(33.0902479537687,-2.49999999999999,18.9958101450622));
#2305=CARTESIAN_POINT('Ctrl Pts',(33.1396336131538,-2.49999999999999,18.9934855545885));
#2306=CARTESIAN_POINT('Ctrl Pts',(33.1947211829387,-2.49999999999999,18.9908925743279));
#2307=CARTESIAN_POINT('Ctrl Pts',(33.2498069529538,-2.49999999999999,18.9872999606377));
#2308=CARTESIAN_POINT('Ctrl Pts',(33.3047903913541,-2.49999999999999,18.9824034295101));
#2309=CARTESIAN_POINT('Ctrl Pts',(33.3510866635909,-2.49999999999999,18.9782805309665));
#2310=CARTESIAN_POINT('Ctrl Pts',(33.3973085335374,-2.49999999999999,18.9732344913119));
#2311=CARTESIAN_POINT('Ctrl Pts',(33.4434187631712,-2.49999999999999,18.9671032572997));
#2312=CARTESIAN_POINT('Ctrl Pts',(33.4885002020001,-2.49999999999999,18.9611088206364));
#2313=CARTESIAN_POINT('Ctrl Pts',(33.5334733008305,-2.49999999999999,18.9540775908208));
#2314=CARTESIAN_POINT('Ctrl Pts',(33.5783509997083,-2.49999999999999,18.9458670570969));
#2315=CARTESIAN_POINT('Ctrl Pts',(33.6185158355705,-2.49999999999999,18.9385187583292));
#2316=CARTESIAN_POINT('Ctrl Pts',(33.6586126777497,-2.49999999999999,18.9302231504406));
#2317=CARTESIAN_POINT('Ctrl Pts',(33.6986428574655,-2.49999999999999,18.9208999146099));
#2318=CARTESIAN_POINT('Ctrl Pts',(33.7431256194357,-2.49999999999999,18.9105396493501));
#2319=CARTESIAN_POINT('Ctrl Pts',(33.7875254146752,-2.49999999999999,18.8989106112173));
#2320=CARTESIAN_POINT('Ctrl Pts',(33.8317846894006,-2.49999999999999,18.8859466836342));
#2321=CARTESIAN_POINT('Ctrl Pts',(33.8862423986587,-2.49999999999999,18.8699955456288));
#2322=CARTESIAN_POINT('Ctrl Pts',(33.9404854688686,-2.49999999999999,18.8520237581942));
#2323=CARTESIAN_POINT('Ctrl Pts',(33.9943387898193,-2.49999999999999,18.8319701356272));
#2324=CARTESIAN_POINT('Ctrl Pts',(34.0497492550198,-2.49999999999999,18.8113366716963));
#2325=CARTESIAN_POINT('Ctrl Pts',(34.1047411306597,-2.49999999999999,18.7885024262927));
#2326=CARTESIAN_POINT('Ctrl Pts',(34.1591260885959,-2.49999999999999,18.7634289325971));
#2327=CARTESIAN_POINT('Ctrl Pts',(34.2010546319369,-2.49999999999999,18.744098310546));
#2328=CARTESIAN_POINT('Ctrl Pts',(34.2426216493276,-2.49999999999999,18.7234377708148));
#2329=CARTESIAN_POINT('Ctrl Pts',(34.2837767889154,-2.49999999999999,18.7014218461655));
#2330=CARTESIAN_POINT('Ctrl Pts',(34.3230816421596,-2.49999999999999,18.6803957314191));
#2331=CARTESIAN_POINT('Ctrl Pts',(34.362009968411,-2.49999999999999,18.6581338719174));
#2332=CARTESIAN_POINT('Ctrl Pts',(34.4005672102964,-2.49999999999999,18.6345957917933));
#2333=CARTESIAN_POINT('Ctrl Pts',(34.4375706734293,-2.49999999999999,18.6120062486232));
#2334=CARTESIAN_POINT('Ctrl Pts',(34.4742385602613,-2.49999999999999,18.5882368608148));
#2335=CARTESIAN_POINT('Ctrl Pts',(34.5105682596646,-2.49999999999999,18.5632747129207));
#2336=CARTESIAN_POINT('Ctrl Pts',(34.5511269510318,-2.49999999999999,18.5354068233173));
#2337=CARTESIAN_POINT('Ctrl Pts',(34.5912640177695,-2.49999999999999,18.5060523800339));
#2338=CARTESIAN_POINT('Ctrl Pts',(34.630933466275,-2.49999999999999,18.4752456715976));
#2339=CARTESIAN_POINT('Ctrl Pts',(34.6756478523858,-2.49999999999999,18.4405211390487));
#2340=CARTESIAN_POINT('Ctrl Pts',(34.719767426168,-2.49999999999999,18.4039521159855));
#2341=CARTESIAN_POINT('Ctrl Pts',(34.7631813930372,-2.49999999999999,18.365645603048));
#2342=CARTESIAN_POINT('Ctrl Pts',(34.8325221645026,-2.49999999999999,18.3044624550708));
#2343=CARTESIAN_POINT('Ctrl Pts',(34.9000580039552,-2.49999999999999,18.23884986853));
#2344=CARTESIAN_POINT('Ctrl Pts',(34.9652519399584,-2.49999999999999,18.1693809511699));
#2345=CARTESIAN_POINT('Ctrl Pts',(35.0053523125085,-2.49999999999999,18.1266510649631));
#2346=CARTESIAN_POINT('Ctrl Pts',(35.0445651164924,-2.49999999999999,18.0824648831004));
#2347=CARTESIAN_POINT('Ctrl Pts',(35.0827870456013,-2.49999999999999,18.0369407868336));
#2348=CARTESIAN_POINT('Ctrl Pts',(35.1155741720209,-2.49999999999999,17.9978897934841));
#2349=CARTESIAN_POINT('Ctrl Pts',(35.147631921484,-2.49999999999999,17.9578547167476));
#2350=CARTESIAN_POINT('Ctrl Pts',(35.1789216282406,-2.49999999999999,17.9168845723397));
#2351=CARTESIAN_POINT('Ctrl Pts',(35.2087176225092,-2.49999999999999,17.8778702665343));
#2352=CARTESIAN_POINT('Ctrl Pts',(35.2378167551046,-2.49999999999999,17.8380085153565));
#2353=CARTESIAN_POINT('Ctrl Pts',(35.2662164836772,-2.49999999999999,17.7973101546843));
#2354=CARTESIAN_POINT('Ctrl Pts',(37.5701869430899,-3.73746786759288,18.7622648304727));
#2355=CARTESIAN_POINT('Ctrl Pts',(37.4470535689428,-3.65882434871003,18.8407034342999));
#2356=CARTESIAN_POINT('Ctrl Pts',(37.1823641697828,-3.51117621830176,18.9886438907909));
#2357=CARTESIAN_POINT('Ctrl Pts',(36.7065006260332,-3.31107143547708,19.1895672313026));
#2358=CARTESIAN_POINT('Ctrl Pts',(36.123685732677,-3.12969725803343,19.370067904963));
#2359=CARTESIAN_POINT('Ctrl Pts',(35.4005266762374,-2.97290714358434,19.5272052019014));
#2360=CARTESIAN_POINT('Ctrl Pts',(34.5143783154661,-2.84855939149667,19.6514536228997));
#2361=CARTESIAN_POINT('Ctrl Pts',(33.5877251687628,-2.78852356023616,19.711505757896));
#2362=CARTESIAN_POINT('Ctrl Pts',(33.0318760453475,-2.79289321881345,19.7071067811865));
#2363=CARTESIAN_POINT('Ctrl Pts',(32.7400190266052,-2.79289321881345,19.7071067811865));
#2364=CARTESIAN_POINT('Ctrl Pts',(37.426538073363,-3.79969320801156,19.0075521615326));
#2365=CARTESIAN_POINT('Ctrl Pts',(37.3028053610708,-3.72064632501524,19.0698502208719));
#2366=CARTESIAN_POINT('Ctrl Pts',(37.0366250034517,-3.57075963539187,19.1880387673252));
#2367=CARTESIAN_POINT('Ctrl Pts',(36.5590596032047,-3.36476524257657,19.3485906219153));
#2368=CARTESIAN_POINT('Ctrl Pts',(35.9775270018095,-3.17735517831827,19.4921631377278));
#2369=CARTESIAN_POINT('Ctrl Pts',(35.2624375388603,-3.01788932878496,19.6190603928423));
#2370=CARTESIAN_POINT('Ctrl Pts',(34.4091548857042,-2.8973411290242,19.7195448535274));
#2371=CARTESIAN_POINT('Ctrl Pts',(33.5408292922633,-2.84570420872046,19.7682535056706));
#2372=CARTESIAN_POINT('Ctrl Pts',(33.0156617665285,-2.85313071896705,19.7673442813402));
#2373=CARTESIAN_POINT('Ctrl Pts',(32.7400190266052,-2.85459992628787,19.768813488661));
#2374=CARTESIAN_POINT('Ctrl Pts',(37.1001664284267,-3.93554203067966,19.4040118956934));
#2375=CARTESIAN_POINT('Ctrl Pts',(36.974780614289,-3.85188958171144,19.4417570439669));
#2376=CARTESIAN_POINT('Ctrl Pts',(36.7056228268093,-3.69153908258744,19.5128515162756));
#2377=CARTESIAN_POINT('Ctrl Pts',(36.222099331387,-3.46867403729879,19.6092566645689));
#2378=CARTESIAN_POINT('Ctrl Pts',(35.6348923510777,-3.26858689308614,19.6994593666304));
#2379=CARTESIAN_POINT('Ctrl Pts',(34.9391259785914,-3.10933403575347,19.7818746602604));
#2380=CARTESIAN_POINT('Ctrl Pts',(34.1687225419783,-3.0056857470138,19.844538763747));
#2381=CARTESIAN_POINT('Ctrl Pts',(33.4330628604026,-2.976241431921,19.8728514294319));
#2382=CARTESIAN_POINT('Ctrl Pts',(32.9801356148681,-2.99008625453636,19.8733547573189));
#2383=CARTESIAN_POINT('Ctrl Pts',(32.7400190266052,-2.99425466344037,19.875974018335));
#2384=CARTESIAN_POINT('Ctrl Pts',(36.2674790122078,-4.21812054939037,19.8705353183717));
#2385=CARTESIAN_POINT('Ctrl Pts',(36.140158642171,-4.11556088042249,19.8806598653326));
#2386=CARTESIAN_POINT('Ctrl Pts',(35.8691857043238,-3.92379210231436,19.9003808074521));
#2387=CARTESIAN_POINT('Ctrl Pts',(35.4011843705411,-3.67125326449919,19.928872986784));
#2388=CARTESIAN_POINT('Ctrl Pts',(34.88463469375,-3.46591104165109,19.9539549543661));
#2389=CARTESIAN_POINT('Ctrl Pts',(34.3447092707152,-3.32453259902021,19.9711818899469));
#2390=CARTESIAN_POINT('Ctrl Pts',(33.803072053393,-3.24369236407945,19.9768846801121));
#2391=CARTESIAN_POINT('Ctrl Pts',(33.2850860048726,-3.2233054080436,19.973496876279));
#2392=CARTESIAN_POINT('Ctrl Pts',(32.9226443670858,-3.23340918109789,19.9759277125661));
#2393=CARTESIAN_POINT('Ctrl Pts',(32.7400190266051,-3.23820878852687,19.9770231255427));
#2394=CARTESIAN_POINT('Ctrl Pts',(35.5778120184078,-4.53974343191674,20.));
#2395=CARTESIAN_POINT('Ctrl Pts',(35.4742597378702,-4.41896938739205,20.));
#2396=CARTESIAN_POINT('Ctrl Pts',(35.2555704723446,-4.1951865089893,20.));
#2397=CARTESIAN_POINT('Ctrl Pts',(34.883152353857,-3.90698925937183,20.));
#2398=CARTESIAN_POINT('Ctrl Pts',(34.4825561879256,-3.6816272412463,20.));
#2399=CARTESIAN_POINT('Ctrl Pts',(34.0598297473294,-3.52715253372866,20.));
#2400=CARTESIAN_POINT('Ctrl Pts',(33.621154624542,-3.43679043075804,20.));
#2401=CARTESIAN_POINT('Ctrl Pts',(33.1821369124059,-3.40682113006911,20.));
#2402=CARTESIAN_POINT('Ctrl Pts',(32.8872661637491,-3.41065576448123,20.));
#2403=CARTESIAN_POINT('Ctrl Pts',(32.7400190266052,-3.41273353740028,20.));
#2404=CARTESIAN_POINT('Ctrl Pts',(35.2652451279872,-4.70188793951254,20.));
#2405=CARTESIAN_POINT('Ctrl Pts',(35.1739597362296,-4.57048970164185,20.));
#2406=CARTESIAN_POINT('Ctrl Pts',(34.9792993321843,-4.32835413026904,20.));
#2407=CARTESIAN_POINT('Ctrl Pts',(34.6446147095592,-4.02100339816827,20.));
#2408=CARTESIAN_POINT('Ctrl Pts',(34.2878301909242,-3.78637094752106,20.));
#2409=CARTESIAN_POINT('Ctrl Pts',(33.9113972500941,-3.62719317867297,20.));
#2410=CARTESIAN_POINT('Ctrl Pts',(33.5226806012812,-3.53477589990302,20.));
#2411=CARTESIAN_POINT('Ctrl Pts',(33.1320107176123,-3.50065378542994,20.));
#2412=CARTESIAN_POINT('Ctrl Pts',(32.8701756701626,-3.49999999999999,20.));
#2413=CARTESIAN_POINT('Ctrl Pts',(32.7400190266052,-3.49999999999999,20.));
#2414=CARTESIAN_POINT('',(35.2652451279872,-4.70188793951254,20.));
#2415=CARTESIAN_POINT('Ctrl Pts',(37.5701869430899,-3.73746786759288,18.7622648304727));
#2416=CARTESIAN_POINT('Ctrl Pts',(37.426538073363,-3.79969320801156,19.0075521615326));
#2417=CARTESIAN_POINT('Ctrl Pts',(37.1001664284267,-3.93554203067966,19.4040118956934));
#2418=CARTESIAN_POINT('Ctrl Pts',(36.2674790122078,-4.21812054939037,19.8705353183717));
#2419=CARTESIAN_POINT('Ctrl Pts',(35.5778120184078,-4.53974343191674,20.));
#2420=CARTESIAN_POINT('Ctrl Pts',(35.2652451279872,-4.70188793951254,20.));
#2421=CARTESIAN_POINT('',(32.7400190266052,-3.49999999999999,20.));
#2422=CARTESIAN_POINT('Ctrl Pts',(35.2652451279872,-4.70188793951254,20.));
#2423=CARTESIAN_POINT('Ctrl Pts',(35.2416794450811,-4.66796696761916,20.));
#2424=CARTESIAN_POINT('Ctrl Pts',(35.217698710419,-4.63470187537933,20.));
#2425=CARTESIAN_POINT('Ctrl Pts',(35.1933044306228,-4.60212122857628,20.));
#2426=CARTESIAN_POINT('Ctrl Pts',(35.1698569297072,-4.57080508593439,20.));
#2427=CARTESIAN_POINT('Ctrl Pts',(35.1460275966502,-4.54012176295273,20.));
#2428=CARTESIAN_POINT('Ctrl Pts',(35.1217951407522,-4.51005522944366,20.));
#2429=CARTESIAN_POINT('Ctrl Pts',(35.095868400864,-4.47788650511337,20.));
#2430=CARTESIAN_POINT('Ctrl Pts',(35.069474386591,-4.44641601170499,20.));
#2431=CARTESIAN_POINT('Ctrl Pts',(35.0425910635397,-4.41561413306885,20.));
#2432=CARTESIAN_POINT('Ctrl Pts',(35.013737604071,-4.38255494782256,20.));
#2433=CARTESIAN_POINT('Ctrl Pts',(34.9843207961288,-4.35026626160327,20.));
#2434=CARTESIAN_POINT('Ctrl Pts',(34.9543577840325,-4.31875538277758,20.));
#2435=CARTESIAN_POINT('Ctrl Pts',(34.9209709321629,-4.28364379118418,20.));
#2436=CARTESIAN_POINT('Ctrl Pts',(34.8869064296159,-4.24949841380876,20.));
#2437=CARTESIAN_POINT('Ctrl Pts',(34.8522351865522,-4.21637625496366,20.));
#2438=CARTESIAN_POINT('Ctrl Pts',(34.8036679993744,-4.16997901199754,20.));
#2439=CARTESIAN_POINT('Ctrl Pts',(34.7539116526054,-4.12559080748076,20.));
#2440=CARTESIAN_POINT('Ctrl Pts',(34.703241805959,-4.08344971484596,20.));
#2441=CARTESIAN_POINT('Ctrl Pts',(34.664583524359,-4.05129839934315,20.));
#2442=CARTESIAN_POINT('Ctrl Pts',(34.625396605881,-4.02045818078721,20.));
#2443=CARTESIAN_POINT('Ctrl Pts',(34.5857990769562,-3.99103151253584,20.));
#2444=CARTESIAN_POINT('Ctrl Pts',(34.5504857650884,-3.96478863472487,20.));
#2445=CARTESIAN_POINT('Ctrl Pts',(34.5148468215311,-3.9396709061923,20.));
#2446=CARTESIAN_POINT('Ctrl Pts',(34.4789403953749,-3.91572654201293,20.));
#2447=CARTESIAN_POINT('Ctrl Pts',(34.4452781208534,-3.89327870059478,20.));
#2448=CARTESIAN_POINT('Ctrl Pts',(34.4113813474908,-3.87186272282768,20.));
#2449=CARTESIAN_POINT('Ctrl Pts',(34.3772639333411,-3.85148541516882,20.));
#2450=CARTESIAN_POINT('Ctrl Pts',(34.3459777470878,-3.83279911497152,20.));
#2451=CARTESIAN_POINT('Ctrl Pts',(34.314506158485,-3.81498639022181,20.));
#2452=CARTESIAN_POINT('Ctrl Pts',(34.2828257783889,-3.79801941999239,20.));
#2453=CARTESIAN_POINT('Ctrl Pts',(34.2502517040809,-3.7805738165193,20.));
#2454=CARTESIAN_POINT('Ctrl Pts',(34.2174494355184,-3.76401743947104,20.));
#2455=CARTESIAN_POINT('Ctrl Pts',(34.1843885540513,-3.7483036456423,20.));
#2456=CARTESIAN_POINT('Ctrl Pts',(34.1481692085754,-3.7310886379908,20.));
#2457=CARTESIAN_POINT('Ctrl Pts',(34.1116399948444,-3.71488520041634,20.));
#2458=CARTESIAN_POINT('Ctrl Pts',(34.0748264252963,-3.69966045562617,20.));
#2459=CARTESIAN_POINT('Ctrl Pts',(34.0313805050079,-3.68169281334956,20.));
#2460=CARTESIAN_POINT('Ctrl Pts',(33.9875398665655,-3.66508913461878,20.));
#2461=CARTESIAN_POINT('Ctrl Pts',(33.9434205248549,-3.64982450583165,20.));
#2462=CARTESIAN_POINT('Ctrl Pts',(33.8941638838153,-3.63278244872882,20.));
#2463=CARTESIAN_POINT('Ctrl Pts',(33.8445653697439,-3.61741240539556,20.));
#2464=CARTESIAN_POINT('Ctrl Pts',(33.7948154933822,-3.60368172501825,20.));
#2465=CARTESIAN_POINT('Ctrl Pts',(33.7558644058182,-3.59293144837832,20.));
#2466=CARTESIAN_POINT('Ctrl Pts',(33.7168223162636,-3.58318671756593,20.));
#2467=CARTESIAN_POINT('Ctrl Pts',(33.6777527883078,-3.57441232483432,20.));
#2468=CARTESIAN_POINT('Ctrl Pts',(33.6431516703965,-3.56664146571747,20.));
#2469=CARTESIAN_POINT('Ctrl Pts',(33.6085295922016,-3.55963189079473,20.));
#2470=CARTESIAN_POINT('Ctrl Pts',(33.5738932508082,-3.55333721698839,20.));
#2471=CARTESIAN_POINT('Ctrl Pts',(33.5301740935749,-3.54539186760099,20.));
#2472=CARTESIAN_POINT('Ctrl Pts',(33.4864299581187,-3.53858589000763,20.));
#2473=CARTESIAN_POINT('Ctrl Pts',(33.4425848735269,-3.53276981955556,20.));
#2474=CARTESIAN_POINT('Ctrl Pts',(33.4016943428787,-3.52734567203055,20.));
#2475=CARTESIAN_POINT('Ctrl Pts',(33.3607142792935,-3.52278144172781,20.));
#2476=CARTESIAN_POINT('Ctrl Pts',(33.3196437623797,-3.51895532063234,20.));
#2477=CARTESIAN_POINT('Ctrl Pts',(33.2700782419464,-3.51433780671753,20.));
#2478=CARTESIAN_POINT('Ctrl Pts',(33.2203825491593,-3.510796508441,20.));
#2479=CARTESIAN_POINT('Ctrl Pts',(33.1706359557192,-3.50811062175551,20.));
#2480=CARTESIAN_POINT('Ctrl Pts',(33.1217120116326,-3.50546915103486,20.));
#2481=CARTESIAN_POINT('Ctrl Pts',(33.0727436695447,-3.50365619626439,20.));
#2482=CARTESIAN_POINT('Ctrl Pts',(33.0238220085489,-3.5024374038454,20.));
#2483=CARTESIAN_POINT('Ctrl Pts',(32.9824973063562,-3.50140787556029,20.));
#2484=CARTESIAN_POINT('Ctrl Pts',(32.9412076489152,-3.50080227170149,20.));
#2485=CARTESIAN_POINT('Ctrl Pts',(32.8999792460056,-3.50045634169366,20.));
#2486=CARTESIAN_POINT('Ctrl Pts',(32.8634726032203,-3.50015002996841,20.));
#2487=CARTESIAN_POINT('Ctrl Pts',(32.8270145027471,-3.50004724912239,20.));
#2488=CARTESIAN_POINT('Ctrl Pts',(32.7905858161267,-3.50001500984745,20.));
#2489=CARTESIAN_POINT('Ctrl Pts',(32.7737263486336,-3.50000008927089,20.));
#2490=CARTESIAN_POINT('Ctrl Pts',(32.7568725793305,-3.49999999999999,20.));
#2491=CARTESIAN_POINT('Ctrl Pts',(32.7400190266052,-3.49999999999999,20.));
#2492=CARTESIAN_POINT('Origin',(32.7400190266052,-3.49999999999999,19.));
#2493=CARTESIAN_POINT('Ctrl Pts',(37.5701869430899,-3.73746786759288,18.7622648304727));
#2494=CARTESIAN_POINT('Ctrl Pts',(37.426538073363,-3.79969320801156,19.0075521615326));
#2495=CARTESIAN_POINT('Ctrl Pts',(37.1001664284267,-3.93554203067966,19.4040118956934));
#2496=CARTESIAN_POINT('Ctrl Pts',(36.2674790122078,-4.21812054939037,19.8705353183717));
#2497=CARTESIAN_POINT('Ctrl Pts',(35.5778120184078,-4.53974343191674,20.));
#2498=CARTESIAN_POINT('Ctrl Pts',(35.2652451279872,-4.70188793951254,20.));
#2499=CARTESIAN_POINT('Ctrl Pts',(37.642018111398,-3.86033130983221,18.7933967915375));
#2500=CARTESIAN_POINT('Ctrl Pts',(37.4981775132842,-3.92175488611915,19.0281322965704));
#2501=CARTESIAN_POINT('Ctrl Pts',(37.17328845285,-4.05937479318863,19.414972888869));
#2502=CARTESIAN_POINT('Ctrl Pts',(36.351812748353,-4.36294919427229,19.875973747484));
#2503=CARTESIAN_POINT('Ctrl Pts',(35.6812581851228,-4.68965451206198,20.));
#2504=CARTESIAN_POINT('Ctrl Pts',(35.3717447517043,-4.85518588369501,20.));
#2505=CARTESIAN_POINT('Ctrl Pts',(37.7732381863644,-4.13053688296477,18.8523986218357));
#2506=CARTESIAN_POINT('Ctrl Pts',(37.6297702321968,-4.19202372282803,19.0696848893121));
#2507=CARTESIAN_POINT('Ctrl Pts',(37.3066955982934,-4.33674954446398,19.4400051324533));
#2508=CARTESIAN_POINT('Ctrl Pts',(36.5053580149252,-4.68705655158716,19.8881662536541));
#2509=CARTESIAN_POINT('Ctrl Pts',(35.8729125146827,-5.0198306330829,20.));
#2510=CARTESIAN_POINT('Ctrl Pts',(35.5687405760376,-5.19028519254553,20.));
#2511=CARTESIAN_POINT('Ctrl Pts',(37.936492009587,-4.63165266116252,18.9333526176116));
#2512=CARTESIAN_POINT('Ctrl Pts',(37.7923244421357,-4.69647293761984,19.1329913227007));
#2513=CARTESIAN_POINT('Ctrl Pts',(37.4637309283369,-4.85942065174994,19.4863485500938));
#2514=CARTESIAN_POINT('Ctrl Pts',(36.6832627070956,-5.25316112024981,19.9054879916186));
#2515=CARTESIAN_POINT('Ctrl Pts',(36.0933561775829,-5.55831233526915,20.));
#2516=CARTESIAN_POINT('Ctrl Pts',(35.7918785786682,-5.72084480371221,20.));
#2517=CARTESIAN_POINT('Ctrl Pts',(38.0665261454241,-5.2736827460591,19.0080044331799));
#2518=CARTESIAN_POINT('Ctrl Pts',(37.9180159051684,-5.34329180192282,19.1966087548424));
#2519=CARTESIAN_POINT('Ctrl Pts',(37.5729957336005,-5.52524015679871,19.5376050164209));
#2520=CARTESIAN_POINT('Ctrl Pts',(36.8120445719583,-5.90272140068524,19.915897056394));
#2521=CARTESIAN_POINT('Ctrl Pts',(36.2483358297928,-6.14997495345762,20.));
#2522=CARTESIAN_POINT('Ctrl Pts',(35.948587148129,-6.28914895057929,20.));
#2523=CARTESIAN_POINT('Ctrl Pts',(38.1624794594712,-6.10593900711329,19.0749622643213));
#2524=CARTESIAN_POINT('Ctrl Pts',(38.0039407544415,-6.16736940952675,19.2558252513274));
#2525=CARTESIAN_POINT('Ctrl Pts',(37.6331486077052,-6.32314084556237,19.5810281585139));
#2526=CARTESIAN_POINT('Ctrl Pts',(36.8911252883105,-6.57045241660196,19.9172430587157));
#2527=CARTESIAN_POINT('Ctrl Pts',(36.3343243434576,-6.73549726620447,20.));
#2528=CARTESIAN_POINT('Ctrl Pts',(36.0382878712088,-6.83298239681654,20.));
#2529=CARTESIAN_POINT('Ctrl Pts',(38.2012104149313,-7.03980704542291,19.1168199087998));
#2530=CARTESIAN_POINT('Ctrl Pts',(38.0296793298626,-7.06218548173855,19.2913540907035));
#2531=CARTESIAN_POINT('Ctrl Pts',(37.6339631828553,-7.12287181122936,19.6033256549174));
#2532=CARTESIAN_POINT('Ctrl Pts',(36.9062510201573,-7.21386249159801,19.9196300969289));
#2533=CARTESIAN_POINT('Ctrl Pts',(36.3550980338197,-7.31396022737359,20.));
#2534=CARTESIAN_POINT('Ctrl Pts',(36.0720188093099,-7.36527107590853,20.));
#2535=CARTESIAN_POINT('Ctrl Pts',(38.1943203435596,-7.56430128732505,19.1213203435596));
#2536=CARTESIAN_POINT('Ctrl Pts',(38.0143424467592,-7.57146258953744,19.30129824036));
#2537=CARTESIAN_POINT('Ctrl Pts',(37.6048254408429,-7.58964720335165,19.6187546414485));
#2538=CARTESIAN_POINT('Ctrl Pts',(36.8751722604208,-7.62949395970064,19.92723543121));
#2539=CARTESIAN_POINT('Ctrl Pts',(36.3420715930158,-7.66403157167348,20.));
#2540=CARTESIAN_POINT('Ctrl Pts',(36.073,-7.68113155591113,20.));
#2541=CARTESIAN_POINT('Ctrl Pts',(38.1943203435596,-7.83298097339481,19.1213203435596));
#2542=CARTESIAN_POINT('Ctrl Pts',(38.0092002211364,-7.83298097339481,19.3064404659829));
#2543=CARTESIAN_POINT('Ctrl Pts',(37.5902360096789,-7.83298097339478,19.627922055005));
#2544=CARTESIAN_POINT('Ctrl Pts',(36.8583736344194,-7.83298097339482,19.9310693766281));
#2545=CARTESIAN_POINT('Ctrl Pts',(36.3347993877991,-7.83298097339481,20.));
#2546=CARTESIAN_POINT('Ctrl Pts',(36.073,-7.83298097339481,20.));
#2547=CARTESIAN_POINT('',(38.1943203435596,-7.83298097339481,19.1213203435596));
#2548=CARTESIAN_POINT('Ctrl Pts',(37.5701869430899,-3.73746786759288,18.7622648304727));
#2549=CARTESIAN_POINT('Ctrl Pts',(37.642018111398,-3.86033130983221,18.7933967915375));
#2550=CARTESIAN_POINT('Ctrl Pts',(37.7732381863644,-4.13053688296477,18.8523986218357));
#2551=CARTESIAN_POINT('Ctrl Pts',(37.936492009587,-4.63165266116252,18.9333526176116));
#2552=CARTESIAN_POINT('Ctrl Pts',(38.0665261454241,-5.2736827460591,19.0080044331799));
#2553=CARTESIAN_POINT('Ctrl Pts',(38.1624794594712,-6.10593900711329,19.0749622643213));
#2554=CARTESIAN_POINT('Ctrl Pts',(38.2012104149313,-7.03980704542291,19.1168199087998));
#2555=CARTESIAN_POINT('Ctrl Pts',(38.1943203435596,-7.56430128732505,19.1213203435596));
#2556=CARTESIAN_POINT('Ctrl Pts',(38.1943203435596,-7.83298097339481,19.1213203435596));
#2557=CARTESIAN_POINT('',(36.073,-7.83298097339481,20.));
#2558=CARTESIAN_POINT('Origin',(36.073,-7.83298097339481,17.));
#2559=CARTESIAN_POINT('Ctrl Pts',(36.073,-7.8329809733948,20.));
#2560=CARTESIAN_POINT('Ctrl Pts',(36.073,-7.80833721010146,20.));
#2561=CARTESIAN_POINT('Ctrl Pts',(36.0729996692635,-7.78368900716129,20.));
#2562=CARTESIAN_POINT('Ctrl Pts',(36.0729683502438,-7.75889696387688,20.));
#2563=CARTESIAN_POINT('Ctrl Pts',(36.0729358500488,-7.73316990579465,20.));
#2564=CARTESIAN_POINT('Ctrl Pts',(36.0728699916811,-7.70728816856077,20.));
#2565=CARTESIAN_POINT('Ctrl Pts',(36.072740696752,-7.68115157139691,20.));
#2566=CARTESIAN_POINT('Ctrl Pts',(36.0726015686644,-7.65302722957968,20.));
#2567=CARTESIAN_POINT('Ctrl Pts',(36.0723889827888,-7.62460781632326,20.));
#2568=CARTESIAN_POINT('Ctrl Pts',(36.0720702039736,-7.59583029043367,20.));
#2569=CARTESIAN_POINT('Ctrl Pts',(36.0717293300622,-7.56505814578633,20.));
#2570=CARTESIAN_POINT('Ctrl Pts',(36.0712670478455,-7.53387688858126,20.));
#2571=CARTESIAN_POINT('Ctrl Pts',(36.0706484827623,-7.50227449033069,20.));
#2572=CARTESIAN_POINT('Ctrl Pts',(36.069965111059,-7.46736113148151,20.));
#2573=CARTESIAN_POINT('Ctrl Pts',(36.0690910130463,-7.43193433038724,20.));
#2574=CARTESIAN_POINT('Ctrl Pts',(36.0679850227811,-7.39604792023314,20.));
#2575=CARTESIAN_POINT('Ctrl Pts',(36.0666637770607,-7.35317704937221,20.));
#2576=CARTESIAN_POINT('Ctrl Pts',(36.0650116234322,-7.30965169103481,20.));
#2577=CARTESIAN_POINT('Ctrl Pts',(36.0629661425928,-7.26564522929132,20.));
#2578=CARTESIAN_POINT('Ctrl Pts',(36.0605545077027,-7.21376133163326,20.));
#2579=CARTESIAN_POINT('Ctrl Pts',(36.0575965247794,-7.16121633904478,20.));
#2580=CARTESIAN_POINT('Ctrl Pts',(36.0539965119905,-7.10832622574657,20.));
#2581=CARTESIAN_POINT('Ctrl Pts',(36.0514076001227,-7.07029084919697,20.));
#2582=CARTESIAN_POINT('Ctrl Pts',(36.048486844696,-7.03207831598783,20.));
#2583=CARTESIAN_POINT('Ctrl Pts',(36.0451979552022,-6.99377235392038,20.));
#2584=CARTESIAN_POINT('Ctrl Pts',(36.0422629401069,-6.9595879956072,20.));
#2585=CARTESIAN_POINT('Ctrl Pts',(36.0390348039932,-6.92532978904408,20.));
#2586=CARTESIAN_POINT('Ctrl Pts',(36.0354858482809,-6.8910156365014,20.));
#2587=CARTESIAN_POINT('Ctrl Pts',(36.0321436693736,-6.85870076808635,20.));
#2588=CARTESIAN_POINT('Ctrl Pts',(36.028517004703,-6.82633675410717,20.));
#2589=CARTESIAN_POINT('Ctrl Pts',(36.024580294268,-6.79389225124017,20.));
#2590=CARTESIAN_POINT('Ctrl Pts',(36.0199390375398,-6.75564121151713,20.));
#2591=CARTESIAN_POINT('Ctrl Pts',(36.0148656189137,-6.71727083175463,20.));
#2592=CARTESIAN_POINT('Ctrl Pts',(36.0093183063688,-6.67867267837636,20.));
#2593=CARTESIAN_POINT('Ctrl Pts',(36.0041776776714,-6.64290422774016,20.));
#2594=CARTESIAN_POINT('Ctrl Pts',(35.9986303101569,-6.60694059878736,20.));
#2595=CARTESIAN_POINT('Ctrl Pts',(35.9926560472424,-6.57075189358606,20.));
#2596=CARTESIAN_POINT('Ctrl Pts',(35.9860142319099,-6.53051953345843,20.));
#2597=CARTESIAN_POINT('Ctrl Pts',(35.9788448013362,-6.49000899662912,20.));
#2598=CARTESIAN_POINT('Ctrl Pts',(35.9711348633649,-6.44924546155025,20.));
#2599=CARTESIAN_POINT('Ctrl Pts',(35.9625095163537,-6.40364202910178,20.));
#2600=CARTESIAN_POINT('Ctrl Pts',(35.953207852896,-6.35772258393384,20.));
#2601=CARTESIAN_POINT('Ctrl Pts',(35.9432281790963,-6.31159664694964,20.));
#2602=CARTESIAN_POINT('Ctrl Pts',(35.9310175677062,-6.25515934220165,20.));
#2603=CARTESIAN_POINT('Ctrl Pts',(35.9177924563132,-6.1984149531261,20.));
#2604=CARTESIAN_POINT('Ctrl Pts',(35.9035681652348,-6.14165144051825,20.));
#2605=CARTESIAN_POINT('Ctrl Pts',(35.889035845293,-6.08365870670171,20.));
#2606=CARTESIAN_POINT('Ctrl Pts',(35.8734621704427,-6.02565275284315,20.));
#2607=CARTESIAN_POINT('Ctrl Pts',(35.8568629765716,-5.96794770546964,20.));
#2608=CARTESIAN_POINT('Ctrl Pts',(35.8441796747094,-5.92385577302421,20.));
#2609=CARTESIAN_POINT('Ctrl Pts',(35.8308978225923,-5.87994050557266,20.));
#2610=CARTESIAN_POINT('Ctrl Pts',(35.817015476514,-5.83630679071826,20.));
#2611=CARTESIAN_POINT('Ctrl Pts',(35.8044791843553,-5.79690386888512,20.));
#2612=CARTESIAN_POINT('Ctrl Pts',(35.7914533161199,-5.75773107846474,20.));
#2613=CARTESIAN_POINT('Ctrl Pts',(35.7779262642018,-5.71882392812611,20.));
#2614=CARTESIAN_POINT('Ctrl Pts',(35.7651962470302,-5.68220924704802,20.));
#2615=CARTESIAN_POINT('Ctrl Pts',(35.7520224579996,-5.64583023437568,20.));
#2616=CARTESIAN_POINT('Ctrl Pts',(35.7383842971172,-5.60967099917755,20.));
#2617=CARTESIAN_POINT('Ctrl Pts',(35.7232552461285,-5.56955892558199,20.));
#2618=CARTESIAN_POINT('Ctrl Pts',(35.7075518071145,-5.52970949092559,20.));
#2619=CARTESIAN_POINT('Ctrl Pts',(35.6912418047133,-5.49006425181823,20.));
#2620=CARTESIAN_POINT('Ctrl Pts',(35.6748866519528,-5.45030926430315,20.));
#2621=CARTESIAN_POINT('Ctrl Pts',(35.6579218410613,-5.41075995264578,20.));
#2622=CARTESIAN_POINT('Ctrl Pts',(35.6403431510636,-5.37141438576225,20.));
#2623=CARTESIAN_POINT('Ctrl Pts',(35.6214087413054,-5.32903437418913,20.));
#2624=CARTESIAN_POINT('Ctrl Pts',(35.6017623863637,-5.28689123080506,20.));
#2625=CARTESIAN_POINT('Ctrl Pts',(35.5814269370614,-5.24504076761134,20.));
#2626=CARTESIAN_POINT('Ctrl Pts',(35.558317430601,-5.19748127998113,20.));
#2627=CARTESIAN_POINT('Ctrl Pts',(35.5343184817789,-5.15030057945552,20.));
#2628=CARTESIAN_POINT('Ctrl Pts',(35.509493065471,-5.10364369906778,20.));
#2629=CARTESIAN_POINT('Ctrl Pts',(35.4721807230249,-5.03351889322777,20.));
#2630=CARTESIAN_POINT('Ctrl Pts',(35.4330047945659,-4.96458239913538,20.));
#2631=CARTESIAN_POINT('Ctrl Pts',(35.3922206445704,-4.89743474695191,20.));
#2632=CARTESIAN_POINT('Ctrl Pts',(35.3661895465398,-4.85457674655943,20.));
#2633=CARTESIAN_POINT('Ctrl Pts',(35.3395041450136,-4.81244981720222,20.));
#2634=CARTESIAN_POINT('Ctrl Pts',(35.312216500485,-4.77118941432309,20.));
#2635=CARTESIAN_POINT('Ctrl Pts',(35.2967513043087,-4.74780519645215,20.));
#2636=CARTESIAN_POINT('Ctrl Pts',(35.281092328209,-4.72469875452075,20.));
#2637=CARTESIAN_POINT('Ctrl Pts',(35.2652451279872,-4.70188793951254,20.));
#2638=CARTESIAN_POINT('Ctrl Pts',(37.5701869430899,-3.73746786759288,18.7622648304727));
#2639=CARTESIAN_POINT('Ctrl Pts',(37.642018111398,-3.86033130983221,18.7933967915375));
#2640=CARTESIAN_POINT('Ctrl Pts',(37.7732381863644,-4.13053688296477,18.8523986218357));
#2641=CARTESIAN_POINT('Ctrl Pts',(37.936492009587,-4.63165266116252,18.9333526176116));
#2642=CARTESIAN_POINT('Ctrl Pts',(38.0665261454241,-5.2736827460591,19.0080044331799));
#2643=CARTESIAN_POINT('Ctrl Pts',(38.1624794594712,-6.10593900711329,19.0749622643213));
#2644=CARTESIAN_POINT('Ctrl Pts',(38.2012104149313,-7.03980704542291,19.1168199087998));
#2645=CARTESIAN_POINT('Ctrl Pts',(38.1943203435596,-7.56430128732505,19.1213203435596));
#2646=CARTESIAN_POINT('Ctrl Pts',(38.1943203435596,-7.83298097339481,19.1213203435596));
#2647=CARTESIAN_POINT('Ctrl Pts',(37.857498149433,-3.92096941165286,18.5792414215425));
#2648=CARTESIAN_POINT('Ctrl Pts',(37.9129933183158,-4.04717466362318,18.6152790190722));
#2649=CARTESIAN_POINT('Ctrl Pts',(38.0156822033211,-4.3222141789993,18.6817330047052));
#2650=CARTESIAN_POINT('Ctrl Pts',(38.1442044760711,-4.8206350846108,18.7680162964549));
#2651=CARTESIAN_POINT('Ctrl Pts',(38.2522408811032,-5.45710656831509,18.8430678808438));
#2652=CARTESIAN_POINT('Ctrl Pts',(38.3346746767979,-6.2519978845275,18.9062810312874));
#2653=CARTESIAN_POINT('Ctrl Pts',(38.371484958924,-7.11076375677099,18.943299832222));
#2654=CARTESIAN_POINT('Ctrl Pts',(38.37429824036,-7.58699328356486,18.9413424467592));
#2655=CARTESIAN_POINT('Ctrl Pts',(38.3794404659829,-7.83298097339481,18.9362002211364));
#2656=CARTESIAN_POINT('Ctrl Pts',(38.3297077549313,-4.31873162692395,18.1813711320385));
#2657=CARTESIAN_POINT('Ctrl Pts',(38.3626525672652,-4.44719508868198,18.2239550775914));
#2658=CARTESIAN_POINT('Ctrl Pts',(38.4236541182905,-4.72293551016599,18.2992155166887));
#2659=CARTESIAN_POINT('Ctrl Pts',(38.5090321949326,-5.22986116378524,18.3878594505658));
#2660=CARTESIAN_POINT('Ctrl Pts',(38.5876456360361,-5.84853481126603,18.457651521801));
#2661=CARTESIAN_POINT('Ctrl Pts',(38.6487584327945,-6.562495974033,18.5134622417196));
#2662=CARTESIAN_POINT('Ctrl Pts',(38.6796434363299,-7.25443524344604,18.5441308874099));
#2663=CARTESIAN_POINT('Ctrl Pts',(38.6917546414486,-7.63146809510993,18.5318254408429));
#2664=CARTESIAN_POINT('Ctrl Pts',(38.700922055005,-7.83298097339481,18.5172360096789));
#2665=CARTESIAN_POINT('Ctrl Pts',(38.8963625677745,-5.27758063357599,17.2224313461229));
#2666=CARTESIAN_POINT('Ctrl Pts',(38.9075941184965,-5.40132895747959,17.2807884375628));
#2667=CARTESIAN_POINT('Ctrl Pts',(38.9299332732388,-5.66284929647496,17.3876981421643));
#2668=CARTESIAN_POINT('Ctrl Pts',(38.9599465305256,-6.09520534940413,17.5290796112187));
#2669=CARTESIAN_POINT('Ctrl Pts',(38.981646674868,-6.55456850987521,17.6568102459545));
#2670=CARTESIAN_POINT('Ctrl Pts',(38.9909224209628,-7.00476683532521,17.76228666636));
#2671=CARTESIAN_POINT('Ctrl Pts',(38.9928996973142,-7.40944269408974,17.8171558662091));
#2672=CARTESIAN_POINT('Ctrl Pts',(39.00023543121,-7.68961611633694,17.8021722604208));
#2673=CARTESIAN_POINT('Ctrl Pts',(39.0040693766281,-7.83298097339481,17.7853736344194));
#2674=CARTESIAN_POINT('Ctrl Pts',(39.073,-5.9135820964705,16.5864179035295));
#2675=CARTESIAN_POINT('Ctrl Pts',(39.073,-6.0029371834424,16.6607878677093));
#2676=CARTESIAN_POINT('Ctrl Pts',(39.073,-6.18929049272941,16.8000127469193));
#2677=CARTESIAN_POINT('Ctrl Pts',(39.073,-6.49145646685243,16.9775609333767));
#2678=CARTESIAN_POINT('Ctrl Pts',(39.073,-6.81302134684355,17.119117417431));
#2679=CARTESIAN_POINT('Ctrl Pts',(39.073,-7.14757074206608,17.2180242137855));
#2680=CARTESIAN_POINT('Ctrl Pts',(39.073,-7.48816737795107,17.2683300471987));
#2681=CARTESIAN_POINT('Ctrl Pts',(39.073,-7.71759689574131,17.2690715930158));
#2682=CARTESIAN_POINT('Ctrl Pts',(39.073,-7.83298097339481,17.2617993877991));
#2683=CARTESIAN_POINT('Ctrl Pts',(39.073,-6.18331430672814,16.3166856932719));
#2684=CARTESIAN_POINT('Ctrl Pts',(39.073,-6.25529459396248,16.3886659805062));
#2685=CARTESIAN_POINT('Ctrl Pts',(39.073,-6.40869042045345,16.5231904882955));
#2686=CARTESIAN_POINT('Ctrl Pts',(39.073,-6.66315449055419,16.6932179683098));
#2687=CARTESIAN_POINT('Ctrl Pts',(39.073,-6.93763453751423,16.8285765351305));
#2688=CARTESIAN_POINT('Ctrl Pts',(39.073,-7.22743420051071,16.9269502771457));
#2689=CARTESIAN_POINT('Ctrl Pts',(39.073,-7.52759505415345,16.9866559625761));
#2690=CARTESIAN_POINT('Ctrl Pts',(39.073,-7.73118547496451,17.));
#2691=CARTESIAN_POINT('Ctrl Pts',(39.073,-7.83298097339481,17.));
#2692=CARTESIAN_POINT('',(39.073,-6.18331430672814,16.3166856932719));
#2693=CARTESIAN_POINT('Ctrl Pts',(37.5701869430899,-3.73746786759288,18.7622648304727));
#2694=CARTESIAN_POINT('Ctrl Pts',(37.857498149433,-3.92096941165286,18.5792414215425));
#2695=CARTESIAN_POINT('Ctrl Pts',(38.3297077549313,-4.31873162692395,18.1813711320385));
#2696=CARTESIAN_POINT('Ctrl Pts',(38.8963625677745,-5.27758063357599,17.2224313461229));
#2697=CARTESIAN_POINT('Ctrl Pts',(39.073,-5.9135820964705,16.5864179035295));
#2698=CARTESIAN_POINT('Ctrl Pts',(39.073,-6.18331430672814,16.3166856932719));
#2699=CARTESIAN_POINT('',(39.073,-7.83298097339481,17.));
#2700=CARTESIAN_POINT('Origin',(39.073,-7.83298097339481,14.6670190266052));
#2701=CARTESIAN_POINT('Origin',(36.073,-7.83298097339481,17.));
#2702=CARTESIAN_POINT('Origin',(0.,1.50000000000001,-25.));
#2703=CARTESIAN_POINT('',(49.073,1.50000000000001,25.));
#2704=CARTESIAN_POINT('',(-49.073,1.50000000000001,25.));
#2705=CARTESIAN_POINT('',(0.,1.50000000000001,25.));
#2706=CARTESIAN_POINT('',(49.073,1.50000000000001,-25.));
#2707=CARTESIAN_POINT('',(49.073,1.50000000000001,-12.5));
#2708=CARTESIAN_POINT('',(-49.073,1.50000000000001,-25.));
#2709=CARTESIAN_POINT('',(0.,1.50000000000001,-25.));
#2710=CARTESIAN_POINT('',(-49.073,1.50000000000001,-12.5));
#2711=CARTESIAN_POINT('',(-2.5,1.50000000000001,-18.4999999257244));
#2712=CARTESIAN_POINT('',(-2.50000000000001,1.50000000000001,13.5));
#2713=CARTESIAN_POINT('',(-2.5,1.50000000000001,-21.7499999628622));
#2714=CARTESIAN_POINT('',(2.50000000000001,1.50000000000001,-18.5));
#2715=CARTESIAN_POINT('Origin',(0.,1.50000000000001,-18.5));
#2716=CARTESIAN_POINT('',(2.5,1.50000000000001,13.5));
#2717=CARTESIAN_POINT('',(2.5,1.50000000000001,-5.75));
#2718=CARTESIAN_POINT('Origin',(-5.55111512312578E-15,1.50000000000001,
13.5));
#2719=CARTESIAN_POINT('',(26.573,1.50000000000001,-18.5));
#2720=CARTESIAN_POINT('',(26.573,1.50000000000001,13.5));
#2721=CARTESIAN_POINT('',(26.573,1.50000000000001,-21.75));
#2722=CARTESIAN_POINT('',(31.573,1.50000000000001,-18.5));
#2723=CARTESIAN_POINT('Origin',(29.073,1.50000000000001,-18.5));
#2724=CARTESIAN_POINT('',(31.573,1.50000000000001,13.5));
#2725=CARTESIAN_POINT('',(31.573,1.50000000000001,-5.75));
#2726=CARTESIAN_POINT('Origin',(29.073,1.50000000000001,13.5));
#2727=CARTESIAN_POINT('',(-31.573,1.50000000000001,-18.5));
#2728=CARTESIAN_POINT('',(-31.573,1.50000000000001,13.5));
#2729=CARTESIAN_POINT('',(-31.573,1.50000000000001,-21.75));
#2730=CARTESIAN_POINT('',(-26.573,1.50000000000001,-18.5));
#2731=CARTESIAN_POINT('Origin',(-29.073,1.50000000000001,-18.5));
#2732=CARTESIAN_POINT('',(-26.573,1.50000000000001,13.5));
#2733=CARTESIAN_POINT('',(-26.573,1.50000000000001,-5.75));
#2734=CARTESIAN_POINT('Origin',(-29.073,1.50000000000001,13.5));
#2735=CARTESIAN_POINT('Origin',(-26.573,-2.49999999999999,13.5));
#2736=CARTESIAN_POINT('',(-26.573,-2.49999999999999,-18.5));
#2737=CARTESIAN_POINT('',(-26.573,-2.49999999999999,-18.5));
#2738=CARTESIAN_POINT('',(-26.573,-2.49999999999999,13.5));
#2739=CARTESIAN_POINT('',(-26.573,-2.49999999999999,16.75));
#2740=CARTESIAN_POINT('',(-26.573,-2.49999999999999,13.5));
#2741=CARTESIAN_POINT('Origin',(-29.073,-2.49999999999999,-18.5));
#2742=CARTESIAN_POINT('',(-31.573,-2.49999999999999,-18.5));
#2743=CARTESIAN_POINT('',(-31.573,-2.49999999999999,-18.5));
#2744=CARTESIAN_POINT('Origin',(-29.073,-2.49999999999999,-18.5));
#2745=CARTESIAN_POINT('Origin',(31.573,-2.49999999999999,13.5));
#2746=CARTESIAN_POINT('',(31.573,-2.49999999999999,-18.5));
#2747=CARTESIAN_POINT('',(31.573,-2.49999999999999,-18.5));
#2748=CARTESIAN_POINT('',(31.573,-2.49999999999999,13.5));
#2749=CARTESIAN_POINT('',(31.573,-2.49999999999999,16.75));
#2750=CARTESIAN_POINT('',(31.573,-2.49999999999999,13.5));
#2751=CARTESIAN_POINT('Origin',(29.073,-2.49999999999999,-18.5));
#2752=CARTESIAN_POINT('',(26.573,-2.49999999999999,-18.5));
#2753=CARTESIAN_POINT('',(26.573,-2.49999999999999,-18.5));
#2754=CARTESIAN_POINT('Origin',(29.073,-2.49999999999999,-18.5));
#2755=CARTESIAN_POINT('Origin',(2.5,-2.49999999999999,13.5));
#2756=CARTESIAN_POINT('',(2.5,-2.49999999999999,-18.5));
#2757=CARTESIAN_POINT('',(2.5,-2.49999999999999,-18.5));
#2758=CARTESIAN_POINT('',(2.5,-2.49999999999999,13.5));
#2759=CARTESIAN_POINT('',(2.49999999999999,-2.49999999999999,16.75));
#2760=CARTESIAN_POINT('',(2.5,-2.49999999999999,13.5));
#2761=CARTESIAN_POINT('Origin',(0.,-2.49999999999999,-18.5));
#2762=CARTESIAN_POINT('',(-2.5,-2.49999999999999,-18.4999999257244));
#2763=CARTESIAN_POINT('',(-2.5,-2.49999999999999,-18.4999999257244));
#2764=CARTESIAN_POINT('Origin',(0.,-2.49999999999999,-18.5));
#2765=CARTESIAN_POINT('Origin',(0.,-2.49999999999999,-25.));
#2766=CARTESIAN_POINT('',(49.073,-2.49999999999999,-25.));
#2767=CARTESIAN_POINT('',(49.073,-2.49999999999999,-25.));
#2768=CARTESIAN_POINT('',(-49.073,-2.49999999999999,-25.));
#2769=CARTESIAN_POINT('',(0.,-2.49999999999999,-25.));
#2770=CARTESIAN_POINT('',(-49.073,-2.49999999999999,-25.));
#2771=CARTESIAN_POINT('Origin',(49.073,-19.5,0.));
#2772=CARTESIAN_POINT('',(49.073,-41.5,25.));
#2773=CARTESIAN_POINT('',(49.073,2.50000000000001,25.));
#2774=CARTESIAN_POINT('',(49.073,-41.5,20.));
#2775=CARTESIAN_POINT('',(49.073,-41.5,25.));
#2776=CARTESIAN_POINT('',(49.073,-32.5,20.));
#2777=CARTESIAN_POINT('',(49.073,-41.5,20.));
#2778=CARTESIAN_POINT('',(49.073,-2.49999999999999,20.));
#2779=CARTESIAN_POINT('',(49.073,-41.5,20.));
#2780=CARTESIAN_POINT('',(49.073,-2.49999999999999,-10.));
#2781=CARTESIAN_POINT('',(49.073,-2.49999999999999,20.));
#2782=CARTESIAN_POINT('',(49.073,-2.49999999999999,20.));
#2783=CARTESIAN_POINT('Origin',(49.073,-26.3019182797589,17.));
#2784=CARTESIAN_POINT('',(46.073,-29.5,17.));
#2785=CARTESIAN_POINT('Origin',(49.073,-29.5,17.));
#2786=CARTESIAN_POINT('',(46.073,-5.49999999999999,17.));
#2787=CARTESIAN_POINT('',(46.073,-26.3019182797589,17.));
#2788=CARTESIAN_POINT('Origin',(49.073,-5.49999999999999,17.));
#2789=CARTESIAN_POINT('Origin',(49.073,-5.49999999999999,15.8480817202391));
#2790=CARTESIAN_POINT('',(46.073,-5.49999999999999,-7.00000000000002));
#2791=CARTESIAN_POINT('',(46.073,-5.49999999999999,15.8480817202391));
#2792=CARTESIAN_POINT('Origin',(49.073,-5.49999999999999,-7.00000000000002));
#2793=CARTESIAN_POINT('Origin',(0.,-41.5,20.));
#2794=CARTESIAN_POINT('',(36.073,-32.5,20.));
#2795=CARTESIAN_POINT('',(19.5365,-32.5,20.));
#2796=CARTESIAN_POINT('',(-49.073,-41.5,20.));
#2797=CARTESIAN_POINT('',(0.,-41.5,20.));
#2798=CARTESIAN_POINT('',(-49.073,-32.5,20.));
#2799=CARTESIAN_POINT('',(-49.073,-41.5,20.));
#2800=CARTESIAN_POINT('',(-36.073,-32.5,20.));
#2801=CARTESIAN_POINT('',(-19.5365,-32.5,20.));
#2802=CARTESIAN_POINT('',(-36.073,-7.99999999999999,20.));
#2803=CARTESIAN_POINT('',(-36.073,-26.3019182797589,20.));
#2804=CARTESIAN_POINT('',(-33.5730001037972,-10.5,20.));
#2805=CARTESIAN_POINT('Origin',(-33.573,-7.99999999999999,20.));
#2806=CARTESIAN_POINT('',(33.5729997641914,-10.5,20.));
#2807=CARTESIAN_POINT('',(16.7864998820957,-10.5,20.));
#2808=CARTESIAN_POINT('',(36.073,-7.99999999999999,20.));
#2809=CARTESIAN_POINT('Origin',(33.573,-7.99999999999999,20.));
#2810=CARTESIAN_POINT('',(36.073,-26.3019182797589,20.));
#2811=CARTESIAN_POINT('',(-33.5730000944174,-38.,20.));
#2812=CARTESIAN_POINT('',(33.5729997665603,-38.,20.));
#2813=CARTESIAN_POINT('',(16.7864998832801,-38.,20.));
#2814=CARTESIAN_POINT('',(33.573,-33.,20.));
#2815=CARTESIAN_POINT('Origin',(33.573,-35.5,20.));
#2816=CARTESIAN_POINT('',(-33.573,-33.,20.));
#2817=CARTESIAN_POINT('',(-16.7865,-33.,20.));
#2818=CARTESIAN_POINT('Origin',(-33.573,-35.5,20.));
#2819=CARTESIAN_POINT('Ctrl Pts',(37.5701869430899,-3.73746786759288,18.7622648304727));
#2820=CARTESIAN_POINT('Ctrl Pts',(37.857498149433,-3.92096941165286,18.5792414215425));
#2821=CARTESIAN_POINT('Ctrl Pts',(38.3297077549313,-4.31873162692395,18.1813711320385));
#2822=CARTESIAN_POINT('Ctrl Pts',(38.8963625677745,-5.27758063357599,17.2224313461229));
#2823=CARTESIAN_POINT('Ctrl Pts',(39.073,-5.9135820964705,16.5864179035295));
#2824=CARTESIAN_POINT('Ctrl Pts',(39.073,-6.18331430672814,16.3166856932718));
#2825=CARTESIAN_POINT('Ctrl Pts',(37.6317507444014,-3.7107998645563,18.6571416885899));
#2826=CARTESIAN_POINT('Ctrl Pts',(37.9047813403432,-3.89004800629198,18.4715749015207));
#2827=CARTESIAN_POINT('Ctrl Pts',(38.3582177514635,-4.28236284099596,18.0705986548853));
#2828=CARTESIAN_POINT('Ctrl Pts',(38.9058838448273,-5.22745802981721,17.1166523900209));
#2829=CARTESIAN_POINT('Ctrl Pts',(39.073,-5.84983641288781,16.5098278289822));
#2830=CARTESIAN_POINT('Ctrl Pts',(39.073,-6.12161691767015,16.2549883042138));
#2831=CARTESIAN_POINT('Ctrl Pts',(37.7452121853432,-3.6598569326425,18.4296351924224));
#2832=CARTESIAN_POINT('Ctrl Pts',(37.9930943396942,-3.83235055275789,18.2395224005994));
#2833=CARTESIAN_POINT('Ctrl Pts',(38.4119960101631,-4.2168182702284,17.8346900205192));
#2834=CARTESIAN_POINT('Ctrl Pts',(38.9247137936122,-5.13448707089151,16.8949273764857));
#2835=CARTESIAN_POINT('Ctrl Pts',(39.073,-5.72934300365452,16.351044042016));
#2836=CARTESIAN_POINT('Ctrl Pts',(39.073,-6.00515202399588,16.124664018615));
#2837=CARTESIAN_POINT('Ctrl Pts',(37.8912002548023,-3.58922345723772,18.0179562970386));
#2838=CARTESIAN_POINT('Ctrl Pts',(38.1089068435962,-3.7560170210333,17.8261942037958));
#2839=CARTESIAN_POINT('Ctrl Pts',(38.4856245707587,-4.13666872903243,17.4216592973497));
#2840=CARTESIAN_POINT('Ctrl Pts',(38.9513790600518,-5.01017396736904,16.5305514819031));
#2841=CARTESIAN_POINT('Ctrl Pts',(39.073,-5.57126042465435,16.0961402889634));
#2842=CARTESIAN_POINT('Ctrl Pts',(39.073,-5.85344054188421,15.9108467072105));
#2843=CARTESIAN_POINT('Ctrl Pts',(38.0136670912651,-3.5233465051228,17.5137957152508));
#2844=CARTESIAN_POINT('Ctrl Pts',(38.207873642001,-3.68827923566493,17.3282475210339));
#2845=CARTESIAN_POINT('Ctrl Pts',(38.5546164984653,-4.07135609299652,16.9271949707743));
#2846=CARTESIAN_POINT('Ctrl Pts',(38.9732348067221,-4.89665799387298,16.1426421334053));
#2847=CARTESIAN_POINT('Ctrl Pts',(39.073,-5.43849442662925,15.8260988989095));
#2848=CARTESIAN_POINT('Ctrl Pts',(39.073,-5.72662296976085,15.6813875826503));
#2849=CARTESIAN_POINT('Ctrl Pts',(38.1107455438558,-3.4623771459145,16.885821365888));
#2850=CARTESIAN_POINT('Ctrl Pts',(38.2898946482355,-3.62873335631885,16.714740196187));
#2851=CARTESIAN_POINT('Ctrl Pts',(38.6159727703659,-4.01758420648781,16.3492541436162));
#2852=CARTESIAN_POINT('Ctrl Pts',(38.9866079738937,-4.79528418990625,15.7501757067134));
#2853=CARTESIAN_POINT('Ctrl Pts',(39.073,-5.33488100835242,15.5443177676009));
#2854=CARTESIAN_POINT('Ctrl Pts',(39.073,-5.62629406081677,15.4391721699794));
#2855=CARTESIAN_POINT('Ctrl Pts',(38.1774887670901,-3.41065500288658,16.1251101745368));
#2856=CARTESIAN_POINT('Ctrl Pts',(38.3484034871397,-3.58081545422471,15.9984671401588));
#2857=CARTESIAN_POINT('Ctrl Pts',(38.6596019307524,-3.97546739521995,15.7328124844593));
#2858=CARTESIAN_POINT('Ctrl Pts',(38.9914139166675,-4.71803263014152,15.3771508412624));
#2859=CARTESIAN_POINT('Ctrl Pts',(39.073,-5.2646860356631,15.2553081023397));
#2860=CARTESIAN_POINT('Ctrl Pts',(39.073,-5.55371552305719,15.1872465017757));
#2861=CARTESIAN_POINT('Ctrl Pts',(38.1997634178569,-3.38206855705351,15.3435031876008));
#2862=CARTESIAN_POINT('Ctrl Pts',(38.3717712882105,-3.55665038336981,15.2844098483712));
#2863=CARTESIAN_POINT('Ctrl Pts',(38.6817064476883,-3.95754099168126,15.1644976331987));
#2864=CARTESIAN_POINT('Ctrl Pts',(38.9941631797462,-4.68467776722274,15.0325847058411));
#2865=CARTESIAN_POINT('Ctrl Pts',(39.073,-5.23073713546456,14.9627505243107));
#2866=CARTESIAN_POINT('Ctrl Pts',(39.073,-5.50980007001296,14.9287786131615));
#2867=CARTESIAN_POINT('Ctrl Pts',(38.1943203435596,-3.37867965644035,14.8973159003793));
#2868=CARTESIAN_POINT('Ctrl Pts',(38.3750328440205,-3.55939215690116,14.877865617888));
#2869=CARTESIAN_POINT('Ctrl Pts',(38.6930642719566,-3.97025876360911,14.8397443508494));
#2870=CARTESIAN_POINT('Ctrl Pts',(39.0007831376983,-4.7002275432937,14.7899031897976));
#2871=CARTESIAN_POINT('Ctrl Pts',(39.073,-5.23196729344372,14.7659196645939));
#2872=CARTESIAN_POINT('Ctrl Pts',(39.073,-5.49999999999999,14.754272310974));
#2873=CARTESIAN_POINT('Ctrl Pts',(38.1943203435596,-3.37867965644035,14.6670190266052));
#2874=CARTESIAN_POINT('Ctrl Pts',(38.3794404659829,-3.56379977886362,14.6670190266052));
#2875=CARTESIAN_POINT('Ctrl Pts',(38.700922055005,-3.98276399032111,14.6670190266052));
#2876=CARTESIAN_POINT('Ctrl Pts',(39.0040693766281,-4.71462636558063,14.6670190266052));
#2877=CARTESIAN_POINT('Ctrl Pts',(39.073,-5.23820061220084,14.6670190266052));
#2878=CARTESIAN_POINT('Ctrl Pts',(39.073,-5.49999999999999,14.6670190266052));
#2879=CARTESIAN_POINT('',(39.073,-5.49999999999999,14.6670190266052));
#2880=CARTESIAN_POINT('Origin',(36.073,-5.49999999999999,14.6670190266052));
#2881=CARTESIAN_POINT('Origin',(39.073,-7.83298097339481,14.6670190266052));
#2882=CARTESIAN_POINT('Origin',(36.073,-26.3019182797589,17.));
#2883=CARTESIAN_POINT('',(39.073,-29.5,17.));
#2884=CARTESIAN_POINT('Origin',(36.073,-29.5,17.));
#2885=CARTESIAN_POINT('',(36.073,-26.3019182797589,20.));
#2886=CARTESIAN_POINT('',(39.073,-26.3019182797589,17.));
#2887=CARTESIAN_POINT('Ctrl Pts',(-37.5701869430899,-3.73773516952728,18.7625321324071));
#2888=CARTESIAN_POINT('Ctrl Pts',(-37.857498149433,-3.92075857845752,18.5790305883471));
#2889=CARTESIAN_POINT('Ctrl Pts',(-38.3297077549313,-4.31862886796148,18.1812683730761));
#2890=CARTESIAN_POINT('Ctrl Pts',(-38.8963625677745,-5.27756865387714,17.222419366424));
#2891=CARTESIAN_POINT('Ctrl Pts',(-39.073,-5.9135820964705,16.5864179035295));
#2892=CARTESIAN_POINT('Ctrl Pts',(-39.073,-6.18331430672814,16.3166856932718));
#2893=CARTESIAN_POINT('Ctrl Pts',(-37.6317507444014,-3.84285831141008,18.7892001354437));
#2894=CARTESIAN_POINT('Ctrl Pts',(-37.9047813403432,-4.02842509847929,18.609951993708));
#2895=CARTESIAN_POINT('Ctrl Pts',(-38.3582177514635,-4.42940134511467,18.2176371590041));
#2896=CARTESIAN_POINT('Ctrl Pts',(-38.9058838448273,-5.38334760997907,17.2725419701828));
#2897=CARTESIAN_POINT('Ctrl Pts',(-39.073,-5.99017217101784,16.6501635871122));
#2898=CARTESIAN_POINT('Ctrl Pts',(-39.073,-6.24501169578615,16.3783830823298));
#2899=CARTESIAN_POINT('Ctrl Pts',(-37.7452121853432,-4.07036480757757,18.8401430673575));
#2900=CARTESIAN_POINT('Ctrl Pts',(-37.9930943396943,-4.26047759940062,18.6676494472421));
#2901=CARTESIAN_POINT('Ctrl Pts',(-38.411996010163,-4.66530997948074,18.2831817297716));
#2902=CARTESIAN_POINT('Ctrl Pts',(-38.9247137936122,-5.60507262351427,17.3655129291085));
#2903=CARTESIAN_POINT('Ctrl Pts',(-39.073,-6.14895595798402,16.7706569963455));
#2904=CARTESIAN_POINT('Ctrl Pts',(-39.073,-6.37533598138496,16.4948479760041));
#2905=CARTESIAN_POINT('Ctrl Pts',(-37.8912002548023,-4.48204370296139,18.9107765427623));
#2906=CARTESIAN_POINT('Ctrl Pts',(-38.1089068435962,-4.67380579620412,18.7439829789667));
#2907=CARTESIAN_POINT('Ctrl Pts',(-38.4856245707588,-5.07834070265035,18.3633312709676));
#2908=CARTESIAN_POINT('Ctrl Pts',(-38.9513790600517,-5.96944851809688,17.4898260326309));
#2909=CARTESIAN_POINT('Ctrl Pts',(-39.073,-6.40385971103663,16.9287395753456));
#2910=CARTESIAN_POINT('Ctrl Pts',(-39.073,-6.58915329278953,16.6465594581158));
#2911=CARTESIAN_POINT('Ctrl Pts',(-38.0136670912651,-4.98620428474921,18.9766534948772));
#2912=CARTESIAN_POINT('Ctrl Pts',(-38.207873642001,-5.17175247896617,18.8117207643351));
#2913=CARTESIAN_POINT('Ctrl Pts',(-38.5546164984653,-5.57280502922564,18.4286439070035));
#2914=CARTESIAN_POINT('Ctrl Pts',(-38.9732348067221,-6.35735786659464,17.603342006127));
#2915=CARTESIAN_POINT('Ctrl Pts',(-39.073,-6.67390110109052,17.0615055733707));
#2916=CARTESIAN_POINT('Ctrl Pts',(-39.073,-6.81861241734969,16.7733770302391));
#2917=CARTESIAN_POINT('Ctrl Pts',(-38.1107455438558,-5.614178634112,19.0376228540855));
#2918=CARTESIAN_POINT('Ctrl Pts',(-38.2898946482355,-5.78525980381296,18.8712666436811));
#2919=CARTESIAN_POINT('Ctrl Pts',(-38.6159727703659,-6.15074585638381,18.4824157935122));
#2920=CARTESIAN_POINT('Ctrl Pts',(-38.9866079738937,-6.74982429328658,17.7047158100937));
#2921=CARTESIAN_POINT('Ctrl Pts',(-39.073,-6.95568223239906,17.1651189916476));
#2922=CARTESIAN_POINT('Ctrl Pts',(-39.073,-7.06082783002059,16.8737059391832));
#2923=CARTESIAN_POINT('Ctrl Pts',(-38.1774887670901,-6.37488982546318,19.0893449971134));
#2924=CARTESIAN_POINT('Ctrl Pts',(-38.3484034871397,-6.50153285984123,18.9191845457753));
#2925=CARTESIAN_POINT('Ctrl Pts',(-38.6596019307524,-6.76718751554066,18.52453260478));
#2926=CARTESIAN_POINT('Ctrl Pts',(-38.9914139166675,-7.12284915873758,17.7819673698585));
#2927=CARTESIAN_POINT('Ctrl Pts',(-39.073,-7.24469189766032,17.2353139643369));
#2928=CARTESIAN_POINT('Ctrl Pts',(-39.073,-7.31275349822425,16.9462844769428));
#2929=CARTESIAN_POINT('Ctrl Pts',(-38.1997634178569,-7.15649681239924,19.1179314429465));
#2930=CARTESIAN_POINT('Ctrl Pts',(-38.3717712882105,-7.21559015162882,18.9433496166302));
#2931=CARTESIAN_POINT('Ctrl Pts',(-38.6817064476883,-7.33550236680129,18.5424590083187));
#2932=CARTESIAN_POINT('Ctrl Pts',(-38.9941631797462,-7.46741529415892,17.8153222327773));
#2933=CARTESIAN_POINT('Ctrl Pts',(-39.073,-7.53724947568928,17.2692628645354));
#2934=CARTESIAN_POINT('Ctrl Pts',(-39.073,-7.57122138683853,16.990199929987));
#2935=CARTESIAN_POINT('Ctrl Pts',(-38.1943203435596,-7.60268409962074,19.1213203435596));
#2936=CARTESIAN_POINT('Ctrl Pts',(-38.3750328440205,-7.622134382112,18.9406078430988));
#2937=CARTESIAN_POINT('Ctrl Pts',(-38.6930642719566,-7.66025564915063,18.5297412363909));
#2938=CARTESIAN_POINT('Ctrl Pts',(-39.0007831376983,-7.71009681020236,17.7997724567063));
#2939=CARTESIAN_POINT('Ctrl Pts',(-39.073,-7.73408033540609,17.2680327065563));
#2940=CARTESIAN_POINT('Ctrl Pts',(-39.073,-7.74572768902598,17.));
#2941=CARTESIAN_POINT('Ctrl Pts',(-38.1943203435596,-7.83298097339481,19.1213203435596));
#2942=CARTESIAN_POINT('Ctrl Pts',(-38.3794404659829,-7.83298097339481,18.9362002211364));
#2943=CARTESIAN_POINT('Ctrl Pts',(-38.700922055005,-7.83298097339481,18.5172360096789));
#2944=CARTESIAN_POINT('Ctrl Pts',(-39.0040693766281,-7.83298097339481,17.7853736344194));
#2945=CARTESIAN_POINT('Ctrl Pts',(-39.073,-7.83298097339481,17.2617993877991));
#2946=CARTESIAN_POINT('Ctrl Pts',(-39.073,-7.83298097339481,17.));
#2947=CARTESIAN_POINT('',(-39.073,-7.83298097339481,17.));
#2948=CARTESIAN_POINT('Origin',(-36.073,-7.83298097339481,17.));
#2949=CARTESIAN_POINT('Origin',(-39.073,-7.83298097339481,14.6670190266052));
#2950=CARTESIAN_POINT('Origin',(0.,-3.49999999999999,19.));
#2951=CARTESIAN_POINT('',(0.,-3.49999999999999,20.));
#2952=CARTESIAN_POINT('',(0.,-2.49999999999999,19.));
#2953=CARTESIAN_POINT('Origin',(-36.073,-26.3019182797589,17.));
#2954=CARTESIAN_POINT('',(-39.073,-29.5,17.));
#2955=CARTESIAN_POINT('Origin',(-36.073,-29.5,17.));
#2956=CARTESIAN_POINT('',(-39.073,-26.3019182797589,17.));
#2957=CARTESIAN_POINT('',(-36.073,-26.3019182797589,20.));
#2958=CARTESIAN_POINT('Origin',(-36.073,-5.49999999999999,15.8480817202391));
#2959=CARTESIAN_POINT('',(-39.073,-5.49999999999999,-7.00000000000002));
#2960=CARTESIAN_POINT('',(-36.073,-2.49999999999999,-10.));
#2961=CARTESIAN_POINT('Origin',(-36.073,-5.49999999999999,-7.00000000000002));
#2962=CARTESIAN_POINT('',(-36.073,-2.49999999999999,15.8480817202391));
#2963=CARTESIAN_POINT('',(-39.073,-5.49999999999999,15.8480817202391));
#2964=CARTESIAN_POINT('Origin',(36.073,-5.49999999999999,15.8480817202391));
#2965=CARTESIAN_POINT('',(36.073,-2.49999999999999,-10.));
#2966=CARTESIAN_POINT('',(39.073,-5.49999999999999,-7.00000000000002));
#2967=CARTESIAN_POINT('Origin',(36.073,-5.49999999999999,-7.00000000000002));
#2968=CARTESIAN_POINT('',(39.073,-5.49999999999999,15.8480817202391));
#2969=CARTESIAN_POINT('',(36.073,-2.49999999999999,15.8480817202391));
#2970=CARTESIAN_POINT('Origin',(0.,-41.5,20.));
#2971=CARTESIAN_POINT('',(33.573,-5.49999999999998,20.));
#2972=CARTESIAN_POINT('Origin',(33.573,-7.99999999999999,20.));
#2973=CARTESIAN_POINT('',(-33.573,-5.49999999999999,20.));
#2974=CARTESIAN_POINT('',(-16.7865,-5.49999999999999,20.));
#2975=CARTESIAN_POINT('Origin',(-33.573,-7.99999999999999,20.));
#2976=CARTESIAN_POINT('Origin',(39.073,-11.1038365595179,11.6961634404781));
#2977=CARTESIAN_POINT('',(39.073,-40.,27.5));
#2978=CARTESIAN_POINT('Origin',(-49.073,-5.49999999999999,15.8480817202391));
#2979=CARTESIAN_POINT('',(-49.073,-2.49999999999999,-10.));
#2980=CARTESIAN_POINT('',(-49.073,-2.49999999999999,20.));
#2981=CARTESIAN_POINT('',(-49.073,-2.49999999999999,20.));
#2982=CARTESIAN_POINT('',(-46.073,-5.49999999999999,-7.00000000000002));
#2983=CARTESIAN_POINT('Origin',(-49.073,-5.49999999999999,-7.00000000000002));
#2984=CARTESIAN_POINT('',(-46.073,-5.49999999999999,17.));
#2985=CARTESIAN_POINT('',(-46.073,-5.49999999999999,15.8480817202391));
#2986=CARTESIAN_POINT('Origin',(-49.073,-5.49999999999999,17.));
#2987=CARTESIAN_POINT('Origin',(-49.073,-26.3019182797589,17.));
#2988=CARTESIAN_POINT('',(-46.073,-29.5,17.));
#2989=CARTESIAN_POINT('',(-46.073,-26.3019182797589,17.));
#2990=CARTESIAN_POINT('Origin',(-49.073,-29.5,17.));
#2991=CARTESIAN_POINT('',(-49.073,-41.5,20.));
#2992=CARTESIAN_POINT('Origin',(0.,-2.49999999999999,20.));
#2993=CARTESIAN_POINT('',(19.5365,-2.5,-10.));
#2994=CARTESIAN_POINT('',(-19.5365,-2.5,-10.));
#2995=CARTESIAN_POINT('',(-49.073,-2.49999999999999,20.));
#2996=CARTESIAN_POINT('',(-2.50000000000001,-2.49999999999999,13.5));
#2997=CARTESIAN_POINT('',(-2.5,-2.49999999999999,0.750000037137792));
#2998=CARTESIAN_POINT('Origin',(-5.55111512312578E-15,-2.49999999999999,
13.5));
#2999=CARTESIAN_POINT('',(26.573,-2.49999999999999,13.5));
#3000=CARTESIAN_POINT('',(26.573,-2.49999999999999,0.749999999999995));
#3001=CARTESIAN_POINT('Origin',(29.073,-2.49999999999999,13.5));
#3002=CARTESIAN_POINT('',(-31.573,-2.49999999999999,13.5));
#3003=CARTESIAN_POINT('',(-31.573,-2.49999999999999,0.749999999999995));
#3004=CARTESIAN_POINT('Origin',(-29.073,-2.49999999999999,13.5));
#3005=CARTESIAN_POINT('Origin',(-46.073,-11.1038365595179,11.6961634404781));
#3006=CARTESIAN_POINT('',(-46.073,-40.,27.5));
#3007=CARTESIAN_POINT('Origin',(-39.073,-40.,27.5));
#3008=CARTESIAN_POINT('',(-39.073,-40.,27.5));
#3009=CARTESIAN_POINT('Origin',(-39.073,-11.1038365595179,11.6961634404781));
#3010=CARTESIAN_POINT('Origin',(46.073,-11.1038365595179,11.6961634404781));
#3011=CARTESIAN_POINT('',(46.073,-40.,27.5));
#3012=CARTESIAN_POINT('Origin',(39.073,-40.,27.5));
#3013=CARTESIAN_POINT('Origin',(0.,2.50000000000001,25.));
#3014=CARTESIAN_POINT('',(-49.073,-41.5,25.));
#3015=CARTESIAN_POINT('',(-49.073,2.50000000000001,25.));
#3016=CARTESIAN_POINT('',(0.,-41.5,25.));
#3017=CARTESIAN_POINT('',(33.5729997665603,-38.,25.));
#3018=CARTESIAN_POINT('',(-33.5730000944174,-38.,25.));
#3019=CARTESIAN_POINT('',(16.7864998832802,-38.,25.));
#3020=CARTESIAN_POINT('',(-33.573,-33.,25.));
#3021=CARTESIAN_POINT('Origin',(-33.573,-35.5,25.));
#3022=CARTESIAN_POINT('',(33.573,-33.,25.));
#3023=CARTESIAN_POINT('',(-16.7865,-33.,25.));
#3024=CARTESIAN_POINT('Origin',(33.573,-35.5,25.));
#3025=CARTESIAN_POINT('',(33.5729997641914,-10.5,25.));
#3026=CARTESIAN_POINT('',(-33.5730001037972,-10.5,25.));
#3027=CARTESIAN_POINT('',(16.7864998820957,-10.5,25.));
#3028=CARTESIAN_POINT('',(-33.573,-5.49999999999999,25.));
#3029=CARTESIAN_POINT('Origin',(-33.573,-7.99999999999999,25.));
#3030=CARTESIAN_POINT('',(33.573,-5.49999999999998,25.));
#3031=CARTESIAN_POINT('',(-16.7865,-5.49999999999999,25.));
#3032=CARTESIAN_POINT('Origin',(33.573,-7.99999999999999,25.));
#3033=CARTESIAN_POINT('Origin',(-2.5,-2.49999999999999,-18.4999999257244));
#3034=CARTESIAN_POINT('',(-2.50000000000001,-2.49999999999999,13.5));
#3035=CARTESIAN_POINT('Origin',(-5.55111512312578E-15,-2.49999999999999,
13.5));
#3036=CARTESIAN_POINT('Origin',(26.573,-2.49999999999999,-18.5));
#3037=CARTESIAN_POINT('',(26.573,-2.49999999999999,13.5));
#3038=CARTESIAN_POINT('Origin',(29.073,-2.49999999999999,13.5));
#3039=CARTESIAN_POINT('Origin',(-31.573,-2.49999999999999,-18.5));
#3040=CARTESIAN_POINT('',(-31.573,-2.49999999999999,13.5));
#3041=CARTESIAN_POINT('Origin',(-29.073,-2.49999999999999,13.5));
#3042=CARTESIAN_POINT('Origin',(33.5729997641914,-10.5,25.));
#3043=CARTESIAN_POINT('',(33.5729997641914,-10.5,25.));
#3044=CARTESIAN_POINT('',(-33.5730001037972,-10.5,25.));
#3045=CARTESIAN_POINT('Origin',(33.573,-7.99999999999999,25.));
#3046=CARTESIAN_POINT('',(33.573,-5.49999999999998,25.));
#3047=CARTESIAN_POINT('Origin',(-33.573,-5.49999999999999,25.));
#3048=CARTESIAN_POINT('',(-33.573,-5.49999999999999,25.));
#3049=CARTESIAN_POINT('Origin',(-33.573,-7.99999999999999,25.));
#3050=CARTESIAN_POINT('Origin',(33.5729997665603,-38.,25.));
#3051=CARTESIAN_POINT('',(33.5729997665603,-38.,25.));
#3052=CARTESIAN_POINT('',(-33.5730000944174,-38.,25.));
#3053=CARTESIAN_POINT('Origin',(33.573,-35.5,25.));
#3054=CARTESIAN_POINT('',(33.573,-33.,25.));
#3055=CARTESIAN_POINT('Origin',(-33.573,-33.,25.));
#3056=CARTESIAN_POINT('',(-33.573,-33.,25.));
#3057=CARTESIAN_POINT('Origin',(-33.573,-35.5,25.));
#3058=CARTESIAN_POINT('Origin',(-49.073,-19.5,0.));
#3059=CARTESIAN_POINT('',(-49.073,-41.5,25.));
#3060=CARTESIAN_POINT('Origin',(0.,-41.5,25.));
#3061=UNCERTAINTY_MEASURE_WITH_UNIT(LENGTH_MEASURE(0.01),#3065,
'DISTANCE_ACCURACY_VALUE',
'Maximum model space distance between geometric entities at asserted c
onnectivities');
#3062=UNCERTAINTY_MEASURE_WITH_UNIT(LENGTH_MEASURE(0.01),#3065,
'DISTANCE_ACCURACY_VALUE',
'Maximum model space distance between geometric entities at asserted c
onnectivities');
#3063=(
GEOMETRIC_REPRESENTATION_CONTEXT(3)
GLOBAL_UNCERTAINTY_ASSIGNED_CONTEXT((#3061))
GLOBAL_UNIT_ASSIGNED_CONTEXT((#3065,#3067,#3068))
REPRESENTATION_CONTEXT('','3D')
);
#3064=(
GEOMETRIC_REPRESENTATION_CONTEXT(3)
GLOBAL_UNCERTAINTY_ASSIGNED_CONTEXT((#3062))
GLOBAL_UNIT_ASSIGNED_CONTEXT((#3065,#3067,#3068))
REPRESENTATION_CONTEXT('','3D')
);
#3065=(
LENGTH_UNIT()
NAMED_UNIT(*)
SI_UNIT(.MILLI.,.METRE.)
);
#3066=(
LENGTH_UNIT()
NAMED_UNIT(*)
SI_UNIT($,.METRE.)
);
#3067=(
NAMED_UNIT(*)
PLANE_ANGLE_UNIT()
SI_UNIT($,.RADIAN.)
);
#3068=(
NAMED_UNIT(*)
SI_UNIT($,.STERADIAN.)
SOLID_ANGLE_UNIT()
);
#3069=SHAPE_DEFINITION_REPRESENTATION(#3070,#3071);
#3070=PRODUCT_DEFINITION_SHAPE('',$,#3073);
#3071=SHAPE_REPRESENTATION('',(#1065),#3063);
#3072=PRODUCT_DEFINITION_CONTEXT('part definition',#3077,'design');
#3073=PRODUCT_DEFINITION('2026-05-17-21-16-58-930',
'R1-C4 - Lift-motor-mounting-bracket',#3074,#3072);
#3074=PRODUCT_DEFINITION_FORMATION('',$,#3079);
#3075=PRODUCT_RELATED_PRODUCT_CATEGORY(
'R1-C4 - Lift-motor-mounting-bracket',
'R1-C4 - Lift-motor-mounting-bracket',(#3079));
#3076=APPLICATION_PROTOCOL_DEFINITION('international standard',
'automotive_design',2009,#3077);
#3077=APPLICATION_CONTEXT(
'Core Data for Automotive Mechanical Design Process');
#3078=PRODUCT_CONTEXT('part definition',#3077,'mechanical');
#3079=PRODUCT('2026-05-17-21-16-58-930',
'R1-C4 - Lift-motor-mounting-bracket',$,(#3078));
#3080=PRESENTATION_STYLE_ASSIGNMENT((#3081));
#3081=SURFACE_STYLE_USAGE(.BOTH.,#3082);
#3082=SURFACE_SIDE_STYLE('',(#3083));
#3083=SURFACE_STYLE_FILL_AREA(#3084);
#3084=FILL_AREA_STYLE('Acier - Satin\X\E9',(#3085));
#3085=FILL_AREA_STYLE_COLOUR('Acier - Satin\X\E9',#3086);
#3086=COLOUR_RGB('Acier - Satin\X\E9',0.627450980392157,0.627450980392157,
0.627450980392157);
ENDSEC;
END-ISO-10303-21;
