ISO-10303-21;
HEADER;
/* Generated by software containing ST-Developer
 * from STEP Tools, Inc. (www.steptools.com) 
 */

FILE_DESCRIPTION(
/* description */ (''),
/* implementation_level */ '2;1');

FILE_NAME(
/* name */ 'R1-C4 - Chassis-part 4.step',
/* time_stamp */ '2026-10-01T19:36:36+02:00',
/* author */ (''),
/* organization */ (''),
/* preprocessor_version */ 'ST-DEVELOPER v20.2',
/* originating_system */ 'Autodesk Translation Framework v15.15.0.0',
/* authorisation */ '');

FILE_SCHEMA (('AUTOMOTIVE_DESIGN { 1 0 10303 214 3 1 1 }'));
ENDSEC;

DATA;
#10=MECHANICAL_DESIGN_GEOMETRIC_PRESENTATION_REPRESENTATION('',(#13),#1886);
#11=SHAPE_REPRESENTATION_RELATIONSHIP('SRR','None',#1893,#12);
#12=ADVANCED_BREP_SHAPE_REPRESENTATION('',(#14),#1885);
#13=STYLED_ITEM('',(#1902),#14);
#14=MANIFOLD_SOLID_BREP('Corps2',#1014);
#15=B_SPLINE_CURVE_WITH_KNOTS('',3,(#1576,#1577,#1578,#1579,#1580,#1581,
#1582,#1583,#1584,#1585),.UNSPECIFIED.,.F.,.F.,(4,2,2,2,4),(-0.301449507842175,
-0.226057895177456,-0.150666282512738,-0.0753331412563689,0.),
 .UNSPECIFIED.);
#16=B_SPLINE_CURVE_WITH_KNOTS('',3,(#1589,#1590,#1591,#1592,#1593,#1594,
#1595,#1596,#1597,#1598),.UNSPECIFIED.,.F.,.F.,(4,2,2,2,4),(0.,0.0753331412563698,
0.15066628251274,0.22605789517746,0.30144950784218),.UNSPECIFIED.);
#17=B_SPLINE_CURVE_WITH_KNOTS('',3,(#1604,#1605,#1606,#1607,#1608,#1609,
#1610,#1611,#1612,#1613),.UNSPECIFIED.,.F.,.F.,(4,2,2,2,4),(0.,0.0753331412563704,
0.150666282512741,0.22605789517746,0.301449507842179),.UNSPECIFIED.);
#18=B_SPLINE_CURVE_WITH_KNOTS('',3,(#1617,#1618,#1619,#1620,#1621,#1622,
#1623,#1624,#1625,#1626),.UNSPECIFIED.,.F.,.F.,(4,2,2,2,4),(0.301529201210102,
0.376920813874822,0.452312426539542,0.527645567795912,0.602978709052282),
 .UNSPECIFIED.);
#19=B_SPLINE_CURVE_WITH_KNOTS('',3,(#1630,#1631,#1632,#1633,#1634,#1635,
#1636,#1637,#1638,#1639),.UNSPECIFIED.,.F.,.F.,(4,2,2,2,4),(0.602978709052274,
0.678323458665519,0.753668208278764,0.829048212725607,0.90442821717245),
 .UNSPECIFIED.);
#20=B_SPLINE_CURVE_WITH_KNOTS('',3,(#1642,#1643,#1644,#1645,#1646,#1647,
#1648,#1649,#1650,#1651),.UNSPECIFIED.,.F.,.F.,(4,2,2,2,4),(-0.301449507842181,
-0.226057895177461,-0.150666282512741,-0.0753331412563707,0.),
 .UNSPECIFIED.);
#21=B_SPLINE_CURVE_WITH_KNOTS('',3,(#1656,#1657,#1658,#1659,#1660,#1661,
#1662,#1663,#1664,#1665),.UNSPECIFIED.,.F.,.F.,(4,2,2,2,4),(0.,0.0753331412563704,
0.150666282512741,0.22605789517746,0.301449507842179),.UNSPECIFIED.);
#22=B_SPLINE_CURVE_WITH_KNOTS('',3,(#1669,#1670,#1671,#1672,#1673,#1674,
#1675,#1676,#1677,#1678),.UNSPECIFIED.,.F.,.F.,(4,2,2,2,4),(0.301529201210104,
0.376920813874823,0.452312426539542,0.527645567795912,0.602978709052283),
 .UNSPECIFIED.);
#23=B_SPLINE_CURVE_WITH_KNOTS('',3,(#1682,#1683,#1684,#1685,#1686,#1687,
#1688,#1689,#1690,#1691),.UNSPECIFIED.,.F.,.F.,(4,2,2,2,4),(0.602978711894379,
0.67831185315075,0.75364499440712,0.82903660707184,0.904428219736561),
 .UNSPECIFIED.);
#24=B_SPLINE_CURVE_WITH_KNOTS('',3,(#1694,#1695,#1696,#1697,#1698,#1699,
#1700,#1701,#1702,#1703),.UNSPECIFIED.,.F.,.F.,(4,2,2,2,4),(-0.301449507842181,
-0.226057895177461,-0.150666282512741,-0.0753331412563705,0.),
 .UNSPECIFIED.);
#25=B_SPLINE_CURVE_WITH_KNOTS('',3,(#1728,#1729,#1730,#1731,#1732,#1733,
#1734,#1735,#1736,#1737),.UNSPECIFIED.,.F.,.F.,(4,2,2,2,4),(-0.301484471888786,
-0.226073911724576,-0.150663351560365,-0.0753316757801827,0.),
 .UNSPECIFIED.);
#26=B_SPLINE_CURVE_WITH_KNOTS('',3,(#1740,#1741,#1742,#1743,#1744,#1745,
#1746,#1747,#1748,#1749),.UNSPECIFIED.,.F.,.F.,(4,2,2,2,4),(0.,0.0753316757801825,
0.150663351560365,0.226073911724576,0.301484471888787),.UNSPECIFIED.);
#27=B_SPLINE_CURVE_WITH_KNOTS('',3,(#1766,#1767,#1768,#1769,#1770,#1771,
#1772,#1773,#1774,#1775),.UNSPECIFIED.,.F.,.F.,(4,2,2,2,4),(0.,0.0753316757801831,
0.150663351560366,0.226073911724577,0.301484471888788),.UNSPECIFIED.);
#28=B_SPLINE_CURVE_WITH_KNOTS('',3,(#1783,#1784,#1785,#1786,#1787,#1788,
#1789,#1790,#1791,#1792),.UNSPECIFIED.,.F.,.F.,(4,2,2,2,4),(0.301592067007114,
0.377002627171325,0.452413187335536,0.527744863115719,0.603076538895902),
 .UNSPECIFIED.);
#29=B_SPLINE_CURVE_WITH_KNOTS('',3,(#1796,#1797,#1798,#1799,#1800,#1801,
#1802,#1803,#1804,#1805),.UNSPECIFIED.,.F.,.F.,(4,2,2,2,4),(0.,0.0753316757801823,
0.150663351560365,0.226073911724576,0.301484471888787),.UNSPECIFIED.);
#30=B_SPLINE_CURVE_WITH_KNOTS('',3,(#1813,#1814,#1815,#1816,#1817,#1818,
#1819,#1820,#1821,#1822),.UNSPECIFIED.,.F.,.F.,(4,2,2,2,4),(0.301592067007113,
0.377002627171324,0.452413187335536,0.527744863115718,0.6030765388959),
 .UNSPECIFIED.);
#31=B_SPLINE_CURVE_WITH_KNOTS('',3,(#1831,#1832,#1833,#1834,#1835,#1836,
#1837,#1838,#1839,#1840),.UNSPECIFIED.,.F.,.F.,(4,2,2,2,4),(0.6030765388959,
0.678408214676082,0.753739890456265,0.829150450620475,0.904561010784686),
 .UNSPECIFIED.);
#32=B_SPLINE_CURVE_WITH_KNOTS('',3,(#1845,#1846,#1847,#1848,#1849,#1850,
#1851,#1852,#1853,#1854),.UNSPECIFIED.,.F.,.F.,(4,2,2,2,4),(-0.301484471888787,
-0.226073911724576,-0.150663351560365,-0.0753316757801823,0.),
 .UNSPECIFIED.);
#33=B_SPLINE_CURVE_WITH_KNOTS('',3,(#1857,#1858,#1859,#1860,#1861,#1862,
#1863,#1864,#1865,#1866),.UNSPECIFIED.,.F.,.F.,(4,2,2,2,4),(0.603076538895899,
0.67840821467608,0.753739890456261,0.829150450620475,0.904561010784688),
 .UNSPECIFIED.);
#34=B_SPLINE_CURVE_WITH_KNOTS('',3,(#1871,#1872,#1873,#1874,#1875,#1876,
#1877,#1878,#1879,#1880),.UNSPECIFIED.,.F.,.F.,(4,2,2,2,4),(-0.301484471888789,
-0.226073911724578,-0.150663351560367,-0.0753316757801834,0.),
 .UNSPECIFIED.);
#35=TOROIDAL_SURFACE('',#1058,4.00000000000001,1.);
#36=TOROIDAL_SURFACE('',#1070,4.00000000000001,1.);
#37=CYLINDRICAL_SURFACE('',#1036,3.2);
#38=CYLINDRICAL_SURFACE('',#1040,3.2);
#39=CYLINDRICAL_SURFACE('',#1052,3.2);
#40=CYLINDRICAL_SURFACE('',#1056,3.2);
#41=CYLINDRICAL_SURFACE('',#1068,3.00000000000001);
#42=CYLINDRICAL_SURFACE('',#1074,3.00000000000001);
#43=CYLINDRICAL_SURFACE('',#1076,2.20000000000001);
#44=CYLINDRICAL_SURFACE('',#1078,2.20000000000001);
#45=CYLINDRICAL_SURFACE('',#1080,2.20000000000001);
#46=CYLINDRICAL_SURFACE('',#1084,2.20000000000001);
#47=CYLINDRICAL_SURFACE('',#1086,2.20000000000001);
#48=CYLINDRICAL_SURFACE('',#1088,2.20000000000001);
#49=CYLINDRICAL_SURFACE('',#1090,2.2);
#50=CYLINDRICAL_SURFACE('',#1092,2.2);
#51=CYLINDRICAL_SURFACE('',#1094,2.2);
#52=CYLINDRICAL_SURFACE('',#1098,137.16);
#53=CYLINDRICAL_SURFACE('',#1108,118.11);
#54=CYLINDRICAL_SURFACE('',#1112,2.);
#55=CYLINDRICAL_SURFACE('',#1115,2.);
#56=CYLINDRICAL_SURFACE('',#1116,2.);
#57=CYLINDRICAL_SURFACE('',#1119,2.);
#58=CYLINDRICAL_SURFACE('',#1120,2.);
#59=CYLINDRICAL_SURFACE('',#1122,2.);
#60=CYLINDRICAL_SURFACE('',#1123,2.);
#61=CYLINDRICAL_SURFACE('',#1126,2.);
#62=CYLINDRICAL_SURFACE('',#1127,2.);
#63=CYLINDRICAL_SURFACE('',#1130,2.);
#64=CYLINDRICAL_SURFACE('',#1131,118.11);
#65=CYLINDRICAL_SURFACE('',#1132,118.11);
#66=FACE_BOUND('',#165,.T.);
#67=FACE_BOUND('',#166,.T.);
#68=FACE_BOUND('',#167,.T.);
#69=FACE_BOUND('',#168,.T.);
#70=FACE_BOUND('',#169,.T.);
#71=FACE_BOUND('',#175,.T.);
#72=FACE_BOUND('',#176,.T.);
#73=FACE_BOUND('',#177,.T.);
#74=FACE_BOUND('',#178,.T.);
#75=FACE_BOUND('',#179,.T.);
#76=FACE_BOUND('',#185,.T.);
#77=FACE_BOUND('',#186,.T.);
#78=FACE_BOUND('',#187,.T.);
#79=FACE_BOUND('',#188,.T.);
#80=FACE_BOUND('',#189,.T.);
#81=FACE_BOUND('',#206,.T.);
#82=FACE_BOUND('',#207,.T.);
#83=FACE_BOUND('',#211,.T.);
#84=FACE_BOUND('',#212,.T.);
#85=FACE_BOUND('',#213,.T.);
#86=FACE_BOUND('',#216,.T.);
#87=FACE_BOUND('',#217,.T.);
#88=FACE_BOUND('',#218,.T.);
#89=FACE_BOUND('',#219,.T.);
#90=FACE_BOUND('',#220,.T.);
#91=FACE_BOUND('',#230,.T.);
#92=FACE_BOUND('',#231,.T.);
#93=FACE_BOUND('',#232,.T.);
#94=FACE_BOUND('',#233,.T.);
#95=FACE_BOUND('',#234,.T.);
#96=PLANE('',#1031);
#97=PLANE('',#1045);
#98=PLANE('',#1063);
#99=PLANE('',#1082);
#100=PLANE('',#1083);
#101=PLANE('',#1096);
#102=PLANE('',#1105);
#103=PLANE('',#1106);
#104=PLANE('',#1107);
#105=PLANE('',#1110);
#106=PLANE('',#1111);
#107=PLANE('',#1113);
#108=PLANE('',#1117);
#109=PLANE('',#1121);
#110=PLANE('',#1124);
#111=PLANE('',#1128);
#112=FACE_OUTER_BOUND('',#163,.T.);
#113=FACE_OUTER_BOUND('',#164,.T.);
#114=FACE_OUTER_BOUND('',#170,.T.);
#115=FACE_OUTER_BOUND('',#171,.T.);
#116=FACE_OUTER_BOUND('',#172,.T.);
#117=FACE_OUTER_BOUND('',#173,.T.);
#118=FACE_OUTER_BOUND('',#174,.T.);
#119=FACE_OUTER_BOUND('',#180,.T.);
#120=FACE_OUTER_BOUND('',#181,.T.);
#121=FACE_OUTER_BOUND('',#182,.T.);
#122=FACE_OUTER_BOUND('',#183,.T.);
#123=FACE_OUTER_BOUND('',#184,.T.);
#124=FACE_OUTER_BOUND('',#190,.T.);
#125=FACE_OUTER_BOUND('',#191,.T.);
#126=FACE_OUTER_BOUND('',#192,.T.);
#127=FACE_OUTER_BOUND('',#193,.T.);
#128=FACE_OUTER_BOUND('',#194,.T.);
#129=FACE_OUTER_BOUND('',#195,.T.);
#130=FACE_OUTER_BOUND('',#196,.T.);
#131=FACE_OUTER_BOUND('',#197,.T.);
#132=FACE_OUTER_BOUND('',#198,.T.);
#133=FACE_OUTER_BOUND('',#199,.T.);
#134=FACE_OUTER_BOUND('',#200,.T.);
#135=FACE_OUTER_BOUND('',#201,.T.);
#136=FACE_OUTER_BOUND('',#202,.T.);
#137=FACE_OUTER_BOUND('',#203,.T.);
#138=FACE_OUTER_BOUND('',#204,.T.);
#139=FACE_OUTER_BOUND('',#205,.T.);
#140=FACE_OUTER_BOUND('',#208,.T.);
#141=FACE_OUTER_BOUND('',#209,.T.);
#142=FACE_OUTER_BOUND('',#210,.T.);
#143=FACE_OUTER_BOUND('',#214,.T.);
#144=FACE_OUTER_BOUND('',#215,.T.);
#145=FACE_OUTER_BOUND('',#221,.T.);
#146=FACE_OUTER_BOUND('',#222,.T.);
#147=FACE_OUTER_BOUND('',#223,.T.);
#148=FACE_OUTER_BOUND('',#224,.T.);
#149=FACE_OUTER_BOUND('',#225,.T.);
#150=FACE_OUTER_BOUND('',#226,.T.);
#151=FACE_OUTER_BOUND('',#227,.T.);
#152=FACE_OUTER_BOUND('',#228,.T.);
#153=FACE_OUTER_BOUND('',#229,.T.);
#154=FACE_OUTER_BOUND('',#235,.T.);
#155=FACE_OUTER_BOUND('',#236,.T.);
#156=FACE_OUTER_BOUND('',#237,.T.);
#157=FACE_OUTER_BOUND('',#238,.T.);
#158=FACE_OUTER_BOUND('',#239,.T.);
#159=FACE_OUTER_BOUND('',#240,.T.);
#160=FACE_OUTER_BOUND('',#241,.T.);
#161=FACE_OUTER_BOUND('',#242,.T.);
#162=FACE_OUTER_BOUND('',#243,.T.);
#163=EDGE_LOOP('',(#673,#674,#675,#676));
#164=EDGE_LOOP('',(#677,#678,#679,#680));
#165=EDGE_LOOP('',(#681));
#166=EDGE_LOOP('',(#682));
#167=EDGE_LOOP('',(#683));
#168=EDGE_LOOP('',(#684));
#169=EDGE_LOOP('',(#685));
#170=EDGE_LOOP('',(#686,#687,#688,#689));
#171=EDGE_LOOP('',(#690,#691,#692,#693));
#172=EDGE_LOOP('',(#694,#695,#696,#697));
#173=EDGE_LOOP('',(#698,#699,#700,#701));
#174=EDGE_LOOP('',(#702,#703,#704,#705,#706,#707,#708,#709));
#175=EDGE_LOOP('',(#710));
#176=EDGE_LOOP('',(#711));
#177=EDGE_LOOP('',(#712));
#178=EDGE_LOOP('',(#713));
#179=EDGE_LOOP('',(#714));
#180=EDGE_LOOP('',(#715,#716,#717,#718));
#181=EDGE_LOOP('',(#719,#720,#721,#722));
#182=EDGE_LOOP('',(#723,#724,#725,#726));
#183=EDGE_LOOP('',(#727,#728,#729,#730,#731));
#184=EDGE_LOOP('',(#732,#733,#734,#735));
#185=EDGE_LOOP('',(#736));
#186=EDGE_LOOP('',(#737));
#187=EDGE_LOOP('',(#738));
#188=EDGE_LOOP('',(#739));
#189=EDGE_LOOP('',(#740));
#190=EDGE_LOOP('',(#741,#742,#743,#744,#745));
#191=EDGE_LOOP('',(#746,#747,#748,#749,#750));
#192=EDGE_LOOP('',(#751,#752,#753,#754,#755));
#193=EDGE_LOOP('',(#756,#757,#758,#759));
#194=EDGE_LOOP('',(#760,#761,#762,#763));
#195=EDGE_LOOP('',(#764,#765,#766,#767));
#196=EDGE_LOOP('',(#768));
#197=EDGE_LOOP('',(#769));
#198=EDGE_LOOP('',(#770,#771,#772,#773));
#199=EDGE_LOOP('',(#774,#775,#776,#777));
#200=EDGE_LOOP('',(#778,#779,#780,#781));
#201=EDGE_LOOP('',(#782,#783,#784,#785));
#202=EDGE_LOOP('',(#786,#787,#788,#789));
#203=EDGE_LOOP('',(#790,#791,#792,#793));
#204=EDGE_LOOP('',(#794,#795,#796,#797));
#205=EDGE_LOOP('',(#798,#799,#800,#801,#802,#803,#804,#805,#806,#807));
#206=EDGE_LOOP('',(#808,#809,#810,#811,#812,#813,#814,#815));
#207=EDGE_LOOP('',(#816,#817,#818,#819,#820,#821,#822,#823));
#208=EDGE_LOOP('',(#824,#825,#826,#827));
#209=EDGE_LOOP('',(#828,#829,#830,#831));
#210=EDGE_LOOP('',(#832,#833,#834,#835,#836,#837,#838,#839,#840,#841,#842,
#843,#844,#845));
#211=EDGE_LOOP('',(#846));
#212=EDGE_LOOP('',(#847));
#213=EDGE_LOOP('',(#848));
#214=EDGE_LOOP('',(#849,#850,#851,#852,#853,#854));
#215=EDGE_LOOP('',(#855,#856,#857,#858,#859,#860,#861,#862,#863,#864,#865,
#866,#867,#868));
#216=EDGE_LOOP('',(#869));
#217=EDGE_LOOP('',(#870));
#218=EDGE_LOOP('',(#871));
#219=EDGE_LOOP('',(#872));
#220=EDGE_LOOP('',(#873));
#221=EDGE_LOOP('',(#874,#875,#876,#877));
#222=EDGE_LOOP('',(#878,#879,#880,#881));
#223=EDGE_LOOP('',(#882,#883,#884,#885));
#224=EDGE_LOOP('',(#886,#887,#888,#889));
#225=EDGE_LOOP('',(#890,#891,#892,#893));
#226=EDGE_LOOP('',(#894,#895,#896,#897));
#227=EDGE_LOOP('',(#898,#899,#900,#901));
#228=EDGE_LOOP('',(#902,#903,#904,#905));
#229=EDGE_LOOP('',(#906,#907,#908,#909));
#230=EDGE_LOOP('',(#910));
#231=EDGE_LOOP('',(#911));
#232=EDGE_LOOP('',(#912));
#233=EDGE_LOOP('',(#913));
#234=EDGE_LOOP('',(#914));
#235=EDGE_LOOP('',(#915,#916,#917,#918));
#236=EDGE_LOOP('',(#919,#920,#921,#922));
#237=EDGE_LOOP('',(#923,#924,#925,#926));
#238=EDGE_LOOP('',(#927,#928,#929,#930));
#239=EDGE_LOOP('',(#931,#932,#933,#934));
#240=EDGE_LOOP('',(#935,#936,#937,#938));
#241=EDGE_LOOP('',(#939,#940,#941,#942));
#242=EDGE_LOOP('',(#943,#944,#945,#946,#947,#948,#949,#950));
#243=EDGE_LOOP('',(#951,#952,#953,#954,#955,#956,#957,#958));
#244=LINE('',#1419,#313);
#245=LINE('',#1424,#314);
#246=LINE('',#1426,#315);
#247=LINE('',#1428,#316);
#248=LINE('',#1429,#317);
#249=LINE('',#1440,#318);
#250=LINE('',#1444,#319);
#251=LINE('',#1448,#320);
#252=LINE('',#1454,#321);
#253=LINE('',#1458,#322);
#254=LINE('',#1460,#323);
#255=LINE('',#1464,#324);
#256=LINE('',#1466,#325);
#257=LINE('',#1468,#326);
#258=LINE('',#1480,#327);
#259=LINE('',#1484,#328);
#260=LINE('',#1488,#329);
#261=LINE('',#1500,#330);
#262=LINE('',#1502,#331);
#263=LINE('',#1503,#332);
#264=LINE('',#1515,#333);
#265=LINE('',#1525,#334);
#266=LINE('',#1528,#335);
#267=LINE('',#1532,#336);
#268=LINE('',#1536,#337);
#269=LINE('',#1542,#338);
#270=LINE('',#1546,#339);
#271=LINE('',#1550,#340);
#272=LINE('',#1554,#341);
#273=LINE('',#1558,#342);
#274=LINE('',#1562,#343);
#275=LINE('',#1568,#344);
#276=LINE('',#1569,#345);
#277=LINE('',#1574,#346);
#278=LINE('',#1599,#347);
#279=LINE('',#1615,#348);
#280=LINE('',#1641,#349);
#281=LINE('',#1667,#350);
#282=LINE('',#1693,#351);
#283=LINE('',#1706,#352);
#284=LINE('',#1707,#353);
#285=LINE('',#1709,#354);
#286=LINE('',#1712,#355);
#287=LINE('',#1713,#356);
#288=LINE('',#1715,#357);
#289=LINE('',#1717,#358);
#290=LINE('',#1718,#359);
#291=LINE('',#1720,#360);
#292=LINE('',#1722,#361);
#293=LINE('',#1723,#362);
#294=LINE('',#1726,#363);
#295=LINE('',#1751,#364);
#296=LINE('',#1753,#365);
#297=LINE('',#1755,#366);
#298=LINE('',#1756,#367);
#299=LINE('',#1758,#368);
#300=LINE('',#1760,#369);
#301=LINE('',#1761,#370);
#302=LINE('',#1762,#371);
#303=LINE('',#1776,#372);
#304=LINE('',#1780,#373);
#305=LINE('',#1793,#374);
#306=LINE('',#1806,#375);
#307=LINE('',#1810,#376);
#308=LINE('',#1823,#377);
#309=LINE('',#1825,#378);
#310=LINE('',#1827,#379);
#311=LINE('',#1841,#380);
#312=LINE('',#1867,#381);
#313=VECTOR('',#1139,3.70000000000002);
#314=VECTOR('',#1144,10.);
#315=VECTOR('',#1145,10.);
#316=VECTOR('',#1146,10.);
#317=VECTOR('',#1147,10.);
#318=VECTOR('',#1158,3.2);
#319=VECTOR('',#1163,3.70000000000002);
#320=VECTOR('',#1168,3.2);
#321=VECTOR('',#1175,3.7);
#322=VECTOR('',#1180,10.);
#323=VECTOR('',#1181,10.);
#324=VECTOR('',#1184,10.);
#325=VECTOR('',#1185,10.);
#326=VECTOR('',#1186,10.);
#327=VECTOR('',#1199,3.2);
#328=VECTOR('',#1204,3.7);
#329=VECTOR('',#1209,3.2);
#330=VECTOR('',#1224,10.);
#331=VECTOR('',#1225,10.);
#332=VECTOR('',#1226,10.);
#333=VECTOR('',#1239,3.00000000000001);
#334=VECTOR('',#1252,3.00000000000001);
#335=VECTOR('',#1255,2.20000000000001);
#336=VECTOR('',#1260,2.20000000000001);
#337=VECTOR('',#1265,2.20000000000001);
#338=VECTOR('',#1274,2.20000000000001);
#339=VECTOR('',#1279,2.20000000000001);
#340=VECTOR('',#1284,2.20000000000001);
#341=VECTOR('',#1289,2.2);
#342=VECTOR('',#1294,2.2);
#343=VECTOR('',#1299,2.2);
#344=VECTOR('',#1306,10.);
#345=VECTOR('',#1307,10.);
#346=VECTOR('',#1312,10.);
#347=VECTOR('',#1315,10.);
#348=VECTOR('',#1318,10.);
#349=VECTOR('',#1321,10.);
#350=VECTOR('',#1324,10.);
#351=VECTOR('',#1327,10.);
#352=VECTOR('',#1330,10.);
#353=VECTOR('',#1331,10.);
#354=VECTOR('',#1334,10.);
#355=VECTOR('',#1337,10.);
#356=VECTOR('',#1338,10.);
#357=VECTOR('',#1339,10.);
#358=VECTOR('',#1340,10.);
#359=VECTOR('',#1341,10.);
#360=VECTOR('',#1342,10.);
#361=VECTOR('',#1343,10.);
#362=VECTOR('',#1344,10.);
#363=VECTOR('',#1347,10.);
#364=VECTOR('',#1352,10.);
#365=VECTOR('',#1353,10.);
#366=VECTOR('',#1354,10.);
#367=VECTOR('',#1355,10.);
#368=VECTOR('',#1356,10.);
#369=VECTOR('',#1357,10.);
#370=VECTOR('',#1358,10.);
#371=VECTOR('',#1359,10.);
#372=VECTOR('',#1364,10.);
#373=VECTOR('',#1369,10.);
#374=VECTOR('',#1372,10.);
#375=VECTOR('',#1375,10.);
#376=VECTOR('',#1380,10.);
#377=VECTOR('',#1383,10.);
#378=VECTOR('',#1386,10.);
#379=VECTOR('',#1389,10.);
#380=VECTOR('',#1394,10.);
#381=VECTOR('',#1403,10.);
#382=CIRCLE('',#1029,4.20000000000001);
#383=CIRCLE('',#1030,3.2);
#384=CIRCLE('',#1032,4.20000000000001);
#385=CIRCLE('',#1033,2.20000000000001);
#386=CIRCLE('',#1034,2.20000000000001);
#387=CIRCLE('',#1035,2.20000000000001);
#388=CIRCLE('',#1037,3.2);
#389=CIRCLE('',#1039,3.2);
#390=CIRCLE('',#1041,3.2);
#391=CIRCLE('',#1043,4.2);
#392=CIRCLE('',#1044,3.2);
#393=CIRCLE('',#1046,118.11);
#394=CIRCLE('',#1047,137.16);
#395=CIRCLE('',#1048,4.2);
#396=CIRCLE('',#1049,2.2);
#397=CIRCLE('',#1050,2.2);
#398=CIRCLE('',#1051,2.2);
#399=CIRCLE('',#1053,3.2);
#400=CIRCLE('',#1055,3.2);
#401=CIRCLE('',#1057,3.2);
#402=CIRCLE('',#1059,3.00000000000001);
#403=CIRCLE('',#1060,1.);
#404=CIRCLE('',#1061,4.00000000000001);
#405=CIRCLE('',#1062,3.00000000000001);
#406=CIRCLE('',#1064,4.00000000000001);
#407=CIRCLE('',#1065,2.20000000000001);
#408=CIRCLE('',#1066,2.20000000000001);
#409=CIRCLE('',#1067,2.20000000000001);
#410=CIRCLE('',#1069,3.00000000000001);
#411=CIRCLE('',#1071,3.00000000000001);
#412=CIRCLE('',#1072,1.);
#413=CIRCLE('',#1073,3.00000000000001);
#414=CIRCLE('',#1075,3.00000000000001);
#415=CIRCLE('',#1077,2.20000000000001);
#416=CIRCLE('',#1079,2.20000000000001);
#417=CIRCLE('',#1081,2.20000000000001);
#418=CIRCLE('',#1085,2.20000000000001);
#419=CIRCLE('',#1087,2.20000000000001);
#420=CIRCLE('',#1089,2.20000000000001);
#421=CIRCLE('',#1091,2.2);
#422=CIRCLE('',#1093,2.2);
#423=CIRCLE('',#1095,2.2);
#424=CIRCLE('',#1097,137.16);
#425=CIRCLE('',#1099,137.16);
#426=CIRCLE('',#1100,137.16);
#427=CIRCLE('',#1101,137.16);
#428=CIRCLE('',#1102,137.16);
#429=CIRCLE('',#1103,137.16);
#430=CIRCLE('',#1104,137.16);
#431=CIRCLE('',#1109,118.11);
#432=CIRCLE('',#1114,118.11);
#433=CIRCLE('',#1118,118.11);
#434=CIRCLE('',#1125,118.11);
#435=CIRCLE('',#1129,118.11);
#436=VERTEX_POINT('',#1416);
#437=VERTEX_POINT('',#1418);
#438=VERTEX_POINT('',#1422);
#439=VERTEX_POINT('',#1423);
#440=VERTEX_POINT('',#1425);
#441=VERTEX_POINT('',#1427);
#442=VERTEX_POINT('',#1430);
#443=VERTEX_POINT('',#1432);
#444=VERTEX_POINT('',#1434);
#445=VERTEX_POINT('',#1436);
#446=VERTEX_POINT('',#1439);
#447=VERTEX_POINT('',#1443);
#448=VERTEX_POINT('',#1447);
#449=VERTEX_POINT('',#1451);
#450=VERTEX_POINT('',#1453);
#451=VERTEX_POINT('',#1457);
#452=VERTEX_POINT('',#1459);
#453=VERTEX_POINT('',#1461);
#454=VERTEX_POINT('',#1463);
#455=VERTEX_POINT('',#1465);
#456=VERTEX_POINT('',#1467);
#457=VERTEX_POINT('',#1470);
#458=VERTEX_POINT('',#1472);
#459=VERTEX_POINT('',#1474);
#460=VERTEX_POINT('',#1476);
#461=VERTEX_POINT('',#1479);
#462=VERTEX_POINT('',#1483);
#463=VERTEX_POINT('',#1487);
#464=VERTEX_POINT('',#1491);
#465=VERTEX_POINT('',#1492);
#466=VERTEX_POINT('',#1494);
#467=VERTEX_POINT('',#1499);
#468=VERTEX_POINT('',#1501);
#469=VERTEX_POINT('',#1504);
#470=VERTEX_POINT('',#1506);
#471=VERTEX_POINT('',#1508);
#472=VERTEX_POINT('',#1510);
#473=VERTEX_POINT('',#1513);
#474=VERTEX_POINT('',#1517);
#475=VERTEX_POINT('',#1518);
#476=VERTEX_POINT('',#1523);
#477=VERTEX_POINT('',#1527);
#478=VERTEX_POINT('',#1531);
#479=VERTEX_POINT('',#1535);
#480=VERTEX_POINT('',#1541);
#481=VERTEX_POINT('',#1545);
#482=VERTEX_POINT('',#1549);
#483=VERTEX_POINT('',#1553);
#484=VERTEX_POINT('',#1557);
#485=VERTEX_POINT('',#1561);
#486=VERTEX_POINT('',#1565);
#487=VERTEX_POINT('',#1567);
#488=VERTEX_POINT('',#1571);
#489=VERTEX_POINT('',#1573);
#490=VERTEX_POINT('',#1575);
#491=VERTEX_POINT('',#1586);
#492=VERTEX_POINT('',#1588);
#493=VERTEX_POINT('',#1600);
#494=VERTEX_POINT('',#1601);
#495=VERTEX_POINT('',#1603);
#496=VERTEX_POINT('',#1614);
#497=VERTEX_POINT('',#1616);
#498=VERTEX_POINT('',#1627);
#499=VERTEX_POINT('',#1629);
#500=VERTEX_POINT('',#1640);
#501=VERTEX_POINT('',#1652);
#502=VERTEX_POINT('',#1653);
#503=VERTEX_POINT('',#1655);
#504=VERTEX_POINT('',#1666);
#505=VERTEX_POINT('',#1668);
#506=VERTEX_POINT('',#1679);
#507=VERTEX_POINT('',#1681);
#508=VERTEX_POINT('',#1692);
#509=VERTEX_POINT('',#1705);
#510=VERTEX_POINT('',#1711);
#511=VERTEX_POINT('',#1714);
#512=VERTEX_POINT('',#1716);
#513=VERTEX_POINT('',#1719);
#514=VERTEX_POINT('',#1721);
#515=VERTEX_POINT('',#1725);
#516=VERTEX_POINT('',#1727);
#517=VERTEX_POINT('',#1738);
#518=VERTEX_POINT('',#1752);
#519=VERTEX_POINT('',#1754);
#520=VERTEX_POINT('',#1757);
#521=VERTEX_POINT('',#1759);
#522=VERTEX_POINT('',#1765);
#523=VERTEX_POINT('',#1778);
#524=VERTEX_POINT('',#1782);
#525=VERTEX_POINT('',#1795);
#526=VERTEX_POINT('',#1808);
#527=VERTEX_POINT('',#1812);
#528=VERTEX_POINT('',#1830);
#529=VERTEX_POINT('',#1856);
#530=EDGE_CURVE('',#436,#436,#382,.T.);
#531=EDGE_CURVE('',#436,#437,#244,.T.);
#532=EDGE_CURVE('',#437,#437,#383,.T.);
#533=EDGE_CURVE('',#438,#439,#245,.T.);
#534=EDGE_CURVE('',#440,#438,#246,.T.);
#535=EDGE_CURVE('',#441,#440,#247,.T.);
#536=EDGE_CURVE('',#439,#441,#248,.T.);
#537=EDGE_CURVE('',#442,#442,#384,.T.);
#538=EDGE_CURVE('',#443,#443,#385,.T.);
#539=EDGE_CURVE('',#444,#444,#386,.T.);
#540=EDGE_CURVE('',#445,#445,#387,.T.);
#541=EDGE_CURVE('',#437,#446,#249,.T.);
#542=EDGE_CURVE('',#446,#446,#388,.T.);
#543=EDGE_CURVE('',#442,#447,#250,.T.);
#544=EDGE_CURVE('',#447,#447,#389,.T.);
#545=EDGE_CURVE('',#447,#448,#251,.T.);
#546=EDGE_CURVE('',#448,#448,#390,.T.);
#547=EDGE_CURVE('',#449,#449,#391,.T.);
#548=EDGE_CURVE('',#449,#450,#252,.T.);
#549=EDGE_CURVE('',#450,#450,#392,.T.);
#550=EDGE_CURVE('',#451,#438,#253,.T.);
#551=EDGE_CURVE('',#452,#451,#254,.T.);
#552=EDGE_CURVE('',#453,#452,#393,.T.);
#553=EDGE_CURVE('',#454,#453,#255,.T.);
#554=EDGE_CURVE('',#455,#454,#256,.T.);
#555=EDGE_CURVE('',#455,#456,#257,.T.);
#556=EDGE_CURVE('',#440,#456,#394,.T.);
#557=EDGE_CURVE('',#457,#457,#395,.T.);
#558=EDGE_CURVE('',#458,#458,#396,.T.);
#559=EDGE_CURVE('',#459,#459,#397,.T.);
#560=EDGE_CURVE('',#460,#460,#398,.T.);
#561=EDGE_CURVE('',#450,#461,#258,.T.);
#562=EDGE_CURVE('',#461,#461,#399,.T.);
#563=EDGE_CURVE('',#457,#462,#259,.T.);
#564=EDGE_CURVE('',#462,#462,#400,.T.);
#565=EDGE_CURVE('',#462,#463,#260,.T.);
#566=EDGE_CURVE('',#463,#463,#401,.T.);
#567=EDGE_CURVE('',#464,#465,#402,.T.);
#568=EDGE_CURVE('',#465,#466,#403,.T.);
#569=EDGE_CURVE('',#466,#466,#404,.T.);
#570=EDGE_CURVE('',#465,#464,#405,.T.);
#571=EDGE_CURVE('',#456,#467,#261,.T.);
#572=EDGE_CURVE('',#468,#455,#262,.T.);
#573=EDGE_CURVE('',#467,#468,#263,.T.);
#574=EDGE_CURVE('',#469,#469,#406,.T.);
#575=EDGE_CURVE('',#470,#470,#407,.T.);
#576=EDGE_CURVE('',#471,#471,#408,.T.);
#577=EDGE_CURVE('',#472,#472,#409,.T.);
#578=EDGE_CURVE('',#473,#473,#410,.T.);
#579=EDGE_CURVE('',#473,#464,#264,.T.);
#580=EDGE_CURVE('',#474,#475,#411,.T.);
#581=EDGE_CURVE('',#475,#469,#412,.T.);
#582=EDGE_CURVE('',#475,#474,#413,.T.);
#583=EDGE_CURVE('',#476,#476,#414,.T.);
#584=EDGE_CURVE('',#476,#474,#265,.T.);
#585=EDGE_CURVE('',#470,#477,#266,.T.);
#586=EDGE_CURVE('',#477,#477,#415,.T.);
#587=EDGE_CURVE('',#471,#478,#267,.T.);
#588=EDGE_CURVE('',#478,#478,#416,.T.);
#589=EDGE_CURVE('',#472,#479,#268,.T.);
#590=EDGE_CURVE('',#479,#479,#417,.T.);
#591=EDGE_CURVE('',#445,#480,#269,.T.);
#592=EDGE_CURVE('',#480,#480,#418,.T.);
#593=EDGE_CURVE('',#444,#481,#270,.T.);
#594=EDGE_CURVE('',#481,#481,#419,.T.);
#595=EDGE_CURVE('',#443,#482,#271,.T.);
#596=EDGE_CURVE('',#482,#482,#420,.T.);
#597=EDGE_CURVE('',#460,#483,#272,.T.);
#598=EDGE_CURVE('',#483,#483,#421,.T.);
#599=EDGE_CURVE('',#459,#484,#273,.T.);
#600=EDGE_CURVE('',#484,#484,#422,.T.);
#601=EDGE_CURVE('',#458,#485,#274,.T.);
#602=EDGE_CURVE('',#485,#485,#423,.T.);
#603=EDGE_CURVE('',#441,#486,#424,.T.);
#604=EDGE_CURVE('',#486,#487,#275,.T.);
#605=EDGE_CURVE('',#487,#439,#276,.T.);
#606=EDGE_CURVE('',#488,#467,#425,.T.);
#607=EDGE_CURVE('',#489,#488,#277,.T.);
#608=EDGE_CURVE('',#490,#489,#15,.T.);
#609=EDGE_CURVE('',#491,#490,#426,.T.);
#610=EDGE_CURVE('',#492,#491,#16,.T.);
#611=EDGE_CURVE('',#492,#486,#278,.T.);
#612=EDGE_CURVE('',#493,#494,#427,.T.);
#613=EDGE_CURVE('',#495,#493,#17,.T.);
#614=EDGE_CURVE('',#495,#496,#279,.T.);
#615=EDGE_CURVE('',#497,#496,#18,.T.);
#616=EDGE_CURVE('',#497,#498,#428,.T.);
#617=EDGE_CURVE('',#499,#498,#19,.T.);
#618=EDGE_CURVE('',#500,#499,#280,.T.);
#619=EDGE_CURVE('',#494,#500,#20,.T.);
#620=EDGE_CURVE('',#501,#502,#429,.T.);
#621=EDGE_CURVE('',#503,#501,#21,.T.);
#622=EDGE_CURVE('',#503,#504,#281,.T.);
#623=EDGE_CURVE('',#505,#504,#22,.T.);
#624=EDGE_CURVE('',#505,#506,#430,.T.);
#625=EDGE_CURVE('',#507,#506,#23,.T.);
#626=EDGE_CURVE('',#508,#507,#282,.T.);
#627=EDGE_CURVE('',#502,#508,#24,.T.);
#628=EDGE_CURVE('',#468,#509,#283,.T.);
#629=EDGE_CURVE('',#509,#488,#284,.T.);
#630=EDGE_CURVE('',#454,#509,#285,.T.);
#631=EDGE_CURVE('',#453,#510,#286,.T.);
#632=EDGE_CURVE('',#508,#510,#287,.T.);
#633=EDGE_CURVE('',#511,#507,#288,.T.);
#634=EDGE_CURVE('',#511,#512,#289,.T.);
#635=EDGE_CURVE('',#500,#512,#290,.T.);
#636=EDGE_CURVE('',#513,#499,#291,.T.);
#637=EDGE_CURVE('',#513,#514,#292,.T.);
#638=EDGE_CURVE('',#489,#514,#293,.T.);
#639=EDGE_CURVE('',#515,#452,#294,.T.);
#640=EDGE_CURVE('',#516,#515,#25,.T.);
#641=EDGE_CURVE('',#517,#516,#431,.T.);
#642=EDGE_CURVE('',#510,#517,#26,.T.);
#643=EDGE_CURVE('',#451,#487,#295,.T.);
#644=EDGE_CURVE('',#518,#492,#296,.T.);
#645=EDGE_CURVE('',#518,#519,#297,.T.);
#646=EDGE_CURVE('',#496,#519,#298,.T.);
#647=EDGE_CURVE('',#520,#495,#299,.T.);
#648=EDGE_CURVE('',#520,#521,#300,.T.);
#649=EDGE_CURVE('',#504,#521,#301,.T.);
#650=EDGE_CURVE('',#515,#503,#302,.T.);
#651=EDGE_CURVE('',#514,#522,#27,.T.);
#652=EDGE_CURVE('',#522,#490,#303,.T.);
#653=EDGE_CURVE('',#522,#523,#432,.T.);
#654=EDGE_CURVE('',#491,#523,#304,.T.);
#655=EDGE_CURVE('',#524,#513,#28,.T.);
#656=EDGE_CURVE('',#498,#524,#305,.T.);
#657=EDGE_CURVE('',#512,#525,#29,.T.);
#658=EDGE_CURVE('',#525,#494,#306,.T.);
#659=EDGE_CURVE('',#525,#526,#433,.T.);
#660=EDGE_CURVE('',#493,#526,#307,.T.);
#661=EDGE_CURVE('',#527,#511,#30,.T.);
#662=EDGE_CURVE('',#506,#527,#308,.T.);
#663=EDGE_CURVE('',#517,#502,#309,.T.);
#664=EDGE_CURVE('',#501,#516,#310,.T.);
#665=EDGE_CURVE('',#521,#528,#31,.T.);
#666=EDGE_CURVE('',#528,#505,#311,.T.);
#667=EDGE_CURVE('',#528,#527,#434,.T.);
#668=EDGE_CURVE('',#526,#520,#32,.T.);
#669=EDGE_CURVE('',#519,#529,#33,.T.);
#670=EDGE_CURVE('',#529,#497,#312,.T.);
#671=EDGE_CURVE('',#529,#524,#435,.T.);
#672=EDGE_CURVE('',#523,#518,#34,.T.);
#673=ORIENTED_EDGE('',*,*,#530,.T.);
#674=ORIENTED_EDGE('',*,*,#531,.T.);
#675=ORIENTED_EDGE('',*,*,#532,.T.);
#676=ORIENTED_EDGE('',*,*,#531,.F.);
#677=ORIENTED_EDGE('',*,*,#533,.F.);
#678=ORIENTED_EDGE('',*,*,#534,.F.);
#679=ORIENTED_EDGE('',*,*,#535,.F.);
#680=ORIENTED_EDGE('',*,*,#536,.F.);
#681=ORIENTED_EDGE('',*,*,#537,.F.);
#682=ORIENTED_EDGE('',*,*,#538,.T.);
#683=ORIENTED_EDGE('',*,*,#539,.T.);
#684=ORIENTED_EDGE('',*,*,#540,.T.);
#685=ORIENTED_EDGE('',*,*,#530,.F.);
#686=ORIENTED_EDGE('',*,*,#532,.F.);
#687=ORIENTED_EDGE('',*,*,#541,.T.);
#688=ORIENTED_EDGE('',*,*,#542,.F.);
#689=ORIENTED_EDGE('',*,*,#541,.F.);
#690=ORIENTED_EDGE('',*,*,#537,.T.);
#691=ORIENTED_EDGE('',*,*,#543,.T.);
#692=ORIENTED_EDGE('',*,*,#544,.T.);
#693=ORIENTED_EDGE('',*,*,#543,.F.);
#694=ORIENTED_EDGE('',*,*,#544,.F.);
#695=ORIENTED_EDGE('',*,*,#545,.T.);
#696=ORIENTED_EDGE('',*,*,#546,.F.);
#697=ORIENTED_EDGE('',*,*,#545,.F.);
#698=ORIENTED_EDGE('',*,*,#547,.T.);
#699=ORIENTED_EDGE('',*,*,#548,.T.);
#700=ORIENTED_EDGE('',*,*,#549,.T.);
#701=ORIENTED_EDGE('',*,*,#548,.F.);
#702=ORIENTED_EDGE('',*,*,#534,.T.);
#703=ORIENTED_EDGE('',*,*,#550,.F.);
#704=ORIENTED_EDGE('',*,*,#551,.F.);
#705=ORIENTED_EDGE('',*,*,#552,.F.);
#706=ORIENTED_EDGE('',*,*,#553,.F.);
#707=ORIENTED_EDGE('',*,*,#554,.F.);
#708=ORIENTED_EDGE('',*,*,#555,.T.);
#709=ORIENTED_EDGE('',*,*,#556,.F.);
#710=ORIENTED_EDGE('',*,*,#557,.F.);
#711=ORIENTED_EDGE('',*,*,#558,.T.);
#712=ORIENTED_EDGE('',*,*,#559,.T.);
#713=ORIENTED_EDGE('',*,*,#560,.T.);
#714=ORIENTED_EDGE('',*,*,#547,.F.);
#715=ORIENTED_EDGE('',*,*,#549,.F.);
#716=ORIENTED_EDGE('',*,*,#561,.T.);
#717=ORIENTED_EDGE('',*,*,#562,.F.);
#718=ORIENTED_EDGE('',*,*,#561,.F.);
#719=ORIENTED_EDGE('',*,*,#557,.T.);
#720=ORIENTED_EDGE('',*,*,#563,.T.);
#721=ORIENTED_EDGE('',*,*,#564,.T.);
#722=ORIENTED_EDGE('',*,*,#563,.F.);
#723=ORIENTED_EDGE('',*,*,#564,.F.);
#724=ORIENTED_EDGE('',*,*,#565,.T.);
#725=ORIENTED_EDGE('',*,*,#566,.F.);
#726=ORIENTED_EDGE('',*,*,#565,.F.);
#727=ORIENTED_EDGE('',*,*,#567,.T.);
#728=ORIENTED_EDGE('',*,*,#568,.T.);
#729=ORIENTED_EDGE('',*,*,#569,.T.);
#730=ORIENTED_EDGE('',*,*,#568,.F.);
#731=ORIENTED_EDGE('',*,*,#570,.T.);
#732=ORIENTED_EDGE('',*,*,#571,.F.);
#733=ORIENTED_EDGE('',*,*,#555,.F.);
#734=ORIENTED_EDGE('',*,*,#572,.F.);
#735=ORIENTED_EDGE('',*,*,#573,.F.);
#736=ORIENTED_EDGE('',*,*,#574,.F.);
#737=ORIENTED_EDGE('',*,*,#575,.T.);
#738=ORIENTED_EDGE('',*,*,#576,.T.);
#739=ORIENTED_EDGE('',*,*,#577,.T.);
#740=ORIENTED_EDGE('',*,*,#569,.F.);
#741=ORIENTED_EDGE('',*,*,#578,.F.);
#742=ORIENTED_EDGE('',*,*,#579,.T.);
#743=ORIENTED_EDGE('',*,*,#570,.F.);
#744=ORIENTED_EDGE('',*,*,#567,.F.);
#745=ORIENTED_EDGE('',*,*,#579,.F.);
#746=ORIENTED_EDGE('',*,*,#580,.T.);
#747=ORIENTED_EDGE('',*,*,#581,.T.);
#748=ORIENTED_EDGE('',*,*,#574,.T.);
#749=ORIENTED_EDGE('',*,*,#581,.F.);
#750=ORIENTED_EDGE('',*,*,#582,.T.);
#751=ORIENTED_EDGE('',*,*,#583,.F.);
#752=ORIENTED_EDGE('',*,*,#584,.T.);
#753=ORIENTED_EDGE('',*,*,#582,.F.);
#754=ORIENTED_EDGE('',*,*,#580,.F.);
#755=ORIENTED_EDGE('',*,*,#584,.F.);
#756=ORIENTED_EDGE('',*,*,#575,.F.);
#757=ORIENTED_EDGE('',*,*,#585,.T.);
#758=ORIENTED_EDGE('',*,*,#586,.F.);
#759=ORIENTED_EDGE('',*,*,#585,.F.);
#760=ORIENTED_EDGE('',*,*,#576,.F.);
#761=ORIENTED_EDGE('',*,*,#587,.T.);
#762=ORIENTED_EDGE('',*,*,#588,.F.);
#763=ORIENTED_EDGE('',*,*,#587,.F.);
#764=ORIENTED_EDGE('',*,*,#577,.F.);
#765=ORIENTED_EDGE('',*,*,#589,.T.);
#766=ORIENTED_EDGE('',*,*,#590,.F.);
#767=ORIENTED_EDGE('',*,*,#589,.F.);
#768=ORIENTED_EDGE('',*,*,#578,.T.);
#769=ORIENTED_EDGE('',*,*,#583,.T.);
#770=ORIENTED_EDGE('',*,*,#540,.F.);
#771=ORIENTED_EDGE('',*,*,#591,.T.);
#772=ORIENTED_EDGE('',*,*,#592,.F.);
#773=ORIENTED_EDGE('',*,*,#591,.F.);
#774=ORIENTED_EDGE('',*,*,#539,.F.);
#775=ORIENTED_EDGE('',*,*,#593,.T.);
#776=ORIENTED_EDGE('',*,*,#594,.F.);
#777=ORIENTED_EDGE('',*,*,#593,.F.);
#778=ORIENTED_EDGE('',*,*,#538,.F.);
#779=ORIENTED_EDGE('',*,*,#595,.T.);
#780=ORIENTED_EDGE('',*,*,#596,.F.);
#781=ORIENTED_EDGE('',*,*,#595,.F.);
#782=ORIENTED_EDGE('',*,*,#560,.F.);
#783=ORIENTED_EDGE('',*,*,#597,.T.);
#784=ORIENTED_EDGE('',*,*,#598,.F.);
#785=ORIENTED_EDGE('',*,*,#597,.F.);
#786=ORIENTED_EDGE('',*,*,#559,.F.);
#787=ORIENTED_EDGE('',*,*,#599,.T.);
#788=ORIENTED_EDGE('',*,*,#600,.F.);
#789=ORIENTED_EDGE('',*,*,#599,.F.);
#790=ORIENTED_EDGE('',*,*,#558,.F.);
#791=ORIENTED_EDGE('',*,*,#601,.T.);
#792=ORIENTED_EDGE('',*,*,#602,.F.);
#793=ORIENTED_EDGE('',*,*,#601,.F.);
#794=ORIENTED_EDGE('',*,*,#536,.T.);
#795=ORIENTED_EDGE('',*,*,#603,.T.);
#796=ORIENTED_EDGE('',*,*,#604,.T.);
#797=ORIENTED_EDGE('',*,*,#605,.T.);
#798=ORIENTED_EDGE('',*,*,#535,.T.);
#799=ORIENTED_EDGE('',*,*,#556,.T.);
#800=ORIENTED_EDGE('',*,*,#571,.T.);
#801=ORIENTED_EDGE('',*,*,#606,.F.);
#802=ORIENTED_EDGE('',*,*,#607,.F.);
#803=ORIENTED_EDGE('',*,*,#608,.F.);
#804=ORIENTED_EDGE('',*,*,#609,.F.);
#805=ORIENTED_EDGE('',*,*,#610,.F.);
#806=ORIENTED_EDGE('',*,*,#611,.T.);
#807=ORIENTED_EDGE('',*,*,#603,.F.);
#808=ORIENTED_EDGE('',*,*,#612,.F.);
#809=ORIENTED_EDGE('',*,*,#613,.F.);
#810=ORIENTED_EDGE('',*,*,#614,.T.);
#811=ORIENTED_EDGE('',*,*,#615,.F.);
#812=ORIENTED_EDGE('',*,*,#616,.T.);
#813=ORIENTED_EDGE('',*,*,#617,.F.);
#814=ORIENTED_EDGE('',*,*,#618,.F.);
#815=ORIENTED_EDGE('',*,*,#619,.F.);
#816=ORIENTED_EDGE('',*,*,#620,.F.);
#817=ORIENTED_EDGE('',*,*,#621,.F.);
#818=ORIENTED_EDGE('',*,*,#622,.T.);
#819=ORIENTED_EDGE('',*,*,#623,.F.);
#820=ORIENTED_EDGE('',*,*,#624,.T.);
#821=ORIENTED_EDGE('',*,*,#625,.F.);
#822=ORIENTED_EDGE('',*,*,#626,.F.);
#823=ORIENTED_EDGE('',*,*,#627,.F.);
#824=ORIENTED_EDGE('',*,*,#573,.T.);
#825=ORIENTED_EDGE('',*,*,#628,.T.);
#826=ORIENTED_EDGE('',*,*,#629,.T.);
#827=ORIENTED_EDGE('',*,*,#606,.T.);
#828=ORIENTED_EDGE('',*,*,#572,.T.);
#829=ORIENTED_EDGE('',*,*,#554,.T.);
#830=ORIENTED_EDGE('',*,*,#630,.T.);
#831=ORIENTED_EDGE('',*,*,#628,.F.);
#832=ORIENTED_EDGE('',*,*,#553,.T.);
#833=ORIENTED_EDGE('',*,*,#631,.T.);
#834=ORIENTED_EDGE('',*,*,#632,.F.);
#835=ORIENTED_EDGE('',*,*,#626,.T.);
#836=ORIENTED_EDGE('',*,*,#633,.F.);
#837=ORIENTED_EDGE('',*,*,#634,.T.);
#838=ORIENTED_EDGE('',*,*,#635,.F.);
#839=ORIENTED_EDGE('',*,*,#618,.T.);
#840=ORIENTED_EDGE('',*,*,#636,.F.);
#841=ORIENTED_EDGE('',*,*,#637,.T.);
#842=ORIENTED_EDGE('',*,*,#638,.F.);
#843=ORIENTED_EDGE('',*,*,#607,.T.);
#844=ORIENTED_EDGE('',*,*,#629,.F.);
#845=ORIENTED_EDGE('',*,*,#630,.F.);
#846=ORIENTED_EDGE('',*,*,#586,.T.);
#847=ORIENTED_EDGE('',*,*,#588,.T.);
#848=ORIENTED_EDGE('',*,*,#590,.T.);
#849=ORIENTED_EDGE('',*,*,#552,.T.);
#850=ORIENTED_EDGE('',*,*,#639,.F.);
#851=ORIENTED_EDGE('',*,*,#640,.F.);
#852=ORIENTED_EDGE('',*,*,#641,.F.);
#853=ORIENTED_EDGE('',*,*,#642,.F.);
#854=ORIENTED_EDGE('',*,*,#631,.F.);
#855=ORIENTED_EDGE('',*,*,#551,.T.);
#856=ORIENTED_EDGE('',*,*,#643,.T.);
#857=ORIENTED_EDGE('',*,*,#604,.F.);
#858=ORIENTED_EDGE('',*,*,#611,.F.);
#859=ORIENTED_EDGE('',*,*,#644,.F.);
#860=ORIENTED_EDGE('',*,*,#645,.T.);
#861=ORIENTED_EDGE('',*,*,#646,.F.);
#862=ORIENTED_EDGE('',*,*,#614,.F.);
#863=ORIENTED_EDGE('',*,*,#647,.F.);
#864=ORIENTED_EDGE('',*,*,#648,.T.);
#865=ORIENTED_EDGE('',*,*,#649,.F.);
#866=ORIENTED_EDGE('',*,*,#622,.F.);
#867=ORIENTED_EDGE('',*,*,#650,.F.);
#868=ORIENTED_EDGE('',*,*,#639,.T.);
#869=ORIENTED_EDGE('',*,*,#546,.T.);
#870=ORIENTED_EDGE('',*,*,#542,.T.);
#871=ORIENTED_EDGE('',*,*,#596,.T.);
#872=ORIENTED_EDGE('',*,*,#594,.T.);
#873=ORIENTED_EDGE('',*,*,#592,.T.);
#874=ORIENTED_EDGE('',*,*,#533,.T.);
#875=ORIENTED_EDGE('',*,*,#605,.F.);
#876=ORIENTED_EDGE('',*,*,#643,.F.);
#877=ORIENTED_EDGE('',*,*,#550,.T.);
#878=ORIENTED_EDGE('',*,*,#651,.T.);
#879=ORIENTED_EDGE('',*,*,#652,.T.);
#880=ORIENTED_EDGE('',*,*,#608,.T.);
#881=ORIENTED_EDGE('',*,*,#638,.T.);
#882=ORIENTED_EDGE('',*,*,#652,.F.);
#883=ORIENTED_EDGE('',*,*,#653,.T.);
#884=ORIENTED_EDGE('',*,*,#654,.F.);
#885=ORIENTED_EDGE('',*,*,#609,.T.);
#886=ORIENTED_EDGE('',*,*,#655,.T.);
#887=ORIENTED_EDGE('',*,*,#636,.T.);
#888=ORIENTED_EDGE('',*,*,#617,.T.);
#889=ORIENTED_EDGE('',*,*,#656,.T.);
#890=ORIENTED_EDGE('',*,*,#657,.T.);
#891=ORIENTED_EDGE('',*,*,#658,.T.);
#892=ORIENTED_EDGE('',*,*,#619,.T.);
#893=ORIENTED_EDGE('',*,*,#635,.T.);
#894=ORIENTED_EDGE('',*,*,#658,.F.);
#895=ORIENTED_EDGE('',*,*,#659,.T.);
#896=ORIENTED_EDGE('',*,*,#660,.F.);
#897=ORIENTED_EDGE('',*,*,#612,.T.);
#898=ORIENTED_EDGE('',*,*,#661,.T.);
#899=ORIENTED_EDGE('',*,*,#633,.T.);
#900=ORIENTED_EDGE('',*,*,#625,.T.);
#901=ORIENTED_EDGE('',*,*,#662,.T.);
#902=ORIENTED_EDGE('',*,*,#642,.T.);
#903=ORIENTED_EDGE('',*,*,#663,.T.);
#904=ORIENTED_EDGE('',*,*,#627,.T.);
#905=ORIENTED_EDGE('',*,*,#632,.T.);
#906=ORIENTED_EDGE('',*,*,#663,.F.);
#907=ORIENTED_EDGE('',*,*,#641,.T.);
#908=ORIENTED_EDGE('',*,*,#664,.F.);
#909=ORIENTED_EDGE('',*,*,#620,.T.);
#910=ORIENTED_EDGE('',*,*,#566,.T.);
#911=ORIENTED_EDGE('',*,*,#562,.T.);
#912=ORIENTED_EDGE('',*,*,#602,.T.);
#913=ORIENTED_EDGE('',*,*,#600,.T.);
#914=ORIENTED_EDGE('',*,*,#598,.T.);
#915=ORIENTED_EDGE('',*,*,#640,.T.);
#916=ORIENTED_EDGE('',*,*,#650,.T.);
#917=ORIENTED_EDGE('',*,*,#621,.T.);
#918=ORIENTED_EDGE('',*,*,#664,.T.);
#919=ORIENTED_EDGE('',*,*,#665,.T.);
#920=ORIENTED_EDGE('',*,*,#666,.T.);
#921=ORIENTED_EDGE('',*,*,#623,.T.);
#922=ORIENTED_EDGE('',*,*,#649,.T.);
#923=ORIENTED_EDGE('',*,*,#662,.F.);
#924=ORIENTED_EDGE('',*,*,#624,.F.);
#925=ORIENTED_EDGE('',*,*,#666,.F.);
#926=ORIENTED_EDGE('',*,*,#667,.T.);
#927=ORIENTED_EDGE('',*,*,#668,.T.);
#928=ORIENTED_EDGE('',*,*,#647,.T.);
#929=ORIENTED_EDGE('',*,*,#613,.T.);
#930=ORIENTED_EDGE('',*,*,#660,.T.);
#931=ORIENTED_EDGE('',*,*,#669,.T.);
#932=ORIENTED_EDGE('',*,*,#670,.T.);
#933=ORIENTED_EDGE('',*,*,#615,.T.);
#934=ORIENTED_EDGE('',*,*,#646,.T.);
#935=ORIENTED_EDGE('',*,*,#656,.F.);
#936=ORIENTED_EDGE('',*,*,#616,.F.);
#937=ORIENTED_EDGE('',*,*,#670,.F.);
#938=ORIENTED_EDGE('',*,*,#671,.T.);
#939=ORIENTED_EDGE('',*,*,#672,.T.);
#940=ORIENTED_EDGE('',*,*,#644,.T.);
#941=ORIENTED_EDGE('',*,*,#610,.T.);
#942=ORIENTED_EDGE('',*,*,#654,.T.);
#943=ORIENTED_EDGE('',*,*,#637,.F.);
#944=ORIENTED_EDGE('',*,*,#655,.F.);
#945=ORIENTED_EDGE('',*,*,#671,.F.);
#946=ORIENTED_EDGE('',*,*,#669,.F.);
#947=ORIENTED_EDGE('',*,*,#645,.F.);
#948=ORIENTED_EDGE('',*,*,#672,.F.);
#949=ORIENTED_EDGE('',*,*,#653,.F.);
#950=ORIENTED_EDGE('',*,*,#651,.F.);
#951=ORIENTED_EDGE('',*,*,#634,.F.);
#952=ORIENTED_EDGE('',*,*,#661,.F.);
#953=ORIENTED_EDGE('',*,*,#667,.F.);
#954=ORIENTED_EDGE('',*,*,#665,.F.);
#955=ORIENTED_EDGE('',*,*,#648,.F.);
#956=ORIENTED_EDGE('',*,*,#668,.F.);
#957=ORIENTED_EDGE('',*,*,#659,.F.);
#958=ORIENTED_EDGE('',*,*,#657,.F.);
#959=CONICAL_SURFACE('',#1028,3.70000000000001,0.785398163397205);
#960=CONICAL_SURFACE('',#1038,3.70000000000001,0.785398163397204);
#961=CONICAL_SURFACE('',#1042,3.7,0.785398163397448);
#962=CONICAL_SURFACE('',#1054,3.7,0.785398163397448);
#963=ADVANCED_FACE('',(#112),#959,.F.);
#964=ADVANCED_FACE('',(#113,#66,#67,#68,#69,#70),#96,.F.);
#965=ADVANCED_FACE('',(#114),#37,.F.);
#966=ADVANCED_FACE('',(#115),#960,.F.);
#967=ADVANCED_FACE('',(#116),#38,.F.);
#968=ADVANCED_FACE('',(#117),#961,.F.);
#969=ADVANCED_FACE('',(#118,#71,#72,#73,#74,#75),#97,.F.);
#970=ADVANCED_FACE('',(#119),#39,.F.);
#971=ADVANCED_FACE('',(#120),#962,.F.);
#972=ADVANCED_FACE('',(#121),#40,.F.);
#973=ADVANCED_FACE('',(#122),#35,.F.);
#974=ADVANCED_FACE('',(#123,#76,#77,#78,#79,#80),#98,.F.);
#975=ADVANCED_FACE('',(#124),#41,.T.);
#976=ADVANCED_FACE('',(#125),#36,.F.);
#977=ADVANCED_FACE('',(#126),#42,.T.);
#978=ADVANCED_FACE('',(#127),#43,.F.);
#979=ADVANCED_FACE('',(#128),#44,.F.);
#980=ADVANCED_FACE('',(#129),#45,.F.);
#981=ADVANCED_FACE('',(#130),#99,.T.);
#982=ADVANCED_FACE('',(#131),#100,.T.);
#983=ADVANCED_FACE('',(#132),#46,.F.);
#984=ADVANCED_FACE('',(#133),#47,.F.);
#985=ADVANCED_FACE('',(#134),#48,.F.);
#986=ADVANCED_FACE('',(#135),#49,.F.);
#987=ADVANCED_FACE('',(#136),#50,.F.);
#988=ADVANCED_FACE('',(#137),#51,.F.);
#989=ADVANCED_FACE('',(#138),#101,.T.);
#990=ADVANCED_FACE('',(#139,#81,#82),#52,.T.);
#991=ADVANCED_FACE('',(#140),#102,.T.);
#992=ADVANCED_FACE('',(#141),#103,.T.);
#993=ADVANCED_FACE('',(#142,#83,#84,#85),#104,.T.);
#994=ADVANCED_FACE('',(#143),#53,.F.);
#995=ADVANCED_FACE('',(#144,#86,#87,#88,#89,#90),#105,.T.);
#996=ADVANCED_FACE('',(#145),#106,.T.);
#997=ADVANCED_FACE('',(#146),#54,.F.);
#998=ADVANCED_FACE('',(#147),#107,.T.);
#999=ADVANCED_FACE('',(#148),#55,.F.);
#1000=ADVANCED_FACE('',(#149),#56,.F.);
#1001=ADVANCED_FACE('',(#150),#108,.T.);
#1002=ADVANCED_FACE('',(#151),#57,.F.);
#1003=ADVANCED_FACE('',(#152),#58,.F.);
#1004=ADVANCED_FACE('',(#153,#91,#92,#93,#94,#95),#109,.T.);
#1005=ADVANCED_FACE('',(#154),#59,.F.);
#1006=ADVANCED_FACE('',(#155),#60,.F.);
#1007=ADVANCED_FACE('',(#156),#110,.F.);
#1008=ADVANCED_FACE('',(#157),#61,.F.);
#1009=ADVANCED_FACE('',(#158),#62,.F.);
#1010=ADVANCED_FACE('',(#159),#111,.F.);
#1011=ADVANCED_FACE('',(#160),#63,.F.);
#1012=ADVANCED_FACE('',(#161),#64,.F.);
#1013=ADVANCED_FACE('',(#162),#65,.F.);
#1014=CLOSED_SHELL('',(#963,#964,#965,#966,#967,#968,#969,#970,#971,#972,
#973,#974,#975,#976,#977,#978,#979,#980,#981,#982,#983,#984,#985,#986,#987,
#988,#989,#990,#991,#992,#993,#994,#995,#996,#997,#998,#999,#1000,#1001,
#1002,#1003,#1004,#1005,#1006,#1007,#1008,#1009,#1010,#1011,#1012,#1013));
#1015=DERIVED_UNIT_ELEMENT(#1017,1.);
#1016=DERIVED_UNIT_ELEMENT(#1888,-3.);
#1017=(
MASS_UNIT()
NAMED_UNIT(*)
SI_UNIT(.KILO.,.GRAM.)
);
#1018=DERIVED_UNIT((#1015,#1016));
#1019=MEASURE_REPRESENTATION_ITEM('density measure',
POSITIVE_RATIO_MEASURE(7850.),#1018);
#1020=PROPERTY_DEFINITION_REPRESENTATION(#1025,#1022);
#1021=PROPERTY_DEFINITION_REPRESENTATION(#1026,#1023);
#1022=REPRESENTATION('material name',(#1024),#1885);
#1023=REPRESENTATION('density',(#1019),#1885);
#1024=DESCRIPTIVE_REPRESENTATION_ITEM('Acier','Acier');
#1025=PROPERTY_DEFINITION('material property','material name',#1895);
#1026=PROPERTY_DEFINITION('material property','density of part',#1895);
#1027=AXIS2_PLACEMENT_3D('',#1414,#1133,#1134);
#1028=AXIS2_PLACEMENT_3D('',#1415,#1135,#1136);
#1029=AXIS2_PLACEMENT_3D('',#1417,#1137,#1138);
#1030=AXIS2_PLACEMENT_3D('',#1420,#1140,#1141);
#1031=AXIS2_PLACEMENT_3D('',#1421,#1142,#1143);
#1032=AXIS2_PLACEMENT_3D('',#1431,#1148,#1149);
#1033=AXIS2_PLACEMENT_3D('',#1433,#1150,#1151);
#1034=AXIS2_PLACEMENT_3D('',#1435,#1152,#1153);
#1035=AXIS2_PLACEMENT_3D('',#1437,#1154,#1155);
#1036=AXIS2_PLACEMENT_3D('',#1438,#1156,#1157);
#1037=AXIS2_PLACEMENT_3D('',#1441,#1159,#1160);
#1038=AXIS2_PLACEMENT_3D('',#1442,#1161,#1162);
#1039=AXIS2_PLACEMENT_3D('',#1445,#1164,#1165);
#1040=AXIS2_PLACEMENT_3D('',#1446,#1166,#1167);
#1041=AXIS2_PLACEMENT_3D('',#1449,#1169,#1170);
#1042=AXIS2_PLACEMENT_3D('',#1450,#1171,#1172);
#1043=AXIS2_PLACEMENT_3D('',#1452,#1173,#1174);
#1044=AXIS2_PLACEMENT_3D('',#1455,#1176,#1177);
#1045=AXIS2_PLACEMENT_3D('',#1456,#1178,#1179);
#1046=AXIS2_PLACEMENT_3D('',#1462,#1182,#1183);
#1047=AXIS2_PLACEMENT_3D('',#1469,#1187,#1188);
#1048=AXIS2_PLACEMENT_3D('',#1471,#1189,#1190);
#1049=AXIS2_PLACEMENT_3D('',#1473,#1191,#1192);
#1050=AXIS2_PLACEMENT_3D('',#1475,#1193,#1194);
#1051=AXIS2_PLACEMENT_3D('',#1477,#1195,#1196);
#1052=AXIS2_PLACEMENT_3D('',#1478,#1197,#1198);
#1053=AXIS2_PLACEMENT_3D('',#1481,#1200,#1201);
#1054=AXIS2_PLACEMENT_3D('',#1482,#1202,#1203);
#1055=AXIS2_PLACEMENT_3D('',#1485,#1205,#1206);
#1056=AXIS2_PLACEMENT_3D('',#1486,#1207,#1208);
#1057=AXIS2_PLACEMENT_3D('',#1489,#1210,#1211);
#1058=AXIS2_PLACEMENT_3D('',#1490,#1212,#1213);
#1059=AXIS2_PLACEMENT_3D('',#1493,#1214,#1215);
#1060=AXIS2_PLACEMENT_3D('',#1495,#1216,#1217);
#1061=AXIS2_PLACEMENT_3D('',#1496,#1218,#1219);
#1062=AXIS2_PLACEMENT_3D('',#1497,#1220,#1221);
#1063=AXIS2_PLACEMENT_3D('',#1498,#1222,#1223);
#1064=AXIS2_PLACEMENT_3D('',#1505,#1227,#1228);
#1065=AXIS2_PLACEMENT_3D('',#1507,#1229,#1230);
#1066=AXIS2_PLACEMENT_3D('',#1509,#1231,#1232);
#1067=AXIS2_PLACEMENT_3D('',#1511,#1233,#1234);
#1068=AXIS2_PLACEMENT_3D('',#1512,#1235,#1236);
#1069=AXIS2_PLACEMENT_3D('',#1514,#1237,#1238);
#1070=AXIS2_PLACEMENT_3D('',#1516,#1240,#1241);
#1071=AXIS2_PLACEMENT_3D('',#1519,#1242,#1243);
#1072=AXIS2_PLACEMENT_3D('',#1520,#1244,#1245);
#1073=AXIS2_PLACEMENT_3D('',#1521,#1246,#1247);
#1074=AXIS2_PLACEMENT_3D('',#1522,#1248,#1249);
#1075=AXIS2_PLACEMENT_3D('',#1524,#1250,#1251);
#1076=AXIS2_PLACEMENT_3D('',#1526,#1253,#1254);
#1077=AXIS2_PLACEMENT_3D('',#1529,#1256,#1257);
#1078=AXIS2_PLACEMENT_3D('',#1530,#1258,#1259);
#1079=AXIS2_PLACEMENT_3D('',#1533,#1261,#1262);
#1080=AXIS2_PLACEMENT_3D('',#1534,#1263,#1264);
#1081=AXIS2_PLACEMENT_3D('',#1537,#1266,#1267);
#1082=AXIS2_PLACEMENT_3D('',#1538,#1268,#1269);
#1083=AXIS2_PLACEMENT_3D('',#1539,#1270,#1271);
#1084=AXIS2_PLACEMENT_3D('',#1540,#1272,#1273);
#1085=AXIS2_PLACEMENT_3D('',#1543,#1275,#1276);
#1086=AXIS2_PLACEMENT_3D('',#1544,#1277,#1278);
#1087=AXIS2_PLACEMENT_3D('',#1547,#1280,#1281);
#1088=AXIS2_PLACEMENT_3D('',#1548,#1282,#1283);
#1089=AXIS2_PLACEMENT_3D('',#1551,#1285,#1286);
#1090=AXIS2_PLACEMENT_3D('',#1552,#1287,#1288);
#1091=AXIS2_PLACEMENT_3D('',#1555,#1290,#1291);
#1092=AXIS2_PLACEMENT_3D('',#1556,#1292,#1293);
#1093=AXIS2_PLACEMENT_3D('',#1559,#1295,#1296);
#1094=AXIS2_PLACEMENT_3D('',#1560,#1297,#1298);
#1095=AXIS2_PLACEMENT_3D('',#1563,#1300,#1301);
#1096=AXIS2_PLACEMENT_3D('',#1564,#1302,#1303);
#1097=AXIS2_PLACEMENT_3D('',#1566,#1304,#1305);
#1098=AXIS2_PLACEMENT_3D('',#1570,#1308,#1309);
#1099=AXIS2_PLACEMENT_3D('',#1572,#1310,#1311);
#1100=AXIS2_PLACEMENT_3D('',#1587,#1313,#1314);
#1101=AXIS2_PLACEMENT_3D('',#1602,#1316,#1317);
#1102=AXIS2_PLACEMENT_3D('',#1628,#1319,#1320);
#1103=AXIS2_PLACEMENT_3D('',#1654,#1322,#1323);
#1104=AXIS2_PLACEMENT_3D('',#1680,#1325,#1326);
#1105=AXIS2_PLACEMENT_3D('',#1704,#1328,#1329);
#1106=AXIS2_PLACEMENT_3D('',#1708,#1332,#1333);
#1107=AXIS2_PLACEMENT_3D('',#1710,#1335,#1336);
#1108=AXIS2_PLACEMENT_3D('',#1724,#1345,#1346);
#1109=AXIS2_PLACEMENT_3D('',#1739,#1348,#1349);
#1110=AXIS2_PLACEMENT_3D('',#1750,#1350,#1351);
#1111=AXIS2_PLACEMENT_3D('',#1763,#1360,#1361);
#1112=AXIS2_PLACEMENT_3D('',#1764,#1362,#1363);
#1113=AXIS2_PLACEMENT_3D('',#1777,#1365,#1366);
#1114=AXIS2_PLACEMENT_3D('',#1779,#1367,#1368);
#1115=AXIS2_PLACEMENT_3D('',#1781,#1370,#1371);
#1116=AXIS2_PLACEMENT_3D('',#1794,#1373,#1374);
#1117=AXIS2_PLACEMENT_3D('',#1807,#1376,#1377);
#1118=AXIS2_PLACEMENT_3D('',#1809,#1378,#1379);
#1119=AXIS2_PLACEMENT_3D('',#1811,#1381,#1382);
#1120=AXIS2_PLACEMENT_3D('',#1824,#1384,#1385);
#1121=AXIS2_PLACEMENT_3D('',#1826,#1387,#1388);
#1122=AXIS2_PLACEMENT_3D('',#1828,#1390,#1391);
#1123=AXIS2_PLACEMENT_3D('',#1829,#1392,#1393);
#1124=AXIS2_PLACEMENT_3D('',#1842,#1395,#1396);
#1125=AXIS2_PLACEMENT_3D('',#1843,#1397,#1398);
#1126=AXIS2_PLACEMENT_3D('',#1844,#1399,#1400);
#1127=AXIS2_PLACEMENT_3D('',#1855,#1401,#1402);
#1128=AXIS2_PLACEMENT_3D('',#1868,#1404,#1405);
#1129=AXIS2_PLACEMENT_3D('',#1869,#1406,#1407);
#1130=AXIS2_PLACEMENT_3D('',#1870,#1408,#1409);
#1131=AXIS2_PLACEMENT_3D('',#1881,#1410,#1411);
#1132=AXIS2_PLACEMENT_3D('',#1882,#1412,#1413);
#1133=DIRECTION('axis',(0.,0.,1.));
#1134=DIRECTION('refdir',(1.,0.,0.));
#1135=DIRECTION('center_axis',(0.802817475191114,-0.596224874965616,0.));
#1136=DIRECTION('ref_axis',(0.596224874965615,0.802817475191115,0.));
#1137=DIRECTION('center_axis',(0.802817475191115,-0.596224874965616,0.));
#1138=DIRECTION('ref_axis',(0.596224874965616,0.802817475191115,0.));
#1139=DIRECTION('',(-0.146083028562655,0.989272332962952,8.6595605623528E-17));
#1140=DIRECTION('center_axis',(-0.802817475191115,0.596224874965616,0.));
#1141=DIRECTION('ref_axis',(0.596224874965614,0.802817475191116,0.));
#1142=DIRECTION('center_axis',(-0.802817475191115,0.596224874965616,0.));
#1143=DIRECTION('ref_axis',(0.596224874965616,0.802817475191114,0.));
#1144=DIRECTION('',(0.,0.,1.));
#1145=DIRECTION('',(-0.596224874965616,-0.802817475191114,0.));
#1146=DIRECTION('',(0.,0.,-1.));
#1147=DIRECTION('',(0.596224874965616,0.802817475191115,0.));
#1148=DIRECTION('center_axis',(0.802817475191115,-0.596224874965616,0.));
#1149=DIRECTION('ref_axis',(0.596224874965616,0.802817475191115,0.));
#1150=DIRECTION('center_axis',(-0.802817475191115,0.596224874965616,0.));
#1151=DIRECTION('ref_axis',(0.596224874965614,0.802817475191116,0.));
#1152=DIRECTION('center_axis',(-0.802817475191115,0.596224874965616,0.));
#1153=DIRECTION('ref_axis',(0.596224874965614,0.802817475191116,0.));
#1154=DIRECTION('center_axis',(-0.802817475191115,0.596224874965616,0.));
#1155=DIRECTION('ref_axis',(0.596224874965614,0.802817475191116,0.));
#1156=DIRECTION('center_axis',(-0.802817475191116,0.596224874965614,0.));
#1157=DIRECTION('ref_axis',(0.596224874965614,0.802817475191116,0.));
#1158=DIRECTION('',(-0.802817475191116,0.596224874965614,0.));
#1159=DIRECTION('center_axis',(0.802817475191115,-0.596224874965615,0.));
#1160=DIRECTION('ref_axis',(0.596224874965614,0.802817475191116,0.));
#1161=DIRECTION('center_axis',(0.802817475191117,-0.596224874965612,0.));
#1162=DIRECTION('ref_axis',(0.596224874965615,0.802817475191115,0.));
#1163=DIRECTION('',(-0.146083028562661,0.989272332962952,8.65956056235279E-17));
#1164=DIRECTION('center_axis',(-0.802817475191115,0.596224874965616,0.));
#1165=DIRECTION('ref_axis',(0.596224874965614,0.802817475191116,0.));
#1166=DIRECTION('center_axis',(-0.802817475191116,0.596224874965614,0.));
#1167=DIRECTION('ref_axis',(0.596224874965614,0.802817475191116,0.));
#1168=DIRECTION('',(-0.802817475191116,0.596224874965614,0.));
#1169=DIRECTION('center_axis',(0.802817475191115,-0.596224874965615,0.));
#1170=DIRECTION('ref_axis',(0.596224874965614,0.802817475191116,0.));
#1171=DIRECTION('center_axis',(0.,0.,-1.));
#1172=DIRECTION('ref_axis',(1.,0.,0.));
#1173=DIRECTION('center_axis',(0.,0.,-1.));
#1174=DIRECTION('ref_axis',(1.,0.,0.));
#1175=DIRECTION('',(0.707106781186547,-8.65956056235493E-17,0.707106781186547));
#1176=DIRECTION('center_axis',(0.,0.,1.));
#1177=DIRECTION('ref_axis',(1.,0.,0.));
#1178=DIRECTION('center_axis',(0.,0.,1.));
#1179=DIRECTION('ref_axis',(1.,0.,0.));
#1180=DIRECTION('',(0.802817475191114,-0.596224874965617,0.));
#1181=DIRECTION('',(-0.596224874965615,-0.802817475191115,0.));
#1182=DIRECTION('center_axis',(0.,0.,-1.));
#1183=DIRECTION('ref_axis',(1.,0.,0.));
#1184=DIRECTION('',(-0.610145163901264,0.792289643355194,0.));
#1185=DIRECTION('',(0.792289643355191,0.610145163901267,0.));
#1186=DIRECTION('',(-0.610145163901268,0.792289643355191,0.));
#1187=DIRECTION('center_axis',(0.,0.,1.));
#1188=DIRECTION('ref_axis',(0.958333333333333,0.285652275016711,0.));
#1189=DIRECTION('center_axis',(0.,0.,-1.));
#1190=DIRECTION('ref_axis',(1.,0.,0.));
#1191=DIRECTION('center_axis',(0.,0.,1.));
#1192=DIRECTION('ref_axis',(1.,0.,0.));
#1193=DIRECTION('center_axis',(0.,0.,1.));
#1194=DIRECTION('ref_axis',(1.,0.,0.));
#1195=DIRECTION('center_axis',(0.,0.,1.));
#1196=DIRECTION('ref_axis',(1.,0.,0.));
#1197=DIRECTION('center_axis',(0.,0.,1.));
#1198=DIRECTION('ref_axis',(1.,0.,0.));
#1199=DIRECTION('',(0.,0.,1.));
#1200=DIRECTION('center_axis',(0.,0.,-1.));
#1201=DIRECTION('ref_axis',(1.,0.,0.));
#1202=DIRECTION('center_axis',(0.,0.,-1.));
#1203=DIRECTION('ref_axis',(1.,0.,0.));
#1204=DIRECTION('',(0.707106781186547,-8.65956056235493E-17,0.707106781186547));
#1205=DIRECTION('center_axis',(0.,0.,1.));
#1206=DIRECTION('ref_axis',(1.,0.,0.));
#1207=DIRECTION('center_axis',(0.,0.,1.));
#1208=DIRECTION('ref_axis',(1.,0.,0.));
#1209=DIRECTION('',(0.,0.,1.));
#1210=DIRECTION('center_axis',(0.,0.,-1.));
#1211=DIRECTION('ref_axis',(1.,0.,0.));
#1212=DIRECTION('center_axis',(0.792289643355191,0.610145163901268,0.));
#1213=DIRECTION('ref_axis',(0.,0.,-1.));
#1214=DIRECTION('center_axis',(0.792289643355191,0.610145163901268,0.));
#1215=DIRECTION('ref_axis',(0.610145163901268,-0.792289643355191,0.));
#1216=DIRECTION('center_axis',(0.610145163901268,-0.792289643355191,0.));
#1217=DIRECTION('ref_axis',(0.,0.,1.));
#1218=DIRECTION('center_axis',(-0.792289643355191,-0.610145163901268,0.));
#1219=DIRECTION('ref_axis',(0.610145163901268,-0.792289643355191,0.));
#1220=DIRECTION('center_axis',(0.792289643355191,0.610145163901268,0.));
#1221=DIRECTION('ref_axis',(0.610145163901268,-0.792289643355191,0.));
#1222=DIRECTION('center_axis',(0.792289643355191,0.610145163901268,0.));
#1223=DIRECTION('ref_axis',(0.610145163901268,-0.792289643355191,0.));
#1224=DIRECTION('',(0.,0.,1.));
#1225=DIRECTION('',(0.,0.,-1.));
#1226=DIRECTION('',(0.610145163901268,-0.792289643355191,0.));
#1227=DIRECTION('center_axis',(-0.792289643355191,-0.610145163901268,0.));
#1228=DIRECTION('ref_axis',(0.610145163901268,-0.792289643355191,0.));
#1229=DIRECTION('center_axis',(0.792289643355191,0.610145163901268,0.));
#1230=DIRECTION('ref_axis',(0.610145163901268,-0.792289643355191,0.));
#1231=DIRECTION('center_axis',(0.792289643355191,0.610145163901268,0.));
#1232=DIRECTION('ref_axis',(0.610145163901268,-0.792289643355191,0.));
#1233=DIRECTION('center_axis',(0.792289643355191,0.610145163901268,0.));
#1234=DIRECTION('ref_axis',(0.610145163901268,-0.792289643355191,0.));
#1235=DIRECTION('center_axis',(-0.792289643355191,-0.610145163901267,0.));
#1236=DIRECTION('ref_axis',(0.610145163901267,-0.792289643355191,0.));
#1237=DIRECTION('center_axis',(-0.792289643355191,-0.610145163901268,0.));
#1238=DIRECTION('ref_axis',(0.610145163901268,-0.792289643355191,0.));
#1239=DIRECTION('',(0.792289643355191,0.610145163901267,0.));
#1240=DIRECTION('center_axis',(0.792289643355191,0.610145163901268,0.));
#1241=DIRECTION('ref_axis',(0.,0.,-1.));
#1242=DIRECTION('center_axis',(0.792289643355191,0.610145163901268,0.));
#1243=DIRECTION('ref_axis',(0.610145163901268,-0.792289643355191,0.));
#1244=DIRECTION('center_axis',(0.610145163901268,-0.792289643355191,0.));
#1245=DIRECTION('ref_axis',(0.,0.,1.));
#1246=DIRECTION('center_axis',(0.792289643355191,0.610145163901268,0.));
#1247=DIRECTION('ref_axis',(0.610145163901268,-0.792289643355191,0.));
#1248=DIRECTION('center_axis',(-0.792289643355191,-0.610145163901267,0.));
#1249=DIRECTION('ref_axis',(0.610145163901267,-0.792289643355191,0.));
#1250=DIRECTION('center_axis',(-0.792289643355191,-0.610145163901268,0.));
#1251=DIRECTION('ref_axis',(0.610145163901268,-0.792289643355191,0.));
#1252=DIRECTION('',(0.792289643355191,0.610145163901267,0.));
#1253=DIRECTION('center_axis',(0.792289643355191,0.610145163901268,0.));
#1254=DIRECTION('ref_axis',(0.610145163901268,-0.792289643355191,0.));
#1255=DIRECTION('',(0.792289643355191,0.610145163901268,0.));
#1256=DIRECTION('center_axis',(-0.792289643355194,-0.610145163901264,0.));
#1257=DIRECTION('ref_axis',(0.610145163901268,-0.792289643355191,0.));
#1258=DIRECTION('center_axis',(0.792289643355191,0.610145163901268,0.));
#1259=DIRECTION('ref_axis',(0.610145163901268,-0.792289643355191,0.));
#1260=DIRECTION('',(0.792289643355191,0.610145163901268,0.));
#1261=DIRECTION('center_axis',(-0.792289643355194,-0.610145163901264,0.));
#1262=DIRECTION('ref_axis',(0.610145163901268,-0.792289643355191,0.));
#1263=DIRECTION('center_axis',(0.792289643355191,0.610145163901268,0.));
#1264=DIRECTION('ref_axis',(0.610145163901268,-0.792289643355191,0.));
#1265=DIRECTION('',(0.792289643355191,0.610145163901268,0.));
#1266=DIRECTION('center_axis',(-0.792289643355194,-0.610145163901264,0.));
#1267=DIRECTION('ref_axis',(0.610145163901268,-0.792289643355191,0.));
#1268=DIRECTION('center_axis',(-0.792289643355191,-0.610145163901268,0.));
#1269=DIRECTION('ref_axis',(0.610145163901268,-0.792289643355191,0.));
#1270=DIRECTION('center_axis',(-0.792289643355191,-0.610145163901268,0.));
#1271=DIRECTION('ref_axis',(0.610145163901268,-0.792289643355191,0.));
#1272=DIRECTION('center_axis',(-0.802817475191116,0.596224874965614,0.));
#1273=DIRECTION('ref_axis',(0.596224874965614,0.802817475191116,0.));
#1274=DIRECTION('',(-0.802817475191116,0.596224874965614,0.));
#1275=DIRECTION('center_axis',(0.802817475191115,-0.596224874965615,0.));
#1276=DIRECTION('ref_axis',(0.596224874965614,0.802817475191116,0.));
#1277=DIRECTION('center_axis',(-0.802817475191116,0.596224874965614,0.));
#1278=DIRECTION('ref_axis',(0.596224874965614,0.802817475191116,0.));
#1279=DIRECTION('',(-0.802817475191116,0.596224874965614,0.));
#1280=DIRECTION('center_axis',(0.802817475191115,-0.596224874965615,0.));
#1281=DIRECTION('ref_axis',(0.596224874965614,0.802817475191116,0.));
#1282=DIRECTION('center_axis',(-0.802817475191116,0.596224874965614,0.));
#1283=DIRECTION('ref_axis',(0.596224874965614,0.802817475191116,0.));
#1284=DIRECTION('',(-0.802817475191116,0.596224874965614,0.));
#1285=DIRECTION('center_axis',(0.802817475191115,-0.596224874965615,0.));
#1286=DIRECTION('ref_axis',(0.596224874965614,0.802817475191116,0.));
#1287=DIRECTION('center_axis',(0.,0.,1.));
#1288=DIRECTION('ref_axis',(1.,0.,0.));
#1289=DIRECTION('',(0.,0.,1.));
#1290=DIRECTION('center_axis',(0.,0.,-1.));
#1291=DIRECTION('ref_axis',(1.,0.,0.));
#1292=DIRECTION('center_axis',(0.,0.,1.));
#1293=DIRECTION('ref_axis',(1.,0.,0.));
#1294=DIRECTION('',(0.,0.,1.));
#1295=DIRECTION('center_axis',(0.,0.,-1.));
#1296=DIRECTION('ref_axis',(1.,0.,0.));
#1297=DIRECTION('center_axis',(0.,0.,1.));
#1298=DIRECTION('ref_axis',(1.,0.,0.));
#1299=DIRECTION('',(0.,0.,1.));
#1300=DIRECTION('center_axis',(0.,0.,-1.));
#1301=DIRECTION('ref_axis',(1.,0.,0.));
#1302=DIRECTION('center_axis',(0.,0.,1.));
#1303=DIRECTION('ref_axis',(1.,0.,0.));
#1304=DIRECTION('center_axis',(0.,0.,1.));
#1305=DIRECTION('ref_axis',(0.958333333333333,0.285652275016711,0.));
#1306=DIRECTION('',(-0.596224874965615,-0.802817475191115,0.));
#1307=DIRECTION('',(0.802817475191114,-0.596224874965617,0.));
#1308=DIRECTION('center_axis',(0.,0.,1.));
#1309=DIRECTION('ref_axis',(0.958333333333333,0.285652275016711,0.));
#1310=DIRECTION('center_axis',(0.,0.,1.));
#1311=DIRECTION('ref_axis',(0.958333333333333,0.285652275016711,0.));
#1312=DIRECTION('',(0.,0.,1.));
#1313=DIRECTION('center_axis',(0.,0.,1.));
#1314=DIRECTION('ref_axis',(0.594822786751341,0.803856860617218,0.));
#1315=DIRECTION('',(0.,0.,1.));
#1316=DIRECTION('center_axis',(0.,0.,1.));
#1317=DIRECTION('ref_axis',(0.594822786751341,0.803856860617217,0.));
#1318=DIRECTION('',(0.,0.,1.));
#1319=DIRECTION('center_axis',(0.,0.,1.));
#1320=DIRECTION('ref_axis',(0.594822786751341,0.803856860617218,0.));
#1321=DIRECTION('',(0.,0.,1.));
#1322=DIRECTION('center_axis',(0.,0.,1.));
#1323=DIRECTION('ref_axis',(1.,0.,0.));
#1324=DIRECTION('',(0.,0.,1.));
#1325=DIRECTION('center_axis',(0.,0.,1.));
#1326=DIRECTION('ref_axis',(0.594822786751341,0.803856860617217,0.));
#1327=DIRECTION('',(0.,0.,1.));
#1328=DIRECTION('center_axis',(0.,0.,1.));
#1329=DIRECTION('ref_axis',(1.,0.,0.));
#1330=DIRECTION('',(0.792289643355191,0.610145163901267,0.));
#1331=DIRECTION('',(-0.610145163901264,0.792289643355194,0.));
#1332=DIRECTION('center_axis',(0.610145163901267,-0.792289643355191,0.));
#1333=DIRECTION('ref_axis',(0.792289643355191,0.610145163901267,0.));
#1334=DIRECTION('',(0.,0.,1.));
#1335=DIRECTION('center_axis',(0.792289643355194,0.610145163901264,0.));
#1336=DIRECTION('ref_axis',(-0.610145163901264,0.792289643355194,0.));
#1337=DIRECTION('',(0.,0.,1.));
#1338=DIRECTION('',(0.610145163901264,-0.792289643355194,0.));
#1339=DIRECTION('',(-0.610145163901264,0.792289643355194,0.));
#1340=DIRECTION('',(0.,0.,1.));
#1341=DIRECTION('',(0.610145163901264,-0.792289643355194,0.));
#1342=DIRECTION('',(-0.610145163901264,0.792289643355194,0.));
#1343=DIRECTION('',(0.,0.,1.));
#1344=DIRECTION('',(0.610145163901264,-0.792289643355194,0.));
#1345=DIRECTION('center_axis',(0.,0.,1.));
#1346=DIRECTION('ref_axis',(1.,0.,0.));
#1347=DIRECTION('',(0.,0.,-1.));
#1348=DIRECTION('center_axis',(0.,0.,-1.));
#1349=DIRECTION('ref_axis',(1.,0.,0.));
#1350=DIRECTION('center_axis',(-0.802817475191115,0.596224874965615,0.));
#1351=DIRECTION('ref_axis',(-0.596224874965615,-0.802817475191115,0.));
#1352=DIRECTION('',(0.,0.,1.));
#1353=DIRECTION('',(0.596224874965615,0.802817475191115,0.));
#1354=DIRECTION('',(0.,0.,-1.));
#1355=DIRECTION('',(-0.596224874965615,-0.802817475191115,0.));
#1356=DIRECTION('',(0.596224874965615,0.802817475191115,0.));
#1357=DIRECTION('',(0.,0.,-1.));
#1358=DIRECTION('',(-0.596224874965615,-0.802817475191115,0.));
#1359=DIRECTION('',(0.596224874965615,0.802817475191115,0.));
#1360=DIRECTION('center_axis',(-0.596224874965617,-0.802817475191114,0.));
#1361=DIRECTION('ref_axis',(0.802817475191114,-0.596224874965617,0.));
#1362=DIRECTION('center_axis',(-0.610145163901264,0.792289643355194,0.));
#1363=DIRECTION('ref_axis',(-0.560233379480327,-0.431437782902752,-0.707106781186554));
#1364=DIRECTION('',(-0.610145163901264,0.792289643355194,0.));
#1365=DIRECTION('center_axis',(0.,0.,1.));
#1366=DIRECTION('ref_axis',(1.,0.,0.));
#1367=DIRECTION('center_axis',(0.,0.,-1.));
#1368=DIRECTION('ref_axis',(0.594822786751341,0.803856860617218,0.));
#1369=DIRECTION('',(-0.596224874965615,-0.802817475191115,0.));
#1370=DIRECTION('center_axis',(0.610145163901264,-0.792289643355194,0.));
#1371=DIRECTION('ref_axis',(-0.560233379480327,-0.431437782902752,0.707106781186554));
#1372=DIRECTION('',(0.610145163901264,-0.792289643355194,0.));
#1373=DIRECTION('center_axis',(-0.610145163901264,0.792289643355194,0.));
#1374=DIRECTION('ref_axis',(-0.560233379480325,-0.431437782902768,-0.707106781186547));
#1375=DIRECTION('',(-0.610145163901264,0.792289643355194,0.));
#1376=DIRECTION('center_axis',(0.,0.,1.));
#1377=DIRECTION('ref_axis',(1.,0.,0.));
#1378=DIRECTION('center_axis',(0.,0.,-1.));
#1379=DIRECTION('ref_axis',(0.594822786751341,0.803856860617217,0.));
#1380=DIRECTION('',(-0.596224874965615,-0.802817475191115,0.));
#1381=DIRECTION('center_axis',(0.610145163901264,-0.792289643355194,0.));
#1382=DIRECTION('ref_axis',(-0.560233379480325,-0.431437782902768,0.707106781186547));
#1383=DIRECTION('',(0.610145163901264,-0.792289643355194,0.));
#1384=DIRECTION('center_axis',(-0.610145163901264,0.792289643355194,0.));
#1385=DIRECTION('ref_axis',(-0.56023337948033,-0.431437782902761,-0.707106781186546));
#1386=DIRECTION('',(-0.610145163901264,0.792289643355194,0.));
#1387=DIRECTION('center_axis',(0.,0.,1.));
#1388=DIRECTION('ref_axis',(1.,0.,0.));
#1389=DIRECTION('',(-0.596224874965615,-0.802817475191115,0.));
#1390=DIRECTION('center_axis',(-0.596224874965615,-0.802817475191115,0.));
#1391=DIRECTION('ref_axis',(0.567677680762699,-0.421594652200289,-0.707106781186548));
#1392=DIRECTION('center_axis',(0.596224874965615,0.802817475191115,0.));
#1393=DIRECTION('ref_axis',(0.567677680762699,-0.421594652200289,0.707106781186548));
#1394=DIRECTION('',(0.596224874965615,0.802817475191115,0.));
#1395=DIRECTION('center_axis',(0.,0.,1.));
#1396=DIRECTION('ref_axis',(1.,0.,0.));
#1397=DIRECTION('center_axis',(0.,0.,1.));
#1398=DIRECTION('ref_axis',(0.594822786751341,0.803856860617217,0.));
#1399=DIRECTION('center_axis',(-0.596224874965615,-0.802817475191115,0.));
#1400=DIRECTION('ref_axis',(0.567677680762699,-0.421594652200289,-0.707106781186548));
#1401=DIRECTION('center_axis',(0.596224874965615,0.802817475191115,0.));
#1402=DIRECTION('ref_axis',(0.567677680762694,-0.421594652200285,0.707106781186555));
#1403=DIRECTION('',(0.596224874965615,0.802817475191115,0.));
#1404=DIRECTION('center_axis',(0.,0.,1.));
#1405=DIRECTION('ref_axis',(1.,0.,0.));
#1406=DIRECTION('center_axis',(0.,0.,1.));
#1407=DIRECTION('ref_axis',(0.594822786751341,0.803856860617218,0.));
#1408=DIRECTION('center_axis',(-0.596224874965615,-0.802817475191115,0.));
#1409=DIRECTION('ref_axis',(0.567677680762694,-0.421594652200285,-0.707106781186555));
#1410=DIRECTION('center_axis',(0.,0.,1.));
#1411=DIRECTION('ref_axis',(0.594822786751341,0.803856860617218,0.));
#1412=DIRECTION('center_axis',(0.,0.,1.));
#1413=DIRECTION('ref_axis',(0.594822786751341,0.803856860617217,0.));
#1414=CARTESIAN_POINT('',(0.,0.,0.));
#1415=CARTESIAN_POINT('Origin',(75.6523208431682,102.704546191891,281.7877));
#1416=CARTESIAN_POINT('',(73.5495851059084,99.0346003586057,281.7877));
#1417=CARTESIAN_POINT('Origin',(76.053729580764,102.406433754408,281.7877));
#1418=CARTESIAN_POINT('',(73.3429925056825,100.433642708763,281.7877));
#1419=CARTESIAN_POINT('',(73.4462888057955,99.7341215336842,281.7877));
#1420=CARTESIAN_POINT('Origin',(75.2509121055725,103.002658629374,281.7877));
#1421=CARTESIAN_POINT('Origin',(0.,0.,289.2552));
#1422=CARTESIAN_POINT('',(70.3292553112442,94.6984226116035,75.438));
#1423=CARTESIAN_POINT('',(70.3292553112442,94.6984226116035,289.2552));
#1424=CARTESIAN_POINT('',(70.3292553112442,94.6984226116035,146.5326));
#1425=CARTESIAN_POINT('',(81.7782038502839,110.114444897213,75.438));
#1426=CARTESIAN_POINT('',(0.,0.,75.438));
#1427=CARTESIAN_POINT('',(81.7782038502839,110.114444897213,289.2552));
#1428=CARTESIAN_POINT('',(81.7782038502839,110.114444897213,0.));
#1429=CARTESIAN_POINT('',(38.0189757100333,51.1925942215031,289.2552));
#1430=CARTESIAN_POINT('',(73.5495851059083,99.0346003586056,86.7155));
#1431=CARTESIAN_POINT('Origin',(76.0537295807639,102.406433754408,86.7155));
#1432=CARTESIAN_POINT('',(74.7420348558396,100.640235308988,111.4805));
#1433=CARTESIAN_POINT('Origin',(76.0537295807637,102.406433754408,111.4805));
#1434=CARTESIAN_POINT('',(74.7420348558396,100.640235308988,257.0227));
#1435=CARTESIAN_POINT('Origin',(76.0537295807638,102.406433754409,257.0227));
#1436=CARTESIAN_POINT('',(74.7420348558396,100.640235308988,176.8602));
#1437=CARTESIAN_POINT('Origin',(76.0537295807638,102.406433754408,176.8602));
#1438=CARTESIAN_POINT('Origin',(76.053729580764,102.406433754408,281.7877));
#1439=CARTESIAN_POINT('',(71.0870754003959,102.109034607416,281.7877));
#1440=CARTESIAN_POINT('',(74.145809980874,99.8374178337968,281.7877));
#1441=CARTESIAN_POINT('Origin',(72.9949950002859,104.678050528027,281.7877));
#1442=CARTESIAN_POINT('Origin',(75.6523208431682,102.704546191891,86.7155));
#1443=CARTESIAN_POINT('',(73.3429925056824,100.433642708763,86.7155));
#1444=CARTESIAN_POINT('',(73.4462888057954,99.7341215336841,86.7155));
#1445=CARTESIAN_POINT('Origin',(75.2509121055724,103.002658629374,86.7155));
#1446=CARTESIAN_POINT('Origin',(76.0537295807639,102.406433754408,86.7155));
#1447=CARTESIAN_POINT('',(71.0870754003958,102.109034607416,86.7155));
#1448=CARTESIAN_POINT('',(74.145809980874,99.8374178337967,86.7155));
#1449=CARTESIAN_POINT('Origin',(72.9949950002858,104.678050528027,86.7155));
#1450=CARTESIAN_POINT('Origin',(63.8175,110.535152412027,75.938));
#1451=CARTESIAN_POINT('',(59.6175,110.535152412027,75.438));
#1452=CARTESIAN_POINT('Origin',(63.8175,110.535152412027,75.438));
#1453=CARTESIAN_POINT('',(60.6175,110.535152412027,76.438));
#1454=CARTESIAN_POINT('',(60.1175,110.535152412027,75.938));
#1455=CARTESIAN_POINT('Origin',(63.8175,110.535152412027,76.438));
#1456=CARTESIAN_POINT('Origin',(0.,0.,75.438));
#1457=CARTESIAN_POINT('',(67.270520730766,96.9700393852225,75.438));
#1458=CARTESIAN_POINT('',(68.7998880210051,95.8342309984129,75.438));
#1459=CARTESIAN_POINT('',(67.3247368850562,97.0430414989037,75.438));
#1460=CARTESIAN_POINT('',(37.8145891839663,57.3075939108236,75.438));
#1461=CARTESIAN_POINT('',(-69.008117603683,95.8532827022437,75.438));
#1462=CARTESIAN_POINT('Origin',(0.,0.,75.438));
#1463=CARTESIAN_POINT('',(-68.9526356442169,95.7812379094981,75.438));
#1464=CARTESIAN_POINT('',(-32.967006051517,49.0529454919808,75.438));
#1465=CARTESIAN_POINT('',(-71.9712591854002,93.4565848350343,75.438));
#1466=CARTESIAN_POINT('',(-73.4805709559918,92.2942582978024,75.438));
#1467=CARTESIAN_POINT('',(-83.6875106806979,108.670447482598,75.438));
#1468=CARTESIAN_POINT('',(-45.7608872925951,59.4217232516393,75.438));
#1469=CARTESIAN_POINT('Origin',(0.,0.,75.438));
#1470=CARTESIAN_POINT('',(-68.0175,110.535152412027,75.438));
#1471=CARTESIAN_POINT('Origin',(-63.8175,110.535152412027,75.438));
#1472=CARTESIAN_POINT('',(-45.8537409933717,119.937667654009,75.438));
#1473=CARTESIAN_POINT('Origin',(-43.6537409933717,119.937667654009,75.438));
#1474=CARTESIAN_POINT('',(41.4537409933717,119.937667654009,75.438));
#1475=CARTESIAN_POINT('Origin',(43.6537409933717,119.937667654009,75.438));
#1476=CARTESIAN_POINT('',(-2.2,127.635,75.438));
#1477=CARTESIAN_POINT('Origin',(0.,127.635,75.438));
#1478=CARTESIAN_POINT('Origin',(63.8175,110.535152412027,75.438));
#1479=CARTESIAN_POINT('',(60.6175,110.535152412027,79.248));
#1480=CARTESIAN_POINT('',(60.6175,110.535152412027,75.438));
#1481=CARTESIAN_POINT('Origin',(63.8175,110.535152412027,79.248));
#1482=CARTESIAN_POINT('Origin',(-63.8175,110.535152412027,75.938));
#1483=CARTESIAN_POINT('',(-67.0175,110.535152412027,76.438));
#1484=CARTESIAN_POINT('',(-67.5175,110.535152412027,75.938));
#1485=CARTESIAN_POINT('Origin',(-63.8175,110.535152412027,76.438));
#1486=CARTESIAN_POINT('Origin',(-63.8175,110.535152412027,75.438));
#1487=CARTESIAN_POINT('',(-67.0175,110.535152412027,79.248));
#1488=CARTESIAN_POINT('',(-67.0175,110.535152412027,75.438));
#1489=CARTESIAN_POINT('Origin',(-63.8175,110.535152412027,79.248));
#1490=CARTESIAN_POINT('Origin',(-78.6216745764042,100.453370994915,86.7155));
#1491=CARTESIAN_POINT('',(-80.452110068108,102.83023992498,86.7155));
#1492=CARTESIAN_POINT('',(-78.6216745764042,100.453370994915,89.7155));
#1493=CARTESIAN_POINT('Origin',(-78.6216745764042,100.453370994915,86.7155));
#1494=CARTESIAN_POINT('',(-77.829384933049,101.063516158816,90.7155));
#1495=CARTESIAN_POINT('Origin',(-78.6216745764042,100.453370994915,90.7155));
#1496=CARTESIAN_POINT('Origin',(-77.829384933049,101.063516158816,86.7155));
#1497=CARTESIAN_POINT('Origin',(-78.6216745764042,100.453370994915,86.7155));
#1498=CARTESIAN_POINT('Origin',(-91.5217745851902,118.843446503279,289.2552));
#1499=CARTESIAN_POINT('',(-83.6875106806979,108.670447482598,289.2552));
#1500=CARTESIAN_POINT('',(-83.6875106806979,108.670447482598,0.));
#1501=CARTESIAN_POINT('',(-71.9712591854002,93.4565848350343,289.2552));
#1502=CARTESIAN_POINT('',(-71.9712591854002,93.4565848350343,146.5326));
#1503=CARTESIAN_POINT('',(-84.6675064894113,109.942997976665,289.2552));
#1504=CARTESIAN_POINT('',(-77.829384933049,101.063516158816,285.7877));
#1505=CARTESIAN_POINT('Origin',(-77.829384933049,101.063516158816,281.7877));
#1506=CARTESIAN_POINT('',(-79.1717042936318,102.806553374198,257.0227));
#1507=CARTESIAN_POINT('Origin',(-77.829384933049,101.063516158816,257.0227));
#1508=CARTESIAN_POINT('',(-79.1717042936318,102.806553374198,176.8602));
#1509=CARTESIAN_POINT('Origin',(-77.829384933049,101.063516158816,176.8602));
#1510=CARTESIAN_POINT('',(-79.1717042936318,102.806553374198,111.4805));
#1511=CARTESIAN_POINT('Origin',(-77.829384933049,101.063516158816,111.4805));
#1512=CARTESIAN_POINT('Origin',(-77.829384933049,101.063516158816,86.7155));
#1513=CARTESIAN_POINT('',(-82.6705210695026,101.121833466057,86.7155));
#1514=CARTESIAN_POINT('Origin',(-80.8400855777988,98.7449645359913,86.7155));
#1515=CARTESIAN_POINT('',(-79.6598204247529,103.440385088882,86.7155));
#1516=CARTESIAN_POINT('Origin',(-78.6216745764042,100.453370994915,281.7877));
#1517=CARTESIAN_POINT('',(-80.452110068108,102.83023992498,281.7877));
#1518=CARTESIAN_POINT('',(-78.6216745764042,100.453370994915,284.7877));
#1519=CARTESIAN_POINT('Origin',(-78.6216745764042,100.453370994915,281.7877));
#1520=CARTESIAN_POINT('Origin',(-78.6216745764042,100.453370994915,285.7877));
#1521=CARTESIAN_POINT('Origin',(-78.6216745764042,100.453370994915,281.7877));
#1522=CARTESIAN_POINT('Origin',(-77.829384933049,101.063516158816,281.7877));
#1523=CARTESIAN_POINT('',(-82.6705210695026,101.121833466057,281.7877));
#1524=CARTESIAN_POINT('Origin',(-80.8400855777988,98.7449645359913,281.7877));
#1525=CARTESIAN_POINT('',(-79.6598204247529,103.440385088882,281.7877));
#1526=CARTESIAN_POINT('Origin',(-77.829384933049,101.063516158816,257.0227));
#1527=CARTESIAN_POINT('',(-76.1530807524486,105.131206448661,257.0227));
#1528=CARTESIAN_POINT('',(-79.1717042936318,102.806553374198,257.0227));
#1529=CARTESIAN_POINT('Origin',(-74.8107613918658,103.38816923328,257.0227));
#1530=CARTESIAN_POINT('Origin',(-77.829384933049,101.063516158816,176.8602));
#1531=CARTESIAN_POINT('',(-76.1530807524486,105.131206448661,176.8602));
#1532=CARTESIAN_POINT('',(-79.1717042936318,102.806553374198,176.8602));
#1533=CARTESIAN_POINT('Origin',(-74.8107613918658,103.38816923328,176.8602));
#1534=CARTESIAN_POINT('Origin',(-77.829384933049,101.063516158816,111.4805));
#1535=CARTESIAN_POINT('',(-76.1530807524486,105.131206448661,111.4805));
#1536=CARTESIAN_POINT('',(-79.1717042936318,102.806553374198,111.4805));
#1537=CARTESIAN_POINT('Origin',(-74.8107613918658,103.38816923328,111.4805));
#1538=CARTESIAN_POINT('Origin',(-80.8400855777988,98.7449645359913,86.7155));
#1539=CARTESIAN_POINT('Origin',(-80.8400855777988,98.7449645359913,281.7877));
#1540=CARTESIAN_POINT('Origin',(76.053729580764,102.406433754408,176.8602));
#1541=CARTESIAN_POINT('',(71.6833002753615,102.911852082607,176.8602));
#1542=CARTESIAN_POINT('',(74.7420348558396,100.640235308988,176.8602));
#1543=CARTESIAN_POINT('Origin',(72.9949950002858,104.678050528027,176.8602));
#1544=CARTESIAN_POINT('Origin',(76.053729580764,102.406433754408,257.0227));
#1545=CARTESIAN_POINT('',(71.6833002753615,102.911852082607,257.0227));
#1546=CARTESIAN_POINT('',(74.7420348558397,100.640235308988,257.0227));
#1547=CARTESIAN_POINT('Origin',(72.9949950002859,104.678050528027,257.0227));
#1548=CARTESIAN_POINT('Origin',(76.0537295807639,102.406433754408,111.4805));
#1549=CARTESIAN_POINT('',(71.6833002753614,102.911852082607,111.4805));
#1550=CARTESIAN_POINT('',(74.7420348558396,100.640235308988,111.4805));
#1551=CARTESIAN_POINT('Origin',(72.9949950002858,104.678050528027,111.4805));
#1552=CARTESIAN_POINT('Origin',(0.,127.635,75.438));
#1553=CARTESIAN_POINT('',(-2.2,127.635,79.248));
#1554=CARTESIAN_POINT('',(-2.2,127.635,75.438));
#1555=CARTESIAN_POINT('Origin',(0.,127.635,79.248));
#1556=CARTESIAN_POINT('Origin',(43.6537409933717,119.937667654009,75.438));
#1557=CARTESIAN_POINT('',(41.4537409933717,119.937667654009,79.248));
#1558=CARTESIAN_POINT('',(41.4537409933717,119.937667654009,75.438));
#1559=CARTESIAN_POINT('Origin',(43.6537409933717,119.937667654009,79.248));
#1560=CARTESIAN_POINT('Origin',(-43.6537409933717,119.937667654009,75.438));
#1561=CARTESIAN_POINT('',(-45.8537409933717,119.937667654009,79.248));
#1562=CARTESIAN_POINT('',(-45.8537409933717,119.937667654009,75.438));
#1563=CARTESIAN_POINT('Origin',(-43.6537409933717,119.937667654009,79.248));
#1564=CARTESIAN_POINT('Origin',(76.0379514200665,102.385188443006,289.2552));
#1565=CARTESIAN_POINT('',(78.6879129484108,112.343571048028,289.2552));
#1566=CARTESIAN_POINT('Origin',(0.,0.,289.2552));
#1567=CARTESIAN_POINT('',(67.270520730766,96.9700393852225,289.2552));
#1568=CARTESIAN_POINT('',(70.1248687851772,100.813422300924,289.2552));
#1569=CARTESIAN_POINT('',(71.8586226014832,93.562614224794,289.2552));
#1570=CARTESIAN_POINT('Origin',(0.,0.,0.));
#1571=CARTESIAN_POINT('',(-80.6365940606812,110.953167139532,289.2552));
#1572=CARTESIAN_POINT('Origin',(0.,0.,289.2552));
#1573=CARTESIAN_POINT('',(-80.6365940606812,110.953167139532,236.95));
#1574=CARTESIAN_POINT('',(-80.6365940606812,110.953167139532,3.81));
#1575=CARTESIAN_POINT('',(-79.0091935030729,112.117852913771,234.95));
#1576=CARTESIAN_POINT('Ctrl Pts',(-79.009193503073,112.117852913771,234.95));
#1577=CARTESIAN_POINT('Ctrl Pts',(-79.2146165063702,111.97309179504,234.95));
#1578=CARTESIAN_POINT('Ctrl Pts',(-79.433307614072,111.818048833066,235.000170552166));
#1579=CARTESIAN_POINT('Ctrl Pts',(-79.8348410994543,111.531719927428,235.20430707002));
#1580=CARTESIAN_POINT('Ctrl Pts',(-80.0177056298042,111.400466659084,235.358275291348));
#1581=CARTESIAN_POINT('Ctrl Pts',(-80.3060185452625,111.192807872417,235.713486740794));
#1582=CARTESIAN_POINT('Ctrl Pts',(-80.4307256312715,111.102539996321,235.938345856992));
#1583=CARTESIAN_POINT('Ctrl Pts',(-80.596001533911,110.982703859434,236.431047392598));
#1584=CARTESIAN_POINT('Ctrl Pts',(-80.6365940606812,110.953167139532,236.698889529145));
#1585=CARTESIAN_POINT('Ctrl Pts',(-80.6365940606812,110.953167139532,236.95));
#1586=CARTESIAN_POINT('',(77.0404336822861,113.479677379015,234.95));
#1587=CARTESIAN_POINT('Origin',(0.,0.,234.95));
#1588=CARTESIAN_POINT('',(78.6879129484108,112.343571048028,236.95));
#1589=CARTESIAN_POINT('Ctrl Pts',(78.6879129484108,112.343571048028,236.95));
#1590=CARTESIAN_POINT('Ctrl Pts',(78.6879129484108,112.343571048028,236.698889529145));
#1591=CARTESIAN_POINT('Ctrl Pts',(78.6468111172385,112.372394832069,236.431047392598));
#1592=CARTESIAN_POINT('Ctrl Pts',(78.4794689579526,112.489328255105,235.938345856992));
#1593=CARTESIAN_POINT('Ctrl Pts',(78.353205473775,112.577405944215,235.713486740794));
#1594=CARTESIAN_POINT('Ctrl Pts',(78.061312324225,112.780001349262,235.358275291348));
#1595=CARTESIAN_POINT('Ctrl Pts',(77.8761849596434,112.908043200991,235.20430707002));
#1596=CARTESIAN_POINT('Ctrl Pts',(77.4697155013199,113.187320771764,235.000170552166));
#1597=CARTESIAN_POINT('Ctrl Pts',(77.2483518285455,113.338523433849,234.95));
#1598=CARTESIAN_POINT('Ctrl Pts',(77.0404336822862,113.479677379015,234.95));
#1599=CARTESIAN_POINT('',(78.6879129484108,112.343571048028,3.81));
#1600=CARTESIAN_POINT('',(77.0404336822862,113.479677379015,158.75));
#1601=CARTESIAN_POINT('',(-79.0091935030729,112.117852913771,158.75));
#1602=CARTESIAN_POINT('Origin',(0.,0.,158.75));
#1603=CARTESIAN_POINT('',(78.6879129484108,112.343571048028,160.75));
#1604=CARTESIAN_POINT('Ctrl Pts',(78.6879129484107,112.343571048028,160.75));
#1605=CARTESIAN_POINT('Ctrl Pts',(78.6879129484107,112.343571048028,160.498889529145));
#1606=CARTESIAN_POINT('Ctrl Pts',(78.6468111172385,112.372394832069,160.231047392598));
#1607=CARTESIAN_POINT('Ctrl Pts',(78.4794689579526,112.489328255105,159.738345856992));
#1608=CARTESIAN_POINT('Ctrl Pts',(78.353205473775,112.577405944215,159.513486740794));
#1609=CARTESIAN_POINT('Ctrl Pts',(78.061312324225,112.780001349262,159.158275291348));
#1610=CARTESIAN_POINT('Ctrl Pts',(77.8761849596435,112.908043200991,159.00430707002));
#1611=CARTESIAN_POINT('Ctrl Pts',(77.46971550132,113.187320771764,158.800170552166));
#1612=CARTESIAN_POINT('Ctrl Pts',(77.2483518285454,113.338523433849,158.75));
#1613=CARTESIAN_POINT('Ctrl Pts',(77.0404336822862,113.479677379015,158.75));
#1614=CARTESIAN_POINT('',(78.6879129484108,112.343571048028,225.33));
#1615=CARTESIAN_POINT('',(78.6879129484108,112.343571048028,3.81));
#1616=CARTESIAN_POINT('',(77.0404336822861,113.479677379015,227.33));
#1617=CARTESIAN_POINT('Ctrl Pts',(77.0404336822862,113.479677379015,227.33));
#1618=CARTESIAN_POINT('Ctrl Pts',(77.2483518285455,113.338523433849,227.33));
#1619=CARTESIAN_POINT('Ctrl Pts',(77.4697155013199,113.187320771764,227.279829447834));
#1620=CARTESIAN_POINT('Ctrl Pts',(77.8761849596434,112.908043200991,227.07569292998));
#1621=CARTESIAN_POINT('Ctrl Pts',(78.061312324225,112.780001349262,226.921724708652));
#1622=CARTESIAN_POINT('Ctrl Pts',(78.353205473775,112.577405944215,226.566513259206));
#1623=CARTESIAN_POINT('Ctrl Pts',(78.4794689579526,112.489328255105,226.341654143008));
#1624=CARTESIAN_POINT('Ctrl Pts',(78.6468111172385,112.372394832069,225.848952607402));
#1625=CARTESIAN_POINT('Ctrl Pts',(78.6879129484108,112.343571048028,225.581110470855));
#1626=CARTESIAN_POINT('Ctrl Pts',(78.6879129484108,112.343571048028,225.33));
#1627=CARTESIAN_POINT('',(-79.0091935030729,112.117852913771,227.33));
#1628=CARTESIAN_POINT('Origin',(0.,0.,227.33));
#1629=CARTESIAN_POINT('',(-80.6365940606812,110.953167139532,225.33));
#1630=CARTESIAN_POINT('Ctrl Pts',(-80.6365940606812,110.953167139532,225.33));
#1631=CARTESIAN_POINT('Ctrl Pts',(-80.6365940606812,110.953167139532,225.581149165377));
#1632=CARTESIAN_POINT('Ctrl Pts',(-80.5959891283251,110.982712895005,225.849029926915));
#1633=CARTESIAN_POINT('Ctrl Pts',(-80.4306663725981,111.102582922136,226.341790443263));
#1634=CARTESIAN_POINT('Ctrl Pts',(-80.3059248254005,111.192875635508,226.566669914801));
#1635=CARTESIAN_POINT('Ctrl Pts',(-80.0175783418875,111.400558077563,226.921840285033));
#1636=CARTESIAN_POINT('Ctrl Pts',(-79.8347302026885,111.531799242455,227.075766043206));
#1637=CARTESIAN_POINT('Ctrl Pts',(-79.4332445401225,111.818093574451,227.279844772721));
#1638=CARTESIAN_POINT('Ctrl Pts',(-79.2145848769237,111.973114084238,227.33));
#1639=CARTESIAN_POINT('Ctrl Pts',(-79.009193503073,112.117852913771,227.33));
#1640=CARTESIAN_POINT('',(-80.6365940606812,110.953167139532,160.75));
#1641=CARTESIAN_POINT('',(-80.6365940606812,110.953167139532,3.81));
#1642=CARTESIAN_POINT('Ctrl Pts',(-79.009193503073,112.117852913771,158.75));
#1643=CARTESIAN_POINT('Ctrl Pts',(-79.2146165063702,111.97309179504,158.75));
#1644=CARTESIAN_POINT('Ctrl Pts',(-79.4333076140721,111.818048833066,158.800170552166));
#1645=CARTESIAN_POINT('Ctrl Pts',(-79.8348410994543,111.531719927428,159.00430707002));
#1646=CARTESIAN_POINT('Ctrl Pts',(-80.0177056298042,111.400466659084,159.158275291348));
#1647=CARTESIAN_POINT('Ctrl Pts',(-80.3060185452625,111.192807872417,159.513486740794));
#1648=CARTESIAN_POINT('Ctrl Pts',(-80.4307256312715,111.102539996321,159.738345856992));
#1649=CARTESIAN_POINT('Ctrl Pts',(-80.596001533911,110.982703859434,160.231047392598));
#1650=CARTESIAN_POINT('Ctrl Pts',(-80.6365940606812,110.953167139532,160.498889529145));
#1651=CARTESIAN_POINT('Ctrl Pts',(-80.6365940606812,110.953167139532,160.75));
#1652=CARTESIAN_POINT('',(77.0404336822861,113.479677379015,79.248));
#1653=CARTESIAN_POINT('',(-79.0091935030729,112.117852913771,79.248));
#1654=CARTESIAN_POINT('Origin',(0.,0.,79.248));
#1655=CARTESIAN_POINT('',(78.6879129484108,112.343571048028,81.248));
#1656=CARTESIAN_POINT('Ctrl Pts',(78.6879129484107,112.343571048028,81.248));
#1657=CARTESIAN_POINT('Ctrl Pts',(78.6879129484108,112.343571048028,80.9968895291454));
#1658=CARTESIAN_POINT('Ctrl Pts',(78.6468111172385,112.372394832069,80.7290473925976));
#1659=CARTESIAN_POINT('Ctrl Pts',(78.4794689579526,112.489328255105,80.2363458569919));
#1660=CARTESIAN_POINT('Ctrl Pts',(78.3532054737749,112.577405944215,80.0114867407942));
#1661=CARTESIAN_POINT('Ctrl Pts',(78.061312324225,112.780001349262,79.6562752913485));
#1662=CARTESIAN_POINT('Ctrl Pts',(77.8761849596434,112.908043200991,79.50230707002));
#1663=CARTESIAN_POINT('Ctrl Pts',(77.4697155013199,113.187320771764,79.2981705521663));
#1664=CARTESIAN_POINT('Ctrl Pts',(77.2483518285454,113.338523433849,79.248));
#1665=CARTESIAN_POINT('Ctrl Pts',(77.0404336822862,113.479677379015,79.248));
#1666=CARTESIAN_POINT('',(78.6879129484108,112.343571048028,149.13));
#1667=CARTESIAN_POINT('',(78.6879129484108,112.343571048028,3.81));
#1668=CARTESIAN_POINT('',(77.0404336822862,113.479677379015,151.13));
#1669=CARTESIAN_POINT('Ctrl Pts',(77.0404336822862,113.479677379015,151.13));
#1670=CARTESIAN_POINT('Ctrl Pts',(77.2483518285454,113.338523433849,151.13));
#1671=CARTESIAN_POINT('Ctrl Pts',(77.46971550132,113.187320771764,151.079829447834));
#1672=CARTESIAN_POINT('Ctrl Pts',(77.8761849596435,112.908043200991,150.87569292998));
#1673=CARTESIAN_POINT('Ctrl Pts',(78.061312324225,112.780001349262,150.721724708652));
#1674=CARTESIAN_POINT('Ctrl Pts',(78.353205473775,112.577405944215,150.366513259206));
#1675=CARTESIAN_POINT('Ctrl Pts',(78.4794689579526,112.489328255105,150.141654143008));
#1676=CARTESIAN_POINT('Ctrl Pts',(78.6468111172385,112.372394832069,149.648952607402));
#1677=CARTESIAN_POINT('Ctrl Pts',(78.6879129484107,112.343571048028,149.381110470855));
#1678=CARTESIAN_POINT('Ctrl Pts',(78.6879129484107,112.343571048028,149.13));
#1679=CARTESIAN_POINT('',(-79.0091935030729,112.117852913771,151.13));
#1680=CARTESIAN_POINT('Origin',(0.,0.,151.13));
#1681=CARTESIAN_POINT('',(-80.6365940606812,110.953167139532,149.13));
#1682=CARTESIAN_POINT('Ctrl Pts',(-80.6365940606812,110.953167139532,149.13));
#1683=CARTESIAN_POINT('Ctrl Pts',(-80.6365940606812,110.953167139532,149.381110470855));
#1684=CARTESIAN_POINT('Ctrl Pts',(-80.596001533911,110.982703859434,149.648952607402));
#1685=CARTESIAN_POINT('Ctrl Pts',(-80.4307256312715,111.102539996321,150.141654143008));
#1686=CARTESIAN_POINT('Ctrl Pts',(-80.3060185452625,111.192807872417,150.366513259206));
#1687=CARTESIAN_POINT('Ctrl Pts',(-80.0177056298042,111.400466659084,150.721724708652));
#1688=CARTESIAN_POINT('Ctrl Pts',(-79.8348410994543,111.531719927428,150.87569292998));
#1689=CARTESIAN_POINT('Ctrl Pts',(-79.4333076140721,111.818048833066,151.079829447834));
#1690=CARTESIAN_POINT('Ctrl Pts',(-79.2146165063702,111.97309179504,151.13));
#1691=CARTESIAN_POINT('Ctrl Pts',(-79.009193503073,112.117852913771,151.13));
#1692=CARTESIAN_POINT('',(-80.6365940606812,110.953167139532,81.248));
#1693=CARTESIAN_POINT('',(-80.6365940606812,110.953167139532,3.81));
#1694=CARTESIAN_POINT('Ctrl Pts',(-79.009193503073,112.117852913771,79.248));
#1695=CARTESIAN_POINT('Ctrl Pts',(-79.2146165063702,111.97309179504,79.248));
#1696=CARTESIAN_POINT('Ctrl Pts',(-79.4333076140721,111.818048833066,79.2981705521663));
#1697=CARTESIAN_POINT('Ctrl Pts',(-79.8348410994544,111.531719927428,79.50230707002));
#1698=CARTESIAN_POINT('Ctrl Pts',(-80.0177056298042,111.400466659084,79.6562752913485));
#1699=CARTESIAN_POINT('Ctrl Pts',(-80.3060185452625,111.192807872417,80.0114867407942));
#1700=CARTESIAN_POINT('Ctrl Pts',(-80.4307256312715,111.102539996321,80.236345856992));
#1701=CARTESIAN_POINT('Ctrl Pts',(-80.596001533911,110.982703859434,80.7290473925976));
#1702=CARTESIAN_POINT('Ctrl Pts',(-80.6365940606812,110.953167139532,80.9968895291454));
#1703=CARTESIAN_POINT('Ctrl Pts',(-80.6365940606812,110.953167139532,81.248));
#1704=CARTESIAN_POINT('Origin',(-77.8132383936324,101.042549450051,289.2552));
#1705=CARTESIAN_POINT('',(-68.9526356442169,95.7812379094981,289.2552));
#1706=CARTESIAN_POINT('',(-70.4619474148085,94.6189113722662,289.2552));
#1707=CARTESIAN_POINT('',(-77.7156044565652,107.160184832024,289.2552));
#1708=CARTESIAN_POINT('Origin',(-74.9898827265835,91.1319317605705,3.81));
#1709=CARTESIAN_POINT('',(-68.9526356442169,95.7812379094981,3.81));
#1710=CARTESIAN_POINT('Origin',(-68.9526356442169,95.7812379094981,3.81));
#1711=CARTESIAN_POINT('',(-69.008117603683,95.8532827022437,81.248));
#1712=CARTESIAN_POINT('',(-69.008117603683,95.8532827022437,71.628));
#1713=CARTESIAN_POINT('',(-32.967006051517,49.0529454919808,81.248));
#1714=CARTESIAN_POINT('',(-69.008117603683,95.8532827022437,149.13));
#1715=CARTESIAN_POINT('',(-61.0173966843715,85.4771201070475,149.13));
#1716=CARTESIAN_POINT('',(-69.008117603683,95.8532827022437,160.75));
#1717=CARTESIAN_POINT('',(-69.008117603683,95.8532827022437,151.13));
#1718=CARTESIAN_POINT('',(-61.0173966843715,85.4771201070475,160.75));
#1719=CARTESIAN_POINT('',(-69.008117603683,95.8532827022437,225.33));
#1720=CARTESIAN_POINT('',(-61.0173966843715,85.4771201070475,225.33));
#1721=CARTESIAN_POINT('',(-69.008117603683,95.8532827022437,236.95));
#1722=CARTESIAN_POINT('',(-69.008117603683,95.8532827022437,227.33));
#1723=CARTESIAN_POINT('',(-61.0173966843715,85.4771201070475,236.95));
#1724=CARTESIAN_POINT('Origin',(0.,0.,71.628));
#1725=CARTESIAN_POINT('',(67.3247368850562,97.0430414989037,81.248));
#1726=CARTESIAN_POINT('',(67.3247368850562,97.0430414989037,71.628));
#1727=CARTESIAN_POINT('',(65.6704976505476,98.1700455247395,79.248));
#1728=CARTESIAN_POINT('Ctrl Pts',(65.6704976505475,98.1700455247395,79.248));
#1729=CARTESIAN_POINT('Ctrl Pts',(65.8794288199198,98.0302817730366,79.248));
#1730=CARTESIAN_POINT('Ctrl Pts',(66.101814000353,97.8804532291235,79.2981647085914));
#1731=CARTESIAN_POINT('Ctrl Pts',(66.5100521966683,97.6035137444964,79.5023114057248));
#1732=CARTESIAN_POINT('Ctrl Pts',(66.6959299089705,97.4764414547918,79.6562964383541));
#1733=CARTESIAN_POINT('Ctrl Pts',(66.988915293993,97.2753250663216,80.0115315767279));
#1734=CARTESIAN_POINT('Ctrl Pts',(67.1156075228453,97.1878477358722,80.236377977115));
#1735=CARTESIAN_POINT('Ctrl Pts',(67.2835049033405,97.0716873687229,80.7290595864811));
#1736=CARTESIAN_POINT('Ctrl Pts',(67.3247368850562,97.0430414989037,80.996894414066));
#1737=CARTESIAN_POINT('Ctrl Pts',(67.3247368850562,97.0430414989037,81.248));
#1738=CARTESIAN_POINT('',(-67.3737992501376,97.0089855353727,79.248));
#1739=CARTESIAN_POINT('Origin',(0.,0.,79.248));
#1740=CARTESIAN_POINT('Ctrl Pts',(-69.008117603683,95.8532827022437,81.248));
#1741=CARTESIAN_POINT('Ctrl Pts',(-69.008117603683,95.8532827022437,80.996894414066));
#1742=CARTESIAN_POINT('Ctrl Pts',(-68.9673918411606,95.8826438064613,80.7290595864811));
#1743=CARTESIAN_POINT('Ctrl Pts',(-68.8015473101891,96.0017166951482,80.236377977115));
#1744=CARTESIAN_POINT('Ctrl Pts',(-68.676401067102,96.0913917866468,80.0115315767279));
#1745=CARTESIAN_POINT('Ctrl Pts',(-68.3869702701255,96.2975908441366,79.6562964383541));
#1746=CARTESIAN_POINT('Ctrl Pts',(-68.203338585146,96.4278877934986,79.5023114057248));
#1747=CARTESIAN_POINT('Ctrl Pts',(-67.7999958259297,96.7119098378262,79.2981647085914));
#1748=CARTESIAN_POINT('Ctrl Pts',(-67.5802593844808,96.8655967186808,79.248));
#1749=CARTESIAN_POINT('Ctrl Pts',(-67.3737992501376,97.0089855353727,79.248));
#1750=CARTESIAN_POINT('Origin',(78.6879129484108,112.343571048028,3.81));
#1751=CARTESIAN_POINT('',(67.270520730766,96.9700393852225,3.81));
#1752=CARTESIAN_POINT('',(67.3247368850562,97.0430414989037,236.95));
#1753=CARTESIAN_POINT('',(65.5892439789679,94.7061983184539,236.95));
#1754=CARTESIAN_POINT('',(67.3247368850562,97.0430414989037,225.33));
#1755=CARTESIAN_POINT('',(67.3247368850562,97.0430414989037,227.33));
#1756=CARTESIAN_POINT('',(65.5892439789679,94.7061983184539,225.33));
#1757=CARTESIAN_POINT('',(67.3247368850562,97.0430414989037,160.75));
#1758=CARTESIAN_POINT('',(65.5892439789679,94.706198318454,160.75));
#1759=CARTESIAN_POINT('',(67.3247368850562,97.0430414989037,149.13));
#1760=CARTESIAN_POINT('',(67.3247368850562,97.0430414989037,151.13));
#1761=CARTESIAN_POINT('',(65.5892439789679,94.706198318454,149.13));
#1762=CARTESIAN_POINT('',(37.8145891839663,57.3075939108236,81.248));
#1763=CARTESIAN_POINT('Origin',(67.270520730766,96.9700393852225,3.81));
#1764=CARTESIAN_POINT('Origin',(-59.4328173976611,86.69741043485,236.95));
#1765=CARTESIAN_POINT('',(-67.3737992501376,97.0089855353727,234.95));
#1766=CARTESIAN_POINT('Ctrl Pts',(-69.008117603683,95.8532827022437,236.95));
#1767=CARTESIAN_POINT('Ctrl Pts',(-69.008117603683,95.8532827022437,236.698894414066));
#1768=CARTESIAN_POINT('Ctrl Pts',(-68.9673918411606,95.8826438064613,236.431059586481));
#1769=CARTESIAN_POINT('Ctrl Pts',(-68.8015473101891,96.0017166951482,235.938377977115));
#1770=CARTESIAN_POINT('Ctrl Pts',(-68.676401067102,96.0913917866468,235.713531576728));
#1771=CARTESIAN_POINT('Ctrl Pts',(-68.3869702701255,96.2975908441365,235.358296438354));
#1772=CARTESIAN_POINT('Ctrl Pts',(-68.203338585146,96.4278877934986,235.204311405725));
#1773=CARTESIAN_POINT('Ctrl Pts',(-67.7999958259296,96.7119098378262,235.000164708591));
#1774=CARTESIAN_POINT('Ctrl Pts',(-67.5802593844808,96.8655967186808,234.95));
#1775=CARTESIAN_POINT('Ctrl Pts',(-67.3737992501376,97.0089855353727,234.95));
#1776=CARTESIAN_POINT('',(-59.4328173976611,86.69741043485,234.95));
#1777=CARTESIAN_POINT('Origin',(-1.77635683940025E-14,116.05176690375,234.95));
#1778=CARTESIAN_POINT('',(65.6704976505475,98.1700455247395,234.95));
#1779=CARTESIAN_POINT('Origin',(0.,0.,234.95));
#1780=CARTESIAN_POINT('',(63.9836090285856,95.8986480683852,234.95));
#1781=CARTESIAN_POINT('Origin',(-59.4328173976611,86.69741043485,225.33));
#1782=CARTESIAN_POINT('',(-67.3737992501376,97.0089855353727,227.33));
#1783=CARTESIAN_POINT('Ctrl Pts',(-67.3737992501376,97.0089855353727,227.33));
#1784=CARTESIAN_POINT('Ctrl Pts',(-67.5802593844808,96.8655967186808,227.33));
#1785=CARTESIAN_POINT('Ctrl Pts',(-67.7999958259296,96.7119098378262,227.279835291409));
#1786=CARTESIAN_POINT('Ctrl Pts',(-68.203338585146,96.4278877934986,227.075688594275));
#1787=CARTESIAN_POINT('Ctrl Pts',(-68.3869702701255,96.2975908441365,226.921703561646));
#1788=CARTESIAN_POINT('Ctrl Pts',(-68.676401067102,96.0913917866468,226.566468423272));
#1789=CARTESIAN_POINT('Ctrl Pts',(-68.8015473101891,96.0017166951482,226.341622022885));
#1790=CARTESIAN_POINT('Ctrl Pts',(-68.9673918411606,95.8826438064613,225.848940413519));
#1791=CARTESIAN_POINT('Ctrl Pts',(-69.008117603683,95.8532827022437,225.581105585934));
#1792=CARTESIAN_POINT('Ctrl Pts',(-69.008117603683,95.8532827022437,225.33));
#1793=CARTESIAN_POINT('',(-59.4328173976611,86.69741043485,227.33));
#1794=CARTESIAN_POINT('Origin',(-59.4328173976611,86.69741043485,160.75));
#1795=CARTESIAN_POINT('',(-67.3737992501376,97.0089855353727,158.75));
#1796=CARTESIAN_POINT('Ctrl Pts',(-69.008117603683,95.8532827022437,160.75));
#1797=CARTESIAN_POINT('Ctrl Pts',(-69.008117603683,95.8532827022437,160.498894414066));
#1798=CARTESIAN_POINT('Ctrl Pts',(-68.9673918411606,95.8826438064613,160.231059586481));
#1799=CARTESIAN_POINT('Ctrl Pts',(-68.8015473101891,96.0017166951482,159.738377977115));
#1800=CARTESIAN_POINT('Ctrl Pts',(-68.676401067102,96.0913917866468,159.513531576728));
#1801=CARTESIAN_POINT('Ctrl Pts',(-68.3869702701255,96.2975908441365,159.158296438354));
#1802=CARTESIAN_POINT('Ctrl Pts',(-68.203338585146,96.4278877934986,159.004311405725));
#1803=CARTESIAN_POINT('Ctrl Pts',(-67.7999958259297,96.7119098378262,158.800164708591));
#1804=CARTESIAN_POINT('Ctrl Pts',(-67.5802593844808,96.8655967186808,158.75));
#1805=CARTESIAN_POINT('Ctrl Pts',(-67.3737992501376,97.0089855353727,158.75));
#1806=CARTESIAN_POINT('',(-59.4328173976611,86.69741043485,158.75));
#1807=CARTESIAN_POINT('Origin',(-1.77635683940025E-14,116.05176690375,158.75));
#1808=CARTESIAN_POINT('',(65.6704976505475,98.1700455247395,158.75));
#1809=CARTESIAN_POINT('Origin',(0.,0.,158.75));
#1810=CARTESIAN_POINT('',(63.9836090285856,95.8986480683852,158.75));
#1811=CARTESIAN_POINT('Origin',(-59.4328173976611,86.69741043485,149.13));
#1812=CARTESIAN_POINT('',(-67.3737992501376,97.0089855353727,151.13));
#1813=CARTESIAN_POINT('Ctrl Pts',(-67.3737992501376,97.0089855353727,151.13));
#1814=CARTESIAN_POINT('Ctrl Pts',(-67.5802593844808,96.8655967186808,151.13));
#1815=CARTESIAN_POINT('Ctrl Pts',(-67.7999958259297,96.7119098378262,151.079835291409));
#1816=CARTESIAN_POINT('Ctrl Pts',(-68.203338585146,96.4278877934986,150.875688594275));
#1817=CARTESIAN_POINT('Ctrl Pts',(-68.3869702701255,96.2975908441365,150.721703561646));
#1818=CARTESIAN_POINT('Ctrl Pts',(-68.676401067102,96.0913917866468,150.366468423272));
#1819=CARTESIAN_POINT('Ctrl Pts',(-68.8015473101891,96.0017166951482,150.141622022885));
#1820=CARTESIAN_POINT('Ctrl Pts',(-68.9673918411606,95.8826438064613,149.648940413519));
#1821=CARTESIAN_POINT('Ctrl Pts',(-69.008117603683,95.8532827022437,149.381105585934));
#1822=CARTESIAN_POINT('Ctrl Pts',(-69.008117603683,95.8532827022437,149.13));
#1823=CARTESIAN_POINT('',(-59.4328173976611,86.69741043485,151.13));
#1824=CARTESIAN_POINT('Origin',(-31.3824267648066,50.2732358197833,81.248));
#1825=CARTESIAN_POINT('',(-31.3824267648066,50.2732358197833,79.248));
#1826=CARTESIAN_POINT('Origin',(0.,0.,79.248));
#1827=CARTESIAN_POINT('',(36.2089542335841,58.5000436607548,79.248));
#1828=CARTESIAN_POINT('Origin',(36.2089542335841,58.5000436607548,81.248));
#1829=CARTESIAN_POINT('Origin',(63.9836090285856,95.8986480683852,149.13));
#1830=CARTESIAN_POINT('',(65.6704976505475,98.1700455247395,151.13));
#1831=CARTESIAN_POINT('Ctrl Pts',(67.3247368850562,97.0430414989037,149.13));
#1832=CARTESIAN_POINT('Ctrl Pts',(67.3247368850562,97.0430414989037,149.381105585934));
#1833=CARTESIAN_POINT('Ctrl Pts',(67.2835049033405,97.071687368723,149.648940413519));
#1834=CARTESIAN_POINT('Ctrl Pts',(67.1156075228453,97.1878477358723,150.141622022885));
#1835=CARTESIAN_POINT('Ctrl Pts',(66.988915293993,97.2753250663216,150.366468423272));
#1836=CARTESIAN_POINT('Ctrl Pts',(66.6959299089705,97.4764414547918,150.721703561646));
#1837=CARTESIAN_POINT('Ctrl Pts',(66.5100521966683,97.6035137444963,150.875688594275));
#1838=CARTESIAN_POINT('Ctrl Pts',(66.101814000353,97.8804532291235,151.079835291409));
#1839=CARTESIAN_POINT('Ctrl Pts',(65.8794288199198,98.0302817730366,151.13));
#1840=CARTESIAN_POINT('Ctrl Pts',(65.6704976505475,98.1700455247395,151.13));
#1841=CARTESIAN_POINT('',(63.9836090285856,95.8986480683852,151.13));
#1842=CARTESIAN_POINT('Origin',(-1.77635683940025E-14,116.05176690375,151.13));
#1843=CARTESIAN_POINT('Origin',(0.,0.,151.13));
#1844=CARTESIAN_POINT('Origin',(63.9836090285856,95.8986480683852,160.75));
#1845=CARTESIAN_POINT('Ctrl Pts',(65.6704976505475,98.1700455247395,158.75));
#1846=CARTESIAN_POINT('Ctrl Pts',(65.8794288199198,98.0302817730366,158.75));
#1847=CARTESIAN_POINT('Ctrl Pts',(66.101814000353,97.8804532291235,158.800164708591));
#1848=CARTESIAN_POINT('Ctrl Pts',(66.5100521966683,97.6035137444964,159.004311405725));
#1849=CARTESIAN_POINT('Ctrl Pts',(66.6959299089705,97.4764414547918,159.158296438354));
#1850=CARTESIAN_POINT('Ctrl Pts',(66.988915293993,97.2753250663216,159.513531576728));
#1851=CARTESIAN_POINT('Ctrl Pts',(67.1156075228453,97.1878477358722,159.738377977115));
#1852=CARTESIAN_POINT('Ctrl Pts',(67.2835049033405,97.0716873687229,160.231059586481));
#1853=CARTESIAN_POINT('Ctrl Pts',(67.3247368850562,97.0430414989037,160.498894414066));
#1854=CARTESIAN_POINT('Ctrl Pts',(67.3247368850562,97.0430414989037,160.75));
#1855=CARTESIAN_POINT('Origin',(63.9836090285856,95.8986480683852,225.33));
#1856=CARTESIAN_POINT('',(65.6704976505475,98.1700455247395,227.33));
#1857=CARTESIAN_POINT('Ctrl Pts',(67.3247368850562,97.0430414989037,225.33));
#1858=CARTESIAN_POINT('Ctrl Pts',(67.3247368850562,97.0430414989037,225.581105585934));
#1859=CARTESIAN_POINT('Ctrl Pts',(67.2835049033405,97.0716873687229,225.848940413519));
#1860=CARTESIAN_POINT('Ctrl Pts',(67.1156075228453,97.1878477358722,226.341622022885));
#1861=CARTESIAN_POINT('Ctrl Pts',(66.988915293993,97.2753250663216,226.566468423272));
#1862=CARTESIAN_POINT('Ctrl Pts',(66.6959299089705,97.4764414547917,226.921703561646));
#1863=CARTESIAN_POINT('Ctrl Pts',(66.5100521966683,97.6035137444963,227.075688594275));
#1864=CARTESIAN_POINT('Ctrl Pts',(66.101814000353,97.8804532291234,227.279835291409));
#1865=CARTESIAN_POINT('Ctrl Pts',(65.8794288199198,98.0302817730366,227.33));
#1866=CARTESIAN_POINT('Ctrl Pts',(65.6704976505475,98.1700455247395,227.33));
#1867=CARTESIAN_POINT('',(63.9836090285856,95.8986480683852,227.33));
#1868=CARTESIAN_POINT('Origin',(-1.77635683940025E-14,116.05176690375,227.33));
#1869=CARTESIAN_POINT('Origin',(0.,0.,227.33));
#1870=CARTESIAN_POINT('Origin',(63.9836090285856,95.8986480683852,236.95));
#1871=CARTESIAN_POINT('Ctrl Pts',(65.6704976505475,98.1700455247395,234.95));
#1872=CARTESIAN_POINT('Ctrl Pts',(65.8794288199198,98.0302817730366,234.95));
#1873=CARTESIAN_POINT('Ctrl Pts',(66.101814000353,97.8804532291235,235.000164708591));
#1874=CARTESIAN_POINT('Ctrl Pts',(66.5100521966683,97.6035137444963,235.204311405725));
#1875=CARTESIAN_POINT('Ctrl Pts',(66.6959299089705,97.4764414547918,235.358296438354));
#1876=CARTESIAN_POINT('Ctrl Pts',(66.988915293993,97.2753250663216,235.713531576728));
#1877=CARTESIAN_POINT('Ctrl Pts',(67.1156075228453,97.1878477358722,235.938377977115));
#1878=CARTESIAN_POINT('Ctrl Pts',(67.2835049033405,97.0716873687229,236.431059586481));
#1879=CARTESIAN_POINT('Ctrl Pts',(67.3247368850562,97.0430414989037,236.698894414066));
#1880=CARTESIAN_POINT('Ctrl Pts',(67.3247368850562,97.0430414989037,236.95));
#1881=CARTESIAN_POINT('Origin',(0.,0.,227.33));
#1882=CARTESIAN_POINT('Origin',(0.,0.,151.13));
#1883=UNCERTAINTY_MEASURE_WITH_UNIT(LENGTH_MEASURE(0.01),#1887,
'DISTANCE_ACCURACY_VALUE',
'Maximum model space distance between geometric entities at asserted c
onnectivities');
#1884=UNCERTAINTY_MEASURE_WITH_UNIT(LENGTH_MEASURE(0.01),#1887,
'DISTANCE_ACCURACY_VALUE',
'Maximum model space distance between geometric entities at asserted c
onnectivities');
#1885=(
GEOMETRIC_REPRESENTATION_CONTEXT(3)
GLOBAL_UNCERTAINTY_ASSIGNED_CONTEXT((#1883))
GLOBAL_UNIT_ASSIGNED_CONTEXT((#1887,#1889,#1890))
REPRESENTATION_CONTEXT('','3D')
);
#1886=(
GEOMETRIC_REPRESENTATION_CONTEXT(3)
GLOBAL_UNCERTAINTY_ASSIGNED_CONTEXT((#1884))
GLOBAL_UNIT_ASSIGNED_CONTEXT((#1887,#1889,#1890))
REPRESENTATION_CONTEXT('','3D')
);
#1887=(
LENGTH_UNIT()
NAMED_UNIT(*)
SI_UNIT(.MILLI.,.METRE.)
);
#1888=(
LENGTH_UNIT()
NAMED_UNIT(*)
SI_UNIT($,.METRE.)
);
#1889=(
NAMED_UNIT(*)
PLANE_ANGLE_UNIT()
SI_UNIT($,.RADIAN.)
);
#1890=(
NAMED_UNIT(*)
SI_UNIT($,.STERADIAN.)
SOLID_ANGLE_UNIT()
);
#1891=SHAPE_DEFINITION_REPRESENTATION(#1892,#1893);
#1892=PRODUCT_DEFINITION_SHAPE('',$,#1895);
#1893=SHAPE_REPRESENTATION('',(#1027),#1885);
#1894=PRODUCT_DEFINITION_CONTEXT('part definition',#1899,'design');
#1895=PRODUCT_DEFINITION('2026-09-21-21-55-43-136',
'R1-C4 - Chassis-part 4',#1896,#1894);
#1896=PRODUCT_DEFINITION_FORMATION('',$,#1901);
#1897=PRODUCT_RELATED_PRODUCT_CATEGORY('R1-C4 - Chassis-part 4',
'R1-C4 - Chassis-part 4',(#1901));
#1898=APPLICATION_PROTOCOL_DEFINITION('international standard',
'automotive_design',2009,#1899);
#1899=APPLICATION_CONTEXT(
'Core Data for Automotive Mechanical Design Process');
#1900=PRODUCT_CONTEXT('part definition',#1899,'mechanical');
#1901=PRODUCT('2026-09-21-21-55-43-136','R1-C4 - Chassis-part 4',$,(#1900));
#1902=PRESENTATION_STYLE_ASSIGNMENT((#1903));
#1903=SURFACE_STYLE_USAGE(.BOTH.,#1904);
#1904=SURFACE_SIDE_STYLE('',(#1905));
#1905=SURFACE_STYLE_FILL_AREA(#1906);
#1906=FILL_AREA_STYLE('Acier - Satin\X\E9',(#1907));
#1907=FILL_AREA_STYLE_COLOUR('Acier - Satin\X\E9',#1908);
#1908=COLOUR_RGB('Acier - Satin\X\E9',0.627450980392157,0.627450980392157,
0.627450980392157);
ENDSEC;
END-ISO-10303-21;
