ISO-10303-21;
HEADER;
/* Generated by software containing ST-Developer
 * from STEP Tools, Inc. (www.steptools.com) 
 */

FILE_DESCRIPTION(
/* description */ (''),
/* implementation_level */ '2;1');

FILE_NAME(
/* name */ 'R1-C4 - Chassis-part 2.step',
/* time_stamp */ '2026-10-01T19:35:57+02:00',
/* author */ (''),
/* organization */ (''),
/* preprocessor_version */ 'ST-DEVELOPER v20.2',
/* originating_system */ 'Autodesk Translation Framework v15.15.0.0',
/* authorisation */ '');

FILE_SCHEMA (('AUTOMOTIVE_DESIGN { 1 0 10303 214 3 1 1 }'));
ENDSEC;

DATA;
#10=MECHANICAL_DESIGN_GEOMETRIC_PRESENTATION_REPRESENTATION('',(#13),#3323);
#11=SHAPE_REPRESENTATION_RELATIONSHIP('SRR','None',#3330,#12);
#12=ADVANCED_BREP_SHAPE_REPRESENTATION('',(#14),#3322);
#13=STYLED_ITEM('',(#3339),#14);
#14=MANIFOLD_SOLID_BREP('Corps2',#1750);
#15=B_SPLINE_CURVE_WITH_KNOTS('',3,(#2557,#2558,#2559,#2560,#2561,#2562,
#2563,#2564,#2565,#2566),.UNSPECIFIED.,.F.,.F.,(4,2,2,2,4),(-0.301449507842176,
-0.226057895177456,-0.150666282512737,-0.0753331412563683,0.),
 .UNSPECIFIED.);
#16=B_SPLINE_CURVE_WITH_KNOTS('',3,(#2570,#2571,#2572,#2573,#2574,#2575,
#2576,#2577,#2578,#2579),.UNSPECIFIED.,.F.,.F.,(4,2,2,2,4),(0.,0.0753331412563676,
0.150666282512735,0.226057895177457,0.301449507842178),.UNSPECIFIED.);
#17=B_SPLINE_CURVE_WITH_KNOTS('',3,(#2587,#2588,#2589,#2590,#2591,#2592,
#2593,#2594,#2595,#2596),.UNSPECIFIED.,.F.,.F.,(4,2,2,2,4),(0.,0.0753331412563712,
0.150666282512742,0.226057895177462,0.301449507842181),.UNSPECIFIED.);
#18=B_SPLINE_CURVE_WITH_KNOTS('',3,(#2600,#2601,#2602,#2603,#2604,#2605,
#2606,#2607,#2608,#2609),.UNSPECIFIED.,.F.,.F.,(4,2,2,2,4),(0.301529201210101,
0.376920813874821,0.452312426539541,0.527645567795909,0.602978709052277),
 .UNSPECIFIED.);
#19=B_SPLINE_CURVE_WITH_KNOTS('',3,(#2613,#2614,#2615,#2616,#2617,#2618,
#2619,#2620,#2621,#2622),.UNSPECIFIED.,.F.,.F.,(4,2,2,2,4),(0.602978709052281,
0.678311850308653,0.753644991565025,0.829036604229744,0.904428216894463),
 .UNSPECIFIED.);
#20=B_SPLINE_CURVE_WITH_KNOTS('',3,(#2625,#2626,#2627,#2628,#2629,#2630,
#2631,#2632,#2633,#2634),.UNSPECIFIED.,.F.,.F.,(4,2,2,2,4),(-0.301449507842181,
-0.226057895177461,-0.150666282512741,-0.0753331412563703,0.),
 .UNSPECIFIED.);
#21=B_SPLINE_CURVE_WITH_KNOTS('',3,(#2643,#2644,#2645,#2646,#2647,#2648,
#2649,#2650,#2651,#2652),.UNSPECIFIED.,.F.,.F.,(4,2,2,2,4),(0.,0.0753331412563704,
0.150666282512741,0.22605789517746,0.30144950784218),.UNSPECIFIED.);
#22=B_SPLINE_CURVE_WITH_KNOTS('',3,(#2655,#2656,#2657,#2658,#2659,#2660,
#2661,#2662,#2663,#2664),.UNSPECIFIED.,.F.,.F.,(4,2,2,2,4),(-0.301449507842179,
-0.226057895177459,-0.15066628251274,-0.0753331412563698,0.),
 .UNSPECIFIED.);
#23=B_SPLINE_CURVE_WITH_KNOTS('',3,(#2669,#2670,#2671,#2672,#2673,#2674,
#2675,#2676,#2677,#2678),.UNSPECIFIED.,.F.,.F.,(4,2,2,2,4),(0.,0.0753331412563701,
0.15066628251274,0.22605789517746,0.301449507842179),.UNSPECIFIED.);
#24=B_SPLINE_CURVE_WITH_KNOTS('',3,(#2682,#2683,#2684,#2685,#2686,#2687,
#2688,#2689,#2690,#2691),.UNSPECIFIED.,.F.,.F.,(4,2,2,2,4),(-0.301449507842179,
-0.22605789517746,-0.15066628251274,-0.0753331412563698,0.),
 .UNSPECIFIED.);
#25=B_SPLINE_CURVE_WITH_KNOTS('',3,(#2695,#2696,#2697,#2698,#2699,#2700,
#2701,#2702,#2703,#2704),.UNSPECIFIED.,.F.,.F.,(4,2,2,2,4),(0.,0.0753331412563699,
0.15066628251274,0.226057895177459,0.301449507842179),.UNSPECIFIED.);
#26=B_SPLINE_CURVE_WITH_KNOTS('',3,(#2707,#2708,#2709,#2710,#2711,#2712,
#2713,#2714,#2715,#2716),.UNSPECIFIED.,.F.,.F.,(4,2,2,2,4),(0.301529204052198,
0.376920816716917,0.452312429381636,0.527645570638007,0.602978711894378),
 .UNSPECIFIED.);
#27=B_SPLINE_CURVE_WITH_KNOTS('',3,(#2721,#2722,#2723,#2724,#2725,#2726,
#2727,#2728,#2729,#2730),.UNSPECIFIED.,.F.,.F.,(4,2,2,2,4),(-0.30144950784218,
-0.226057895177462,-0.150666282512743,-0.0753331412563714,0.),
 .UNSPECIFIED.);
#28=B_SPLINE_CURVE_WITH_KNOTS('',3,(#2734,#2735,#2736,#2737,#2738,#2739,
#2740,#2741,#2742,#2743),.UNSPECIFIED.,.F.,.F.,(4,2,2,2,4),(0.602978709052279,
0.67831185030865,0.753644991565022,0.82903660422974,0.904428216894458),
 .UNSPECIFIED.);
#29=B_SPLINE_CURVE_WITH_KNOTS('',3,(#2747,#2748,#2749,#2750,#2751,#2752,
#2753,#2754,#2755,#2756),.UNSPECIFIED.,.F.,.F.,(4,2,2,2,4),(-0.301449507842179,
-0.22605789517746,-0.150666282512741,-0.0753331412563707,0.),
 .UNSPECIFIED.);
#30=B_SPLINE_CURVE_WITH_KNOTS('',3,(#2759,#2760,#2761,#2762,#2763,#2764,
#2765,#2766,#2767,#2768),.UNSPECIFIED.,.F.,.F.,(4,2,2,2,4),(0.,0.0753331412563703,
0.150666282512741,0.22605789517746,0.30144950784218),.UNSPECIFIED.);
#31=B_SPLINE_CURVE_WITH_KNOTS('',3,(#2771,#2772,#2773,#2774,#2775,#2776,
#2777,#2778,#2779,#2780),.UNSPECIFIED.,.F.,.F.,(4,2,2,2,4),(0.,0.0753331412563684,
0.150666282512737,0.226057895177456,0.301449507842176),.UNSPECIFIED.);
#32=B_SPLINE_CURVE_WITH_KNOTS('',3,(#2784,#2785,#2786,#2787,#2788,#2789,
#2790,#2791,#2792,#2793),.UNSPECIFIED.,.F.,.F.,(4,2,2,2,4),(0.3015292040522,
0.376909208499042,0.452289212945884,0.527633962559128,0.602978712172371),
 .UNSPECIFIED.);
#33=B_SPLINE_CURVE_WITH_KNOTS('',3,(#2797,#2798,#2799,#2800,#2801,#2802,
#2803,#2804,#2805,#2806),.UNSPECIFIED.,.F.,.F.,(4,2,2,2,4),(0.602978709052281,
0.678311850308651,0.753644991565021,0.82903660422974,0.90442821689446),
 .UNSPECIFIED.);
#34=B_SPLINE_CURVE_WITH_KNOTS('',3,(#2810,#2811,#2812,#2813,#2814,#2815,
#2816,#2817,#2818,#2819),.UNSPECIFIED.,.F.,.F.,(4,2,2,2,4),(-0.30144950784218,
-0.226057895177462,-0.150666282512744,-0.075333141256372,0.),
 .UNSPECIFIED.);
#35=B_SPLINE_CURVE_WITH_KNOTS('',3,(#2823,#2824,#2825,#2826,#2827,#2828,
#2829,#2830,#2831,#2832),.UNSPECIFIED.,.F.,.F.,(4,2,2,2,4),(0.,0.0753331412563694,
0.150666282512739,0.226057895177459,0.30144950784218),.UNSPECIFIED.);
#36=B_SPLINE_CURVE_WITH_KNOTS('',3,(#2836,#2837,#2838,#2839,#2840,#2841,
#2842,#2843,#2844,#2845),.UNSPECIFIED.,.F.,.F.,(4,2,2,2,4),(0.301529201210102,
0.376920813874823,0.452312426539543,0.527645567795913,0.602978709052282),
 .UNSPECIFIED.);
#37=B_SPLINE_CURVE_WITH_KNOTS('',3,(#2849,#2850,#2851,#2852,#2853,#2854,
#2855,#2856,#2857,#2858),.UNSPECIFIED.,.F.,.F.,(4,2,2,2,4),(0.602978709052279,
0.678311850308649,0.753644991565019,0.829036604229737,0.904428216894456),
 .UNSPECIFIED.);
#38=B_SPLINE_CURVE_WITH_KNOTS('',3,(#2862,#2863,#2864,#2865,#2866,#2867,
#2868,#2869,#2870,#2871),.UNSPECIFIED.,.F.,.F.,(4,2,2,2,4),(-0.301449507842179,
-0.226057895177459,-0.15066628251274,-0.07533314125637,0.),
 .UNSPECIFIED.);
#39=B_SPLINE_CURVE_WITH_KNOTS('',3,(#2880,#2881,#2882,#2883,#2884,#2885,
#2886,#2887,#2888,#2889),.UNSPECIFIED.,.F.,.F.,(4,2,2,2,4),(0.904668605903017,
0.980079166067229,1.05548972623144,1.13082140201162,1.2061530777918),
 .UNSPECIFIED.);
#40=B_SPLINE_CURVE_WITH_KNOTS('',3,(#2908,#2909,#2910,#2911,#2912,#2913,
#2914,#2915,#2916,#2917),.UNSPECIFIED.,.F.,.F.,(4,2,2,2,4),(0.301592067007113,
0.377002627171324,0.452413187335535,0.527744863115718,0.6030765388959),
 .UNSPECIFIED.);
#41=B_SPLINE_CURVE_WITH_KNOTS('',3,(#2921,#2922,#2923,#2924,#2925,#2926,
#2927,#2928,#2929,#2930),.UNSPECIFIED.,.F.,.F.,(4,2,2,2,4),(0.,0.0753316757801827,
0.150663351560365,0.226073911724576,0.301484471888787),.UNSPECIFIED.);
#42=B_SPLINE_CURVE_WITH_KNOTS('',3,(#2938,#2939,#2940,#2941,#2942,#2943,
#2944,#2945,#2946,#2947),.UNSPECIFIED.,.F.,.F.,(4,2,2,2,4),(0.,0.0753316757801823,
0.150663351560365,0.226073911724576,0.301484471888787),.UNSPECIFIED.);
#43=B_SPLINE_CURVE_WITH_KNOTS('',3,(#2956,#2957,#2958,#2959,#2960,#2961,
#2962,#2963,#2964,#2965),.UNSPECIFIED.,.F.,.F.,(4,2,2,2,4),(0.603076538895899,
0.678408214676082,0.753739890456265,0.829150450620475,0.904561010784686),
 .UNSPECIFIED.);
#44=B_SPLINE_CURVE_WITH_KNOTS('',3,(#2975,#2976,#2977,#2978,#2979,#2980,
#2981,#2982,#2983,#2984),.UNSPECIFIED.,.F.,.F.,(4,2,2,2,4),(0.603076538895899,
0.678408214676082,0.753739890456266,0.829150450620475,0.904561010784685),
 .UNSPECIFIED.);
#45=B_SPLINE_CURVE_WITH_KNOTS('',3,(#2994,#2995,#2996,#2997,#2998,#2999,
#3000,#3001,#3002,#3003),.UNSPECIFIED.,.F.,.F.,(4,2,2,2,4),(0.603076538895899,
0.678408214676081,0.753739890456263,0.829150450620473,0.904561010784683),
 .UNSPECIFIED.);
#46=B_SPLINE_CURVE_WITH_KNOTS('',3,(#3011,#3012,#3013,#3014,#3015,#3016,
#3017,#3018,#3019,#3020),.UNSPECIFIED.,.F.,.F.,(4,2,2,2,4),(0.603076538895902,
0.678408214676084,0.753739890456266,0.829150450620477,0.904561010784687),
 .UNSPECIFIED.);
#47=B_SPLINE_CURVE_WITH_KNOTS('',3,(#3028,#3029,#3030,#3031,#3032,#3033,
#3034,#3035,#3036,#3037),.UNSPECIFIED.,.F.,.F.,(4,2,2,2,4),(0.,0.0753316757801814,
0.150663351560363,0.226073911724575,0.301484471888786),.UNSPECIFIED.);
#48=B_SPLINE_CURVE_WITH_KNOTS('',3,(#3047,#3048,#3049,#3050,#3051,#3052,
#3053,#3054,#3055,#3056),.UNSPECIFIED.,.F.,.F.,(4,2,2,2,4),(0.,0.0753316757801814,
0.150663351560363,0.226073911724574,0.301484471888786),.UNSPECIFIED.);
#49=B_SPLINE_CURVE_WITH_KNOTS('',3,(#3066,#3067,#3068,#3069,#3070,#3071,
#3072,#3073,#3074,#3075),.UNSPECIFIED.,.F.,.F.,(4,2,2,2,4),(-0.301484471888787,
-0.226073911724576,-0.150663351560366,-0.075331675780183,0.),
 .UNSPECIFIED.);
#50=B_SPLINE_CURVE_WITH_KNOTS('',3,(#3094,#3095,#3096,#3097,#3098,#3099,
#3100,#3101,#3102,#3103),.UNSPECIFIED.,.F.,.F.,(4,2,2,2,4),(-0.301484471888786,
-0.226073911724576,-0.150663351560367,-0.0753316757801836,0.),
 .UNSPECIFIED.);
#51=B_SPLINE_CURVE_WITH_KNOTS('',3,(#3107,#3108,#3109,#3110,#3111,#3112,
#3113,#3114,#3115,#3116),.UNSPECIFIED.,.F.,.F.,(4,2,2,2,4),(-0.301484471888786,
-0.226073911724575,-0.150663351560364,-0.0753316757801819,0.),
 .UNSPECIFIED.);
#52=B_SPLINE_CURVE_WITH_KNOTS('',3,(#3119,#3120,#3121,#3122,#3123,#3124,
#3125,#3126,#3127,#3128),.UNSPECIFIED.,.F.,.F.,(4,2,2,2,4),(-0.301484471888785,
-0.226073911724575,-0.150663351560365,-0.0753316757801827,0.),
 .UNSPECIFIED.);
#53=B_SPLINE_CURVE_WITH_KNOTS('',3,(#3130,#3131,#3132,#3133,#3134,#3135,
#3136,#3137,#3138,#3139),.UNSPECIFIED.,.F.,.F.,(4,2,2,2,4),(-0.301484471888786,
-0.226073911724576,-0.150663351560366,-0.075331675780183,0.),
 .UNSPECIFIED.);
#54=B_SPLINE_CURVE_WITH_KNOTS('',3,(#3143,#3144,#3145,#3146,#3147,#3148,
#3149,#3150,#3151,#3152),.UNSPECIFIED.,.F.,.F.,(4,2,2,2,4),(-0.301484471888787,
-0.226073911724576,-0.150663351560365,-0.0753316757801825,0.),
 .UNSPECIFIED.);
#55=B_SPLINE_CURVE_WITH_KNOTS('',3,(#3175,#3176,#3177,#3178,#3179,#3180,
#3181,#3182,#3183,#3184),.UNSPECIFIED.,.F.,.F.,(4,2,2,2,4),(-0.301484471888787,
-0.226073911724576,-0.150663351560365,-0.0753316757801823,0.),
 .UNSPECIFIED.);
#56=B_SPLINE_CURVE_WITH_KNOTS('',3,(#3207,#3208,#3209,#3210,#3211,#3212,
#3213,#3214,#3215,#3216),.UNSPECIFIED.,.F.,.F.,(4,2,2,2,4),(0.,0.0753316757801833,
0.150663351560367,0.226073911724577,0.301484471888787),.UNSPECIFIED.);
#57=B_SPLINE_CURVE_WITH_KNOTS('',3,(#3221,#3222,#3223,#3224,#3225,#3226,
#3227,#3228,#3229,#3230),.UNSPECIFIED.,.F.,.F.,(4,2,2,2,4),(0.301592067007111,
0.377002627171323,0.452413187335534,0.527744863115716,0.603076538895897),
 .UNSPECIFIED.);
#58=B_SPLINE_CURVE_WITH_KNOTS('',3,(#3233,#3234,#3235,#3236,#3237,#3238,
#3239,#3240,#3241,#3242),.UNSPECIFIED.,.F.,.F.,(4,2,2,2,4),(0.,0.0753316757801818,
0.150663351560364,0.226073911724574,0.301484471888785),.UNSPECIFIED.);
#59=B_SPLINE_CURVE_WITH_KNOTS('',3,(#3247,#3248,#3249,#3250,#3251,#3252,
#3253,#3254,#3255,#3256),.UNSPECIFIED.,.F.,.F.,(4,2,2,2,4),(0.301592067007113,
0.377002627171323,0.452413187335533,0.527744863115716,0.6030765388959),
 .UNSPECIFIED.);
#60=B_SPLINE_CURVE_WITH_KNOTS('',3,(#3259,#3260,#3261,#3262,#3263,#3264,
#3265,#3266,#3267,#3268),.UNSPECIFIED.,.F.,.F.,(4,2,2,2,4),(0.,0.0753316757801818,
0.150663351560364,0.226073911724574,0.301484471888785),.UNSPECIFIED.);
#61=B_SPLINE_CURVE_WITH_KNOTS('',3,(#3273,#3274,#3275,#3276,#3277,#3278,
#3279,#3280,#3281,#3282),.UNSPECIFIED.,.F.,.F.,(4,2,2,2,4),(0.301592067007114,
0.377002627171324,0.452413187335533,0.527744863115717,0.6030765388959),
 .UNSPECIFIED.);
#62=B_SPLINE_CURVE_WITH_KNOTS('',3,(#3285,#3286,#3287,#3288,#3289,#3290,
#3291,#3292,#3293,#3294),.UNSPECIFIED.,.F.,.F.,(4,2,2,2,4),(0.,0.0753316757801833,
0.150663351560367,0.226073911724576,0.301484471888786),.UNSPECIFIED.);
#63=TOROIDAL_SURFACE('',#1796,4.00000000000001,1.);
#64=TOROIDAL_SURFACE('',#1808,4.00000000000001,1.);
#65=CYLINDRICAL_SURFACE('',#1776,3.2);
#66=CYLINDRICAL_SURFACE('',#1780,3.19999999999999);
#67=CYLINDRICAL_SURFACE('',#1790,3.2);
#68=CYLINDRICAL_SURFACE('',#1794,3.2);
#69=CYLINDRICAL_SURFACE('',#1806,3.00000000000001);
#70=CYLINDRICAL_SURFACE('',#1812,3.00000000000001);
#71=CYLINDRICAL_SURFACE('',#1814,2.20000000000001);
#72=CYLINDRICAL_SURFACE('',#1816,2.20000000000001);
#73=CYLINDRICAL_SURFACE('',#1818,2.20000000000001);
#74=CYLINDRICAL_SURFACE('',#1822,2.20000000000001);
#75=CYLINDRICAL_SURFACE('',#1824,2.19999999999999);
#76=CYLINDRICAL_SURFACE('',#1826,2.20000000000001);
#77=CYLINDRICAL_SURFACE('',#1828,2.2);
#78=CYLINDRICAL_SURFACE('',#1830,2.2);
#79=CYLINDRICAL_SURFACE('',#1832,2.2);
#80=CYLINDRICAL_SURFACE('',#1837,137.16);
#81=CYLINDRICAL_SURFACE('',#1854,2.);
#82=CYLINDRICAL_SURFACE('',#1856,2.);
#83=CYLINDRICAL_SURFACE('',#1857,2.);
#84=CYLINDRICAL_SURFACE('',#1860,2.);
#85=CYLINDRICAL_SURFACE('',#1863,2.);
#86=CYLINDRICAL_SURFACE('',#1866,2.);
#87=CYLINDRICAL_SURFACE('',#1869,2.);
#88=CYLINDRICAL_SURFACE('',#1872,2.);
#89=CYLINDRICAL_SURFACE('',#1875,2.);
#90=CYLINDRICAL_SURFACE('',#1878,2.);
#91=CYLINDRICAL_SURFACE('',#1881,2.);
#92=CYLINDRICAL_SURFACE('',#1883,2.);
#93=CYLINDRICAL_SURFACE('',#1884,2.);
#94=CYLINDRICAL_SURFACE('',#1885,2.);
#95=CYLINDRICAL_SURFACE('',#1886,2.);
#96=CYLINDRICAL_SURFACE('',#1887,2.);
#97=CYLINDRICAL_SURFACE('',#1891,2.);
#98=CYLINDRICAL_SURFACE('',#1893,2.);
#99=CYLINDRICAL_SURFACE('',#1896,2.);
#100=CYLINDRICAL_SURFACE('',#1897,2.);
#101=CYLINDRICAL_SURFACE('',#1900,2.);
#102=CYLINDRICAL_SURFACE('',#1901,2.);
#103=CYLINDRICAL_SURFACE('',#1904,2.);
#104=CYLINDRICAL_SURFACE('',#1905,2.);
#105=CYLINDRICAL_SURFACE('',#1908,118.11);
#106=CYLINDRICAL_SURFACE('',#1909,118.11);
#107=CYLINDRICAL_SURFACE('',#1910,118.11);
#108=CYLINDRICAL_SURFACE('',#1914,118.11);
#109=CYLINDRICAL_SURFACE('',#1915,118.11);
#110=CYLINDRICAL_SURFACE('',#1916,118.11);
#111=CYLINDRICAL_SURFACE('',#1918,118.11);
#112=FACE_BOUND('',#265,.T.);
#113=FACE_BOUND('',#266,.T.);
#114=FACE_BOUND('',#267,.T.);
#115=FACE_BOUND('',#268,.T.);
#116=FACE_BOUND('',#269,.T.);
#117=FACE_BOUND('',#275,.T.);
#118=FACE_BOUND('',#276,.T.);
#119=FACE_BOUND('',#277,.T.);
#120=FACE_BOUND('',#278,.T.);
#121=FACE_BOUND('',#279,.T.);
#122=FACE_BOUND('',#285,.T.);
#123=FACE_BOUND('',#286,.T.);
#124=FACE_BOUND('',#287,.T.);
#125=FACE_BOUND('',#288,.T.);
#126=FACE_BOUND('',#289,.T.);
#127=FACE_BOUND('',#307,.T.);
#128=FACE_BOUND('',#308,.T.);
#129=FACE_BOUND('',#309,.T.);
#130=FACE_BOUND('',#310,.T.);
#131=FACE_BOUND('',#311,.T.);
#132=FACE_BOUND('',#312,.T.);
#133=FACE_BOUND('',#320,.T.);
#134=FACE_BOUND('',#321,.T.);
#135=FACE_BOUND('',#338,.T.);
#136=FACE_BOUND('',#339,.T.);
#137=FACE_BOUND('',#340,.T.);
#138=FACE_BOUND('',#341,.T.);
#139=FACE_BOUND('',#342,.T.);
#140=FACE_BOUND('',#353,.T.);
#141=FACE_BOUND('',#354,.T.);
#142=FACE_BOUND('',#355,.T.);
#143=FACE_BOUND('',#358,.T.);
#144=FACE_BOUND('',#359,.T.);
#145=FACE_BOUND('',#378,.T.);
#146=PLANE('',#1767);
#147=PLANE('',#1785);
#148=PLANE('',#1801);
#149=PLANE('',#1820);
#150=PLANE('',#1821);
#151=PLANE('',#1834);
#152=PLANE('',#1836);
#153=PLANE('',#1852);
#154=PLANE('',#1853);
#155=PLANE('',#1855);
#156=PLANE('',#1858);
#157=PLANE('',#1861);
#158=PLANE('',#1864);
#159=PLANE('',#1867);
#160=PLANE('',#1870);
#161=PLANE('',#1873);
#162=PLANE('',#1876);
#163=PLANE('',#1879);
#164=PLANE('',#1882);
#165=PLANE('',#1888);
#166=PLANE('',#1889);
#167=PLANE('',#1890);
#168=PLANE('',#1892);
#169=PLANE('',#1894);
#170=PLANE('',#1898);
#171=PLANE('',#1902);
#172=PLANE('',#1906);
#173=PLANE('',#1913);
#174=PLANE('',#1919);
#175=PLANE('',#1920);
#176=PLANE('',#1921);
#177=PLANE('',#1922);
#178=FACE_OUTER_BOUND('',#263,.T.);
#179=FACE_OUTER_BOUND('',#264,.T.);
#180=FACE_OUTER_BOUND('',#270,.T.);
#181=FACE_OUTER_BOUND('',#271,.T.);
#182=FACE_OUTER_BOUND('',#272,.T.);
#183=FACE_OUTER_BOUND('',#273,.T.);
#184=FACE_OUTER_BOUND('',#274,.T.);
#185=FACE_OUTER_BOUND('',#280,.T.);
#186=FACE_OUTER_BOUND('',#281,.T.);
#187=FACE_OUTER_BOUND('',#282,.T.);
#188=FACE_OUTER_BOUND('',#283,.T.);
#189=FACE_OUTER_BOUND('',#284,.T.);
#190=FACE_OUTER_BOUND('',#290,.T.);
#191=FACE_OUTER_BOUND('',#291,.T.);
#192=FACE_OUTER_BOUND('',#292,.T.);
#193=FACE_OUTER_BOUND('',#293,.T.);
#194=FACE_OUTER_BOUND('',#294,.T.);
#195=FACE_OUTER_BOUND('',#295,.T.);
#196=FACE_OUTER_BOUND('',#296,.T.);
#197=FACE_OUTER_BOUND('',#297,.T.);
#198=FACE_OUTER_BOUND('',#298,.T.);
#199=FACE_OUTER_BOUND('',#299,.T.);
#200=FACE_OUTER_BOUND('',#300,.T.);
#201=FACE_OUTER_BOUND('',#301,.T.);
#202=FACE_OUTER_BOUND('',#302,.T.);
#203=FACE_OUTER_BOUND('',#303,.T.);
#204=FACE_OUTER_BOUND('',#304,.T.);
#205=FACE_OUTER_BOUND('',#305,.T.);
#206=FACE_OUTER_BOUND('',#306,.T.);
#207=FACE_OUTER_BOUND('',#313,.T.);
#208=FACE_OUTER_BOUND('',#314,.T.);
#209=FACE_OUTER_BOUND('',#315,.T.);
#210=FACE_OUTER_BOUND('',#316,.T.);
#211=FACE_OUTER_BOUND('',#317,.T.);
#212=FACE_OUTER_BOUND('',#318,.T.);
#213=FACE_OUTER_BOUND('',#319,.T.);
#214=FACE_OUTER_BOUND('',#322,.T.);
#215=FACE_OUTER_BOUND('',#323,.T.);
#216=FACE_OUTER_BOUND('',#324,.T.);
#217=FACE_OUTER_BOUND('',#325,.T.);
#218=FACE_OUTER_BOUND('',#326,.T.);
#219=FACE_OUTER_BOUND('',#327,.T.);
#220=FACE_OUTER_BOUND('',#328,.T.);
#221=FACE_OUTER_BOUND('',#329,.T.);
#222=FACE_OUTER_BOUND('',#330,.T.);
#223=FACE_OUTER_BOUND('',#331,.T.);
#224=FACE_OUTER_BOUND('',#332,.T.);
#225=FACE_OUTER_BOUND('',#333,.T.);
#226=FACE_OUTER_BOUND('',#334,.T.);
#227=FACE_OUTER_BOUND('',#335,.T.);
#228=FACE_OUTER_BOUND('',#336,.T.);
#229=FACE_OUTER_BOUND('',#337,.T.);
#230=FACE_OUTER_BOUND('',#343,.T.);
#231=FACE_OUTER_BOUND('',#344,.T.);
#232=FACE_OUTER_BOUND('',#345,.T.);
#233=FACE_OUTER_BOUND('',#346,.T.);
#234=FACE_OUTER_BOUND('',#347,.T.);
#235=FACE_OUTER_BOUND('',#348,.T.);
#236=FACE_OUTER_BOUND('',#349,.T.);
#237=FACE_OUTER_BOUND('',#350,.T.);
#238=FACE_OUTER_BOUND('',#351,.T.);
#239=FACE_OUTER_BOUND('',#352,.T.);
#240=FACE_OUTER_BOUND('',#356,.T.);
#241=FACE_OUTER_BOUND('',#357,.T.);
#242=FACE_OUTER_BOUND('',#360,.T.);
#243=FACE_OUTER_BOUND('',#361,.T.);
#244=FACE_OUTER_BOUND('',#362,.T.);
#245=FACE_OUTER_BOUND('',#363,.T.);
#246=FACE_OUTER_BOUND('',#364,.T.);
#247=FACE_OUTER_BOUND('',#365,.T.);
#248=FACE_OUTER_BOUND('',#366,.T.);
#249=FACE_OUTER_BOUND('',#367,.T.);
#250=FACE_OUTER_BOUND('',#368,.T.);
#251=FACE_OUTER_BOUND('',#369,.T.);
#252=FACE_OUTER_BOUND('',#370,.T.);
#253=FACE_OUTER_BOUND('',#371,.T.);
#254=FACE_OUTER_BOUND('',#372,.T.);
#255=FACE_OUTER_BOUND('',#373,.T.);
#256=FACE_OUTER_BOUND('',#374,.T.);
#257=FACE_OUTER_BOUND('',#375,.T.);
#258=FACE_OUTER_BOUND('',#376,.T.);
#259=FACE_OUTER_BOUND('',#377,.T.);
#260=FACE_OUTER_BOUND('',#379,.T.);
#261=FACE_OUTER_BOUND('',#380,.T.);
#262=FACE_OUTER_BOUND('',#381,.T.);
#263=EDGE_LOOP('',(#1149,#1150,#1151,#1152));
#264=EDGE_LOOP('',(#1153,#1154,#1155,#1156,#1157,#1158,#1159,#1160,#1161,
#1162,#1163,#1164,#1165,#1166,#1167,#1168));
#265=EDGE_LOOP('',(#1169));
#266=EDGE_LOOP('',(#1170));
#267=EDGE_LOOP('',(#1171));
#268=EDGE_LOOP('',(#1172));
#269=EDGE_LOOP('',(#1173));
#270=EDGE_LOOP('',(#1174,#1175,#1176,#1177));
#271=EDGE_LOOP('',(#1178,#1179,#1180,#1181));
#272=EDGE_LOOP('',(#1182,#1183,#1184,#1185));
#273=EDGE_LOOP('',(#1186,#1187,#1188,#1189));
#274=EDGE_LOOP('',(#1190,#1191,#1192,#1193));
#275=EDGE_LOOP('',(#1194));
#276=EDGE_LOOP('',(#1195));
#277=EDGE_LOOP('',(#1196));
#278=EDGE_LOOP('',(#1197));
#279=EDGE_LOOP('',(#1198));
#280=EDGE_LOOP('',(#1199,#1200,#1201,#1202));
#281=EDGE_LOOP('',(#1203,#1204,#1205,#1206));
#282=EDGE_LOOP('',(#1207,#1208,#1209,#1210));
#283=EDGE_LOOP('',(#1211,#1212,#1213,#1214,#1215));
#284=EDGE_LOOP('',(#1216,#1217,#1218,#1219));
#285=EDGE_LOOP('',(#1220));
#286=EDGE_LOOP('',(#1221));
#287=EDGE_LOOP('',(#1222));
#288=EDGE_LOOP('',(#1223));
#289=EDGE_LOOP('',(#1224));
#290=EDGE_LOOP('',(#1225,#1226,#1227,#1228,#1229));
#291=EDGE_LOOP('',(#1230,#1231,#1232,#1233,#1234));
#292=EDGE_LOOP('',(#1235,#1236,#1237,#1238,#1239));
#293=EDGE_LOOP('',(#1240,#1241,#1242,#1243));
#294=EDGE_LOOP('',(#1244,#1245,#1246,#1247));
#295=EDGE_LOOP('',(#1248,#1249,#1250,#1251));
#296=EDGE_LOOP('',(#1252));
#297=EDGE_LOOP('',(#1253));
#298=EDGE_LOOP('',(#1254,#1255,#1256,#1257));
#299=EDGE_LOOP('',(#1258,#1259,#1260,#1261));
#300=EDGE_LOOP('',(#1262,#1263,#1264,#1265));
#301=EDGE_LOOP('',(#1266,#1267,#1268,#1269));
#302=EDGE_LOOP('',(#1270,#1271,#1272,#1273));
#303=EDGE_LOOP('',(#1274,#1275,#1276,#1277));
#304=EDGE_LOOP('',(#1278,#1279,#1280,#1281));
#305=EDGE_LOOP('',(#1282,#1283,#1284,#1285));
#306=EDGE_LOOP('',(#1286,#1287,#1288,#1289,#1290,#1291,#1292,#1293,#1294,
#1295));
#307=EDGE_LOOP('',(#1296,#1297,#1298,#1299,#1300,#1301,#1302,#1303));
#308=EDGE_LOOP('',(#1304,#1305,#1306,#1307,#1308,#1309));
#309=EDGE_LOOP('',(#1310,#1311,#1312,#1313,#1314,#1315,#1316,#1317));
#310=EDGE_LOOP('',(#1318,#1319,#1320,#1321,#1322,#1323,#1324,#1325));
#311=EDGE_LOOP('',(#1326,#1327,#1328,#1329,#1330,#1331,#1332,#1333));
#312=EDGE_LOOP('',(#1334,#1335,#1336,#1337,#1338,#1339,#1340,#1341));
#313=EDGE_LOOP('',(#1342,#1343,#1344,#1345));
#314=EDGE_LOOP('',(#1346,#1347,#1348,#1349));
#315=EDGE_LOOP('',(#1350,#1351,#1352,#1353));
#316=EDGE_LOOP('',(#1354,#1355,#1356,#1357,#1358,#1359,#1360,#1361,#1362,
#1363,#1364,#1365));
#317=EDGE_LOOP('',(#1366,#1367,#1368,#1369));
#318=EDGE_LOOP('',(#1370,#1371,#1372,#1373));
#319=EDGE_LOOP('',(#1374,#1375,#1376,#1377));
#320=EDGE_LOOP('',(#1378));
#321=EDGE_LOOP('',(#1379));
#322=EDGE_LOOP('',(#1380,#1381,#1382,#1383));
#323=EDGE_LOOP('',(#1384,#1385,#1386,#1387));
#324=EDGE_LOOP('',(#1388,#1389,#1390,#1391));
#325=EDGE_LOOP('',(#1392,#1393,#1394,#1395));
#326=EDGE_LOOP('',(#1396,#1397,#1398,#1399));
#327=EDGE_LOOP('',(#1400,#1401,#1402,#1403));
#328=EDGE_LOOP('',(#1404,#1405,#1406,#1407));
#329=EDGE_LOOP('',(#1408,#1409,#1410,#1411));
#330=EDGE_LOOP('',(#1412,#1413,#1414,#1415));
#331=EDGE_LOOP('',(#1416,#1417,#1418,#1419));
#332=EDGE_LOOP('',(#1420,#1421,#1422,#1423));
#333=EDGE_LOOP('',(#1424,#1425,#1426,#1427));
#334=EDGE_LOOP('',(#1428,#1429,#1430,#1431));
#335=EDGE_LOOP('',(#1432,#1433,#1434,#1435));
#336=EDGE_LOOP('',(#1436,#1437,#1438,#1439));
#337=EDGE_LOOP('',(#1440,#1441,#1442,#1443,#1444,#1445,#1446,#1447,#1448,
#1449,#1450,#1451,#1452,#1453,#1454,#1455,#1456,#1457,#1458,#1459,#1460,
#1461));
#338=EDGE_LOOP('',(#1462));
#339=EDGE_LOOP('',(#1463));
#340=EDGE_LOOP('',(#1464));
#341=EDGE_LOOP('',(#1465));
#342=EDGE_LOOP('',(#1466));
#343=EDGE_LOOP('',(#1467,#1468,#1469,#1470));
#344=EDGE_LOOP('',(#1471,#1472,#1473,#1474));
#345=EDGE_LOOP('',(#1475,#1476,#1477,#1478));
#346=EDGE_LOOP('',(#1479,#1480,#1481,#1482));
#347=EDGE_LOOP('',(#1483,#1484,#1485,#1486));
#348=EDGE_LOOP('',(#1487,#1488,#1489,#1490,#1491,#1492,#1493,#1494));
#349=EDGE_LOOP('',(#1495,#1496,#1497,#1498));
#350=EDGE_LOOP('',(#1499,#1500,#1501,#1502,#1503,#1504,#1505,#1506));
#351=EDGE_LOOP('',(#1507,#1508,#1509,#1510));
#352=EDGE_LOOP('',(#1511,#1512,#1513,#1514,#1515,#1516,#1517,#1518,#1519,
#1520,#1521,#1522,#1523,#1524,#1525,#1526,#1527,#1528));
#353=EDGE_LOOP('',(#1529));
#354=EDGE_LOOP('',(#1530));
#355=EDGE_LOOP('',(#1531));
#356=EDGE_LOOP('',(#1532,#1533,#1534,#1535));
#357=EDGE_LOOP('',(#1536,#1537,#1538,#1539));
#358=EDGE_LOOP('',(#1540));
#359=EDGE_LOOP('',(#1541));
#360=EDGE_LOOP('',(#1542,#1543,#1544,#1545));
#361=EDGE_LOOP('',(#1546,#1547,#1548,#1549));
#362=EDGE_LOOP('',(#1550,#1551,#1552,#1553));
#363=EDGE_LOOP('',(#1554,#1555,#1556,#1557));
#364=EDGE_LOOP('',(#1558,#1559,#1560,#1561));
#365=EDGE_LOOP('',(#1562,#1563,#1564,#1565));
#366=EDGE_LOOP('',(#1566,#1567,#1568,#1569));
#367=EDGE_LOOP('',(#1570,#1571,#1572,#1573));
#368=EDGE_LOOP('',(#1574,#1575,#1576,#1577));
#369=EDGE_LOOP('',(#1578,#1579,#1580,#1581,#1582,#1583,#1584,#1585));
#370=EDGE_LOOP('',(#1586,#1587,#1588,#1589,#1590,#1591,#1592,#1593));
#371=EDGE_LOOP('',(#1594,#1595,#1596,#1597,#1598,#1599,#1600,#1601,#1602,
#1603,#1604,#1605,#1606,#1607,#1608,#1609,#1610,#1611));
#372=EDGE_LOOP('',(#1612,#1613,#1614,#1615));
#373=EDGE_LOOP('',(#1616,#1617,#1618,#1619,#1620,#1621,#1622,#1623));
#374=EDGE_LOOP('',(#1624,#1625,#1626,#1627,#1628,#1629));
#375=EDGE_LOOP('',(#1630,#1631,#1632,#1633,#1634));
#376=EDGE_LOOP('',(#1635,#1636,#1637,#1638,#1639,#1640));
#377=EDGE_LOOP('',(#1641,#1642,#1643,#1644));
#378=EDGE_LOOP('',(#1645));
#379=EDGE_LOOP('',(#1646,#1647,#1648,#1649,#1650,#1651,#1652));
#380=EDGE_LOOP('',(#1653,#1654,#1655,#1656));
#381=EDGE_LOOP('',(#1657,#1658,#1659,#1660));
#382=LINE('',#2382,#516);
#383=LINE('',#2387,#517);
#384=LINE('',#2391,#518);
#385=LINE('',#2393,#519);
#386=LINE('',#2395,#520);
#387=LINE('',#2399,#521);
#388=LINE('',#2401,#522);
#389=LINE('',#2403,#523);
#390=LINE('',#2407,#524);
#391=LINE('',#2409,#525);
#392=LINE('',#2411,#526);
#393=LINE('',#2415,#527);
#394=LINE('',#2416,#528);
#395=LINE('',#2427,#529);
#396=LINE('',#2431,#530);
#397=LINE('',#2435,#531);
#398=LINE('',#2441,#532);
#399=LINE('',#2445,#533);
#400=LINE('',#2447,#534);
#401=LINE('',#2448,#535);
#402=LINE('',#2459,#536);
#403=LINE('',#2463,#537);
#404=LINE('',#2467,#538);
#405=LINE('',#2479,#539);
#406=LINE('',#2481,#540);
#407=LINE('',#2482,#541);
#408=LINE('',#2494,#542);
#409=LINE('',#2504,#543);
#410=LINE('',#2507,#544);
#411=LINE('',#2511,#545);
#412=LINE('',#2515,#546);
#413=LINE('',#2521,#547);
#414=LINE('',#2525,#548);
#415=LINE('',#2529,#549);
#416=LINE('',#2533,#550);
#417=LINE('',#2537,#551);
#418=LINE('',#2541,#552);
#419=LINE('',#2545,#553);
#420=LINE('',#2547,#554);
#421=LINE('',#2551,#555);
#422=LINE('',#2552,#556);
#423=LINE('',#2555,#557);
#424=LINE('',#2581,#558);
#425=LINE('',#2598,#559);
#426=LINE('',#2624,#560);
#427=LINE('',#2639,#561);
#428=LINE('',#2654,#562);
#429=LINE('',#2680,#563);
#430=LINE('',#2706,#564);
#431=LINE('',#2719,#565);
#432=LINE('',#2745,#566);
#433=LINE('',#2782,#567);
#434=LINE('',#2808,#568);
#435=LINE('',#2834,#569);
#436=LINE('',#2860,#570);
#437=LINE('',#2874,#571);
#438=LINE('',#2876,#572);
#439=LINE('',#2890,#573);
#440=LINE('',#2891,#574);
#441=LINE('',#2894,#575);
#442=LINE('',#2895,#576);
#443=LINE('',#2897,#577);
#444=LINE('',#2899,#578);
#445=LINE('',#2900,#579);
#446=LINE('',#2902,#580);
#447=LINE('',#2904,#581);
#448=LINE('',#2905,#582);
#449=LINE('',#2918,#583);
#450=LINE('',#2931,#584);
#451=LINE('',#2935,#585);
#452=LINE('',#2948,#586);
#453=LINE('',#2952,#587);
#454=LINE('',#2966,#588);
#455=LINE('',#2967,#589);
#456=LINE('',#2971,#590);
#457=LINE('',#2985,#591);
#458=LINE('',#2986,#592);
#459=LINE('',#2990,#593);
#460=LINE('',#3004,#594);
#461=LINE('',#3005,#595);
#462=LINE('',#3021,#596);
#463=LINE('',#3022,#597);
#464=LINE('',#3038,#598);
#465=LINE('',#3039,#599);
#466=LINE('',#3043,#600);
#467=LINE('',#3057,#601);
#468=LINE('',#3058,#602);
#469=LINE('',#3062,#603);
#470=LINE('',#3076,#604);
#471=LINE('',#3077,#605);
#472=LINE('',#3079,#606);
#473=LINE('',#3081,#607);
#474=LINE('',#3082,#608);
#475=LINE('',#3084,#609);
#476=LINE('',#3085,#610);
#477=LINE('',#3087,#611);
#478=LINE('',#3088,#612);
#479=LINE('',#3090,#613);
#480=LINE('',#3091,#614);
#481=LINE('',#3104,#615);
#482=LINE('',#3117,#616);
#483=LINE('',#3153,#617);
#484=LINE('',#3154,#618);
#485=LINE('',#3157,#619);
#486=LINE('',#3159,#620);
#487=LINE('',#3160,#621);
#488=LINE('',#3161,#622);
#489=LINE('',#3163,#623);
#490=LINE('',#3166,#624);
#491=LINE('',#3168,#625);
#492=LINE('',#3169,#626);
#493=LINE('',#3171,#627);
#494=LINE('',#3172,#628);
#495=LINE('',#3185,#629);
#496=LINE('',#3188,#630);
#497=LINE('',#3189,#631);
#498=LINE('',#3191,#632);
#499=LINE('',#3193,#633);
#500=LINE('',#3194,#634);
#501=LINE('',#3196,#635);
#502=LINE('',#3198,#636);
#503=LINE('',#3199,#637);
#504=LINE('',#3201,#638);
#505=LINE('',#3203,#639);
#506=LINE('',#3204,#640);
#507=LINE('',#3217,#641);
#508=LINE('',#3243,#642);
#509=LINE('',#3269,#643);
#510=LINE('',#3295,#644);
#511=LINE('',#3309,#645);
#512=LINE('',#3312,#646);
#513=LINE('',#3315,#647);
#514=LINE('',#3316,#648);
#515=LINE('',#3318,#649);
#516=VECTOR('',#1929,3.7);
#517=VECTOR('',#1934,10.);
#518=VECTOR('',#1937,10.);
#519=VECTOR('',#1938,10.);
#520=VECTOR('',#1939,10.);
#521=VECTOR('',#1942,10.);
#522=VECTOR('',#1943,10.);
#523=VECTOR('',#1944,10.);
#524=VECTOR('',#1947,10.);
#525=VECTOR('',#1948,10.);
#526=VECTOR('',#1949,10.);
#527=VECTOR('',#1952,10.);
#528=VECTOR('',#1953,10.);
#529=VECTOR('',#1964,3.2);
#530=VECTOR('',#1969,3.69999999999999);
#531=VECTOR('',#1974,3.19999999999999);
#532=VECTOR('',#1981,3.7);
#533=VECTOR('',#1986,10.);
#534=VECTOR('',#1987,10.);
#535=VECTOR('',#1988,10.);
#536=VECTOR('',#1999,3.2);
#537=VECTOR('',#2004,3.7);
#538=VECTOR('',#2009,3.2);
#539=VECTOR('',#2024,10.);
#540=VECTOR('',#2025,10.);
#541=VECTOR('',#2026,10.);
#542=VECTOR('',#2039,3.00000000000001);
#543=VECTOR('',#2052,3.00000000000001);
#544=VECTOR('',#2055,2.20000000000001);
#545=VECTOR('',#2060,2.20000000000001);
#546=VECTOR('',#2065,2.20000000000001);
#547=VECTOR('',#2074,2.20000000000001);
#548=VECTOR('',#2079,2.19999999999999);
#549=VECTOR('',#2084,2.20000000000001);
#550=VECTOR('',#2089,2.2);
#551=VECTOR('',#2094,2.2);
#552=VECTOR('',#2099,2.2);
#553=VECTOR('',#2104,10.);
#554=VECTOR('',#2105,10.);
#555=VECTOR('',#2110,10.);
#556=VECTOR('',#2111,10.);
#557=VECTOR('',#2114,10.);
#558=VECTOR('',#2117,10.);
#559=VECTOR('',#2122,10.);
#560=VECTOR('',#2125,10.);
#561=VECTOR('',#2128,10.);
#562=VECTOR('',#2131,10.);
#563=VECTOR('',#2134,10.);
#564=VECTOR('',#2137,10.);
#565=VECTOR('',#2138,10.);
#566=VECTOR('',#2141,10.);
#567=VECTOR('',#2144,10.);
#568=VECTOR('',#2147,10.);
#569=VECTOR('',#2150,10.);
#570=VECTOR('',#2153,10.);
#571=VECTOR('',#2158,10.);
#572=VECTOR('',#2161,10.);
#573=VECTOR('',#2164,10.);
#574=VECTOR('',#2165,10.);
#575=VECTOR('',#2168,10.);
#576=VECTOR('',#2169,10.);
#577=VECTOR('',#2170,10.);
#578=VECTOR('',#2171,10.);
#579=VECTOR('',#2172,10.);
#580=VECTOR('',#2173,10.);
#581=VECTOR('',#2174,10.);
#582=VECTOR('',#2175,10.);
#583=VECTOR('',#2178,10.);
#584=VECTOR('',#2181,10.);
#585=VECTOR('',#2186,10.);
#586=VECTOR('',#2189,10.);
#587=VECTOR('',#2194,10.);
#588=VECTOR('',#2197,10.);
#589=VECTOR('',#2198,10.);
#590=VECTOR('',#2203,10.);
#591=VECTOR('',#2206,10.);
#592=VECTOR('',#2207,10.);
#593=VECTOR('',#2212,10.);
#594=VECTOR('',#2215,10.);
#595=VECTOR('',#2216,10.);
#596=VECTOR('',#2223,10.);
#597=VECTOR('',#2224,10.);
#598=VECTOR('',#2231,10.);
#599=VECTOR('',#2232,10.);
#600=VECTOR('',#2237,10.);
#601=VECTOR('',#2240,10.);
#602=VECTOR('',#2241,10.);
#603=VECTOR('',#2246,10.);
#604=VECTOR('',#2249,10.);
#605=VECTOR('',#2250,10.);
#606=VECTOR('',#2253,10.);
#607=VECTOR('',#2254,10.);
#608=VECTOR('',#2255,10.);
#609=VECTOR('',#2256,10.);
#610=VECTOR('',#2257,10.);
#611=VECTOR('',#2258,10.);
#612=VECTOR('',#2259,10.);
#613=VECTOR('',#2260,10.);
#614=VECTOR('',#2261,10.);
#615=VECTOR('',#2264,10.);
#616=VECTOR('',#2267,10.);
#617=VECTOR('',#2274,10.);
#618=VECTOR('',#2275,10.);
#619=VECTOR('',#2278,10.);
#620=VECTOR('',#2279,10.);
#621=VECTOR('',#2280,10.);
#622=VECTOR('',#2281,10.);
#623=VECTOR('',#2284,10.);
#624=VECTOR('',#2287,10.);
#625=VECTOR('',#2288,10.);
#626=VECTOR('',#2289,10.);
#627=VECTOR('',#2290,10.);
#628=VECTOR('',#2291,10.);
#629=VECTOR('',#2294,10.);
#630=VECTOR('',#2297,10.);
#631=VECTOR('',#2298,10.);
#632=VECTOR('',#2299,10.);
#633=VECTOR('',#2300,10.);
#634=VECTOR('',#2301,10.);
#635=VECTOR('',#2302,10.);
#636=VECTOR('',#2303,10.);
#637=VECTOR('',#2304,10.);
#638=VECTOR('',#2305,10.);
#639=VECTOR('',#2306,10.);
#640=VECTOR('',#2307,10.);
#641=VECTOR('',#2310,10.);
#642=VECTOR('',#2319,10.);
#643=VECTOR('',#2328,10.);
#644=VECTOR('',#2337,10.);
#645=VECTOR('',#2362,10.);
#646=VECTOR('',#2367,10.);
#647=VECTOR('',#2370,10.);
#648=VECTOR('',#2371,10.);
#649=VECTOR('',#2374,10.);
#650=CIRCLE('',#1765,4.2);
#651=CIRCLE('',#1766,3.2);
#652=CIRCLE('',#1768,137.16);
#653=CIRCLE('',#1769,118.11);
#654=CIRCLE('',#1770,118.11);
#655=CIRCLE('',#1771,118.11);
#656=CIRCLE('',#1772,4.19999999999999);
#657=CIRCLE('',#1773,2.2);
#658=CIRCLE('',#1774,2.2);
#659=CIRCLE('',#1775,2.2);
#660=CIRCLE('',#1777,3.2);
#661=CIRCLE('',#1779,3.19999999999999);
#662=CIRCLE('',#1781,3.19999999999999);
#663=CIRCLE('',#1783,4.20000000000001);
#664=CIRCLE('',#1784,3.2);
#665=CIRCLE('',#1786,4.20000000000001);
#666=CIRCLE('',#1787,2.20000000000001);
#667=CIRCLE('',#1788,2.19999999999999);
#668=CIRCLE('',#1789,2.20000000000001);
#669=CIRCLE('',#1791,3.2);
#670=CIRCLE('',#1793,3.2);
#671=CIRCLE('',#1795,3.2);
#672=CIRCLE('',#1797,3.00000000000001);
#673=CIRCLE('',#1798,1.);
#674=CIRCLE('',#1799,4.00000000000001);
#675=CIRCLE('',#1800,3.00000000000001);
#676=CIRCLE('',#1802,4.00000000000001);
#677=CIRCLE('',#1803,2.20000000000001);
#678=CIRCLE('',#1804,2.20000000000001);
#679=CIRCLE('',#1805,2.20000000000001);
#680=CIRCLE('',#1807,3.00000000000001);
#681=CIRCLE('',#1809,3.00000000000001);
#682=CIRCLE('',#1810,1.);
#683=CIRCLE('',#1811,3.00000000000001);
#684=CIRCLE('',#1813,3.00000000000001);
#685=CIRCLE('',#1815,2.20000000000001);
#686=CIRCLE('',#1817,2.20000000000001);
#687=CIRCLE('',#1819,2.20000000000001);
#688=CIRCLE('',#1823,2.20000000000001);
#689=CIRCLE('',#1825,2.19999999999999);
#690=CIRCLE('',#1827,2.20000000000001);
#691=CIRCLE('',#1829,2.2);
#692=CIRCLE('',#1831,2.2);
#693=CIRCLE('',#1833,2.2);
#694=CIRCLE('',#1835,137.16);
#695=CIRCLE('',#1838,137.16);
#696=CIRCLE('',#1839,137.16);
#697=CIRCLE('',#1840,137.16);
#698=CIRCLE('',#1841,137.16);
#699=CIRCLE('',#1842,137.16);
#700=CIRCLE('',#1843,137.16);
#701=CIRCLE('',#1844,137.16);
#702=CIRCLE('',#1845,137.16);
#703=CIRCLE('',#1846,137.16);
#704=CIRCLE('',#1847,137.16);
#705=CIRCLE('',#1848,137.16);
#706=CIRCLE('',#1849,137.16);
#707=CIRCLE('',#1850,137.16);
#708=CIRCLE('',#1851,137.16);
#709=CIRCLE('',#1859,118.11);
#710=CIRCLE('',#1862,118.11);
#711=CIRCLE('',#1865,118.11);
#712=CIRCLE('',#1868,118.11);
#713=CIRCLE('',#1871,118.11);
#714=CIRCLE('',#1874,118.11);
#715=CIRCLE('',#1877,118.11);
#716=CIRCLE('',#1880,118.11);
#717=CIRCLE('',#1895,118.11);
#718=CIRCLE('',#1899,118.11);
#719=CIRCLE('',#1903,118.11);
#720=CIRCLE('',#1907,118.11);
#721=CIRCLE('',#1911,118.11);
#722=CIRCLE('',#1912,118.11);
#723=CIRCLE('',#1917,118.11);
#724=VERTEX_POINT('',#2379);
#725=VERTEX_POINT('',#2381);
#726=VERTEX_POINT('',#2385);
#727=VERTEX_POINT('',#2386);
#728=VERTEX_POINT('',#2388);
#729=VERTEX_POINT('',#2390);
#730=VERTEX_POINT('',#2392);
#731=VERTEX_POINT('',#2394);
#732=VERTEX_POINT('',#2396);
#733=VERTEX_POINT('',#2398);
#734=VERTEX_POINT('',#2400);
#735=VERTEX_POINT('',#2402);
#736=VERTEX_POINT('',#2404);
#737=VERTEX_POINT('',#2406);
#738=VERTEX_POINT('',#2408);
#739=VERTEX_POINT('',#2410);
#740=VERTEX_POINT('',#2412);
#741=VERTEX_POINT('',#2414);
#742=VERTEX_POINT('',#2417);
#743=VERTEX_POINT('',#2419);
#744=VERTEX_POINT('',#2421);
#745=VERTEX_POINT('',#2423);
#746=VERTEX_POINT('',#2426);
#747=VERTEX_POINT('',#2430);
#748=VERTEX_POINT('',#2434);
#749=VERTEX_POINT('',#2438);
#750=VERTEX_POINT('',#2440);
#751=VERTEX_POINT('',#2444);
#752=VERTEX_POINT('',#2446);
#753=VERTEX_POINT('',#2449);
#754=VERTEX_POINT('',#2451);
#755=VERTEX_POINT('',#2453);
#756=VERTEX_POINT('',#2455);
#757=VERTEX_POINT('',#2458);
#758=VERTEX_POINT('',#2462);
#759=VERTEX_POINT('',#2466);
#760=VERTEX_POINT('',#2470);
#761=VERTEX_POINT('',#2471);
#762=VERTEX_POINT('',#2473);
#763=VERTEX_POINT('',#2478);
#764=VERTEX_POINT('',#2480);
#765=VERTEX_POINT('',#2483);
#766=VERTEX_POINT('',#2485);
#767=VERTEX_POINT('',#2487);
#768=VERTEX_POINT('',#2489);
#769=VERTEX_POINT('',#2492);
#770=VERTEX_POINT('',#2496);
#771=VERTEX_POINT('',#2497);
#772=VERTEX_POINT('',#2502);
#773=VERTEX_POINT('',#2506);
#774=VERTEX_POINT('',#2510);
#775=VERTEX_POINT('',#2514);
#776=VERTEX_POINT('',#2520);
#777=VERTEX_POINT('',#2524);
#778=VERTEX_POINT('',#2528);
#779=VERTEX_POINT('',#2532);
#780=VERTEX_POINT('',#2536);
#781=VERTEX_POINT('',#2540);
#782=VERTEX_POINT('',#2544);
#783=VERTEX_POINT('',#2546);
#784=VERTEX_POINT('',#2550);
#785=VERTEX_POINT('',#2554);
#786=VERTEX_POINT('',#2556);
#787=VERTEX_POINT('',#2567);
#788=VERTEX_POINT('',#2569);
#789=VERTEX_POINT('',#2580);
#790=VERTEX_POINT('',#2583);
#791=VERTEX_POINT('',#2584);
#792=VERTEX_POINT('',#2586);
#793=VERTEX_POINT('',#2597);
#794=VERTEX_POINT('',#2599);
#795=VERTEX_POINT('',#2610);
#796=VERTEX_POINT('',#2612);
#797=VERTEX_POINT('',#2623);
#798=VERTEX_POINT('',#2635);
#799=VERTEX_POINT('',#2636);
#800=VERTEX_POINT('',#2638);
#801=VERTEX_POINT('',#2640);
#802=VERTEX_POINT('',#2642);
#803=VERTEX_POINT('',#2653);
#804=VERTEX_POINT('',#2665);
#805=VERTEX_POINT('',#2666);
#806=VERTEX_POINT('',#2668);
#807=VERTEX_POINT('',#2679);
#808=VERTEX_POINT('',#2681);
#809=VERTEX_POINT('',#2692);
#810=VERTEX_POINT('',#2694);
#811=VERTEX_POINT('',#2705);
#812=VERTEX_POINT('',#2717);
#813=VERTEX_POINT('',#2718);
#814=VERTEX_POINT('',#2720);
#815=VERTEX_POINT('',#2731);
#816=VERTEX_POINT('',#2733);
#817=VERTEX_POINT('',#2744);
#818=VERTEX_POINT('',#2746);
#819=VERTEX_POINT('',#2757);
#820=VERTEX_POINT('',#2769);
#821=VERTEX_POINT('',#2770);
#822=VERTEX_POINT('',#2781);
#823=VERTEX_POINT('',#2783);
#824=VERTEX_POINT('',#2794);
#825=VERTEX_POINT('',#2796);
#826=VERTEX_POINT('',#2807);
#827=VERTEX_POINT('',#2809);
#828=VERTEX_POINT('',#2821);
#829=VERTEX_POINT('',#2822);
#830=VERTEX_POINT('',#2833);
#831=VERTEX_POINT('',#2835);
#832=VERTEX_POINT('',#2846);
#833=VERTEX_POINT('',#2848);
#834=VERTEX_POINT('',#2859);
#835=VERTEX_POINT('',#2861);
#836=VERTEX_POINT('',#2878);
#837=VERTEX_POINT('',#2879);
#838=VERTEX_POINT('',#2893);
#839=VERTEX_POINT('',#2896);
#840=VERTEX_POINT('',#2898);
#841=VERTEX_POINT('',#2901);
#842=VERTEX_POINT('',#2903);
#843=VERTEX_POINT('',#2907);
#844=VERTEX_POINT('',#2920);
#845=VERTEX_POINT('',#2933);
#846=VERTEX_POINT('',#2937);
#847=VERTEX_POINT('',#2950);
#848=VERTEX_POINT('',#2954);
#849=VERTEX_POINT('',#2955);
#850=VERTEX_POINT('',#2969);
#851=VERTEX_POINT('',#2973);
#852=VERTEX_POINT('',#2974);
#853=VERTEX_POINT('',#2988);
#854=VERTEX_POINT('',#2992);
#855=VERTEX_POINT('',#2993);
#856=VERTEX_POINT('',#3009);
#857=VERTEX_POINT('',#3010);
#858=VERTEX_POINT('',#3026);
#859=VERTEX_POINT('',#3027);
#860=VERTEX_POINT('',#3041);
#861=VERTEX_POINT('',#3045);
#862=VERTEX_POINT('',#3046);
#863=VERTEX_POINT('',#3060);
#864=VERTEX_POINT('',#3064);
#865=VERTEX_POINT('',#3065);
#866=VERTEX_POINT('',#3080);
#867=VERTEX_POINT('',#3083);
#868=VERTEX_POINT('',#3086);
#869=VERTEX_POINT('',#3089);
#870=VERTEX_POINT('',#3093);
#871=VERTEX_POINT('',#3106);
#872=VERTEX_POINT('',#3141);
#873=VERTEX_POINT('',#3142);
#874=VERTEX_POINT('',#3156);
#875=VERTEX_POINT('',#3158);
#876=VERTEX_POINT('',#3165);
#877=VERTEX_POINT('',#3167);
#878=VERTEX_POINT('',#3170);
#879=VERTEX_POINT('',#3174);
#880=VERTEX_POINT('',#3187);
#881=VERTEX_POINT('',#3190);
#882=VERTEX_POINT('',#3192);
#883=VERTEX_POINT('',#3195);
#884=VERTEX_POINT('',#3197);
#885=VERTEX_POINT('',#3200);
#886=VERTEX_POINT('',#3202);
#887=VERTEX_POINT('',#3206);
#888=VERTEX_POINT('',#3232);
#889=VERTEX_POINT('',#3258);
#890=VERTEX_POINT('',#3284);
#891=VERTEX_POINT('',#3307);
#892=VERTEX_POINT('',#3314);
#893=EDGE_CURVE('',#724,#724,#650,.T.);
#894=EDGE_CURVE('',#724,#725,#382,.T.);
#895=EDGE_CURVE('',#725,#725,#651,.T.);
#896=EDGE_CURVE('',#726,#727,#383,.T.);
#897=EDGE_CURVE('',#728,#727,#652,.T.);
#898=EDGE_CURVE('',#728,#729,#384,.T.);
#899=EDGE_CURVE('',#730,#729,#385,.T.);
#900=EDGE_CURVE('',#731,#730,#386,.T.);
#901=EDGE_CURVE('',#732,#731,#653,.T.);
#902=EDGE_CURVE('',#733,#732,#387,.T.);
#903=EDGE_CURVE('',#734,#733,#388,.T.);
#904=EDGE_CURVE('',#735,#734,#389,.T.);
#905=EDGE_CURVE('',#736,#735,#654,.T.);
#906=EDGE_CURVE('',#737,#736,#390,.T.);
#907=EDGE_CURVE('',#738,#737,#391,.T.);
#908=EDGE_CURVE('',#739,#738,#392,.T.);
#909=EDGE_CURVE('',#740,#739,#655,.T.);
#910=EDGE_CURVE('',#741,#740,#393,.T.);
#911=EDGE_CURVE('',#726,#741,#394,.T.);
#912=EDGE_CURVE('',#742,#742,#656,.T.);
#913=EDGE_CURVE('',#743,#743,#657,.T.);
#914=EDGE_CURVE('',#744,#744,#658,.T.);
#915=EDGE_CURVE('',#745,#745,#659,.T.);
#916=EDGE_CURVE('',#725,#746,#395,.T.);
#917=EDGE_CURVE('',#746,#746,#660,.T.);
#918=EDGE_CURVE('',#742,#747,#396,.T.);
#919=EDGE_CURVE('',#747,#747,#661,.T.);
#920=EDGE_CURVE('',#747,#748,#397,.T.);
#921=EDGE_CURVE('',#748,#748,#662,.T.);
#922=EDGE_CURVE('',#749,#749,#663,.T.);
#923=EDGE_CURVE('',#749,#750,#398,.T.);
#924=EDGE_CURVE('',#750,#750,#664,.T.);
#925=EDGE_CURVE('',#729,#751,#399,.T.);
#926=EDGE_CURVE('',#752,#728,#400,.T.);
#927=EDGE_CURVE('',#751,#752,#401,.T.);
#928=EDGE_CURVE('',#753,#753,#665,.T.);
#929=EDGE_CURVE('',#754,#754,#666,.T.);
#930=EDGE_CURVE('',#755,#755,#667,.T.);
#931=EDGE_CURVE('',#756,#756,#668,.T.);
#932=EDGE_CURVE('',#750,#757,#402,.T.);
#933=EDGE_CURVE('',#757,#757,#669,.T.);
#934=EDGE_CURVE('',#753,#758,#403,.T.);
#935=EDGE_CURVE('',#758,#758,#670,.T.);
#936=EDGE_CURVE('',#758,#759,#404,.T.);
#937=EDGE_CURVE('',#759,#759,#671,.T.);
#938=EDGE_CURVE('',#760,#761,#672,.T.);
#939=EDGE_CURVE('',#761,#762,#673,.T.);
#940=EDGE_CURVE('',#762,#762,#674,.T.);
#941=EDGE_CURVE('',#761,#760,#675,.T.);
#942=EDGE_CURVE('',#727,#763,#405,.T.);
#943=EDGE_CURVE('',#764,#726,#406,.T.);
#944=EDGE_CURVE('',#763,#764,#407,.T.);
#945=EDGE_CURVE('',#765,#765,#676,.T.);
#946=EDGE_CURVE('',#766,#766,#677,.T.);
#947=EDGE_CURVE('',#767,#767,#678,.T.);
#948=EDGE_CURVE('',#768,#768,#679,.T.);
#949=EDGE_CURVE('',#769,#769,#680,.T.);
#950=EDGE_CURVE('',#769,#760,#408,.T.);
#951=EDGE_CURVE('',#770,#771,#681,.T.);
#952=EDGE_CURVE('',#771,#765,#682,.T.);
#953=EDGE_CURVE('',#771,#770,#683,.T.);
#954=EDGE_CURVE('',#772,#772,#684,.T.);
#955=EDGE_CURVE('',#772,#770,#409,.T.);
#956=EDGE_CURVE('',#766,#773,#410,.T.);
#957=EDGE_CURVE('',#773,#773,#685,.T.);
#958=EDGE_CURVE('',#767,#774,#411,.T.);
#959=EDGE_CURVE('',#774,#774,#686,.T.);
#960=EDGE_CURVE('',#768,#775,#412,.T.);
#961=EDGE_CURVE('',#775,#775,#687,.T.);
#962=EDGE_CURVE('',#756,#776,#413,.T.);
#963=EDGE_CURVE('',#776,#776,#688,.T.);
#964=EDGE_CURVE('',#755,#777,#414,.T.);
#965=EDGE_CURVE('',#777,#777,#689,.T.);
#966=EDGE_CURVE('',#754,#778,#415,.T.);
#967=EDGE_CURVE('',#778,#778,#690,.T.);
#968=EDGE_CURVE('',#745,#779,#416,.T.);
#969=EDGE_CURVE('',#779,#779,#691,.T.);
#970=EDGE_CURVE('',#744,#780,#417,.T.);
#971=EDGE_CURVE('',#780,#780,#692,.T.);
#972=EDGE_CURVE('',#743,#781,#418,.T.);
#973=EDGE_CURVE('',#781,#781,#693,.T.);
#974=EDGE_CURVE('',#764,#782,#419,.T.);
#975=EDGE_CURVE('',#782,#783,#420,.T.);
#976=EDGE_CURVE('',#783,#763,#694,.T.);
#977=EDGE_CURVE('',#784,#751,#421,.T.);
#978=EDGE_CURVE('',#730,#784,#422,.T.);
#979=EDGE_CURVE('',#785,#783,#423,.T.);
#980=EDGE_CURVE('',#786,#785,#15,.T.);
#981=EDGE_CURVE('',#787,#786,#695,.T.);
#982=EDGE_CURVE('',#788,#787,#16,.T.);
#983=EDGE_CURVE('',#788,#789,#424,.T.);
#984=EDGE_CURVE('',#752,#789,#696,.T.);
#985=EDGE_CURVE('',#790,#791,#697,.T.);
#986=EDGE_CURVE('',#792,#790,#17,.T.);
#987=EDGE_CURVE('',#792,#793,#425,.T.);
#988=EDGE_CURVE('',#794,#793,#18,.T.);
#989=EDGE_CURVE('',#794,#795,#698,.T.);
#990=EDGE_CURVE('',#796,#795,#19,.T.);
#991=EDGE_CURVE('',#797,#796,#426,.T.);
#992=EDGE_CURVE('',#791,#797,#20,.T.);
#993=EDGE_CURVE('',#798,#799,#699,.T.);
#994=EDGE_CURVE('',#800,#799,#427,.T.);
#995=EDGE_CURVE('',#801,#800,#700,.T.);
#996=EDGE_CURVE('',#802,#801,#21,.T.);
#997=EDGE_CURVE('',#802,#803,#428,.T.);
#998=EDGE_CURVE('',#798,#803,#22,.T.);
#999=EDGE_CURVE('',#804,#805,#701,.T.);
#1000=EDGE_CURVE('',#806,#805,#23,.T.);
#1001=EDGE_CURVE('',#807,#806,#429,.T.);
#1002=EDGE_CURVE('',#808,#807,#24,.T.);
#1003=EDGE_CURVE('',#809,#808,#702,.T.);
#1004=EDGE_CURVE('',#810,#809,#25,.T.);
#1005=EDGE_CURVE('',#810,#811,#430,.T.);
#1006=EDGE_CURVE('',#804,#811,#26,.T.);
#1007=EDGE_CURVE('',#812,#813,#431,.T.);
#1008=EDGE_CURVE('',#814,#813,#27,.T.);
#1009=EDGE_CURVE('',#814,#815,#703,.T.);
#1010=EDGE_CURVE('',#816,#815,#28,.T.);
#1011=EDGE_CURVE('',#817,#816,#432,.T.);
#1012=EDGE_CURVE('',#818,#817,#29,.T.);
#1013=EDGE_CURVE('',#819,#818,#704,.T.);
#1014=EDGE_CURVE('',#812,#819,#30,.T.);
#1015=EDGE_CURVE('',#820,#821,#31,.T.);
#1016=EDGE_CURVE('',#820,#822,#433,.T.);
#1017=EDGE_CURVE('',#823,#822,#32,.T.);
#1018=EDGE_CURVE('',#823,#824,#705,.T.);
#1019=EDGE_CURVE('',#825,#824,#33,.T.);
#1020=EDGE_CURVE('',#826,#825,#434,.T.);
#1021=EDGE_CURVE('',#827,#826,#34,.T.);
#1022=EDGE_CURVE('',#821,#827,#706,.T.);
#1023=EDGE_CURVE('',#828,#829,#35,.T.);
#1024=EDGE_CURVE('',#828,#830,#435,.T.);
#1025=EDGE_CURVE('',#831,#830,#36,.T.);
#1026=EDGE_CURVE('',#831,#832,#707,.T.);
#1027=EDGE_CURVE('',#833,#832,#37,.T.);
#1028=EDGE_CURVE('',#834,#833,#436,.T.);
#1029=EDGE_CURVE('',#835,#834,#38,.T.);
#1030=EDGE_CURVE('',#829,#835,#708,.T.);
#1031=EDGE_CURVE('',#789,#784,#437,.T.);
#1032=EDGE_CURVE('',#741,#782,#438,.T.);
#1033=EDGE_CURVE('',#836,#837,#39,.F.);
#1034=EDGE_CURVE('',#836,#806,#439,.T.);
#1035=EDGE_CURVE('',#805,#837,#440,.T.);
#1036=EDGE_CURVE('',#732,#838,#441,.T.);
#1037=EDGE_CURVE('',#797,#838,#442,.T.);
#1038=EDGE_CURVE('',#839,#796,#443,.T.);
#1039=EDGE_CURVE('',#839,#840,#444,.T.);
#1040=EDGE_CURVE('',#807,#840,#445,.T.);
#1041=EDGE_CURVE('',#836,#841,#446,.T.);
#1042=EDGE_CURVE('',#842,#841,#447,.T.);
#1043=EDGE_CURVE('',#733,#842,#448,.T.);
#1044=EDGE_CURVE('',#843,#839,#40,.T.);
#1045=EDGE_CURVE('',#795,#843,#449,.T.);
#1046=EDGE_CURVE('',#838,#844,#41,.T.);
#1047=EDGE_CURVE('',#844,#791,#450,.T.);
#1048=EDGE_CURVE('',#844,#845,#709,.T.);
#1049=EDGE_CURVE('',#790,#845,#451,.T.);
#1050=EDGE_CURVE('',#840,#846,#42,.T.);
#1051=EDGE_CURVE('',#846,#808,#452,.T.);
#1052=EDGE_CURVE('',#846,#847,#710,.T.);
#1053=EDGE_CURVE('',#809,#847,#453,.T.);
#1054=EDGE_CURVE('',#848,#849,#43,.T.);
#1055=EDGE_CURVE('',#849,#831,#454,.T.);
#1056=EDGE_CURVE('',#830,#848,#455,.T.);
#1057=EDGE_CURVE('',#849,#850,#711,.T.);
#1058=EDGE_CURVE('',#832,#850,#456,.T.);
#1059=EDGE_CURVE('',#851,#852,#44,.T.);
#1060=EDGE_CURVE('',#852,#823,#457,.T.);
#1061=EDGE_CURVE('',#822,#851,#458,.T.);
#1062=EDGE_CURVE('',#852,#853,#712,.T.);
#1063=EDGE_CURVE('',#824,#853,#459,.T.);
#1064=EDGE_CURVE('',#854,#855,#45,.T.);
#1065=EDGE_CURVE('',#855,#804,#460,.T.);
#1066=EDGE_CURVE('',#811,#854,#461,.T.);
#1067=EDGE_CURVE('',#855,#837,#713,.T.);
#1068=EDGE_CURVE('',#856,#857,#46,.T.);
#1069=EDGE_CURVE('',#857,#794,#462,.T.);
#1070=EDGE_CURVE('',#793,#856,#463,.T.);
#1071=EDGE_CURVE('',#857,#843,#714,.T.);
#1072=EDGE_CURVE('',#858,#859,#47,.T.);
#1073=EDGE_CURVE('',#859,#798,#464,.T.);
#1074=EDGE_CURVE('',#803,#858,#465,.T.);
#1075=EDGE_CURVE('',#859,#860,#715,.T.);
#1076=EDGE_CURVE('',#860,#799,#466,.T.);
#1077=EDGE_CURVE('',#861,#862,#48,.T.);
#1078=EDGE_CURVE('',#862,#814,#467,.T.);
#1079=EDGE_CURVE('',#813,#861,#468,.T.);
#1080=EDGE_CURVE('',#862,#863,#716,.T.);
#1081=EDGE_CURVE('',#815,#863,#469,.T.);
#1082=EDGE_CURVE('',#864,#865,#49,.T.);
#1083=EDGE_CURVE('',#865,#788,#470,.T.);
#1084=EDGE_CURVE('',#787,#864,#471,.T.);
#1085=EDGE_CURVE('',#865,#848,#472,.T.);
#1086=EDGE_CURVE('',#866,#828,#473,.T.);
#1087=EDGE_CURVE('',#866,#851,#474,.T.);
#1088=EDGE_CURVE('',#867,#820,#475,.T.);
#1089=EDGE_CURVE('',#867,#854,#476,.T.);
#1090=EDGE_CURVE('',#868,#810,#477,.T.);
#1091=EDGE_CURVE('',#868,#856,#478,.T.);
#1092=EDGE_CURVE('',#869,#792,#479,.T.);
#1093=EDGE_CURVE('',#869,#731,#480,.T.);
#1094=EDGE_CURVE('',#870,#866,#50,.T.);
#1095=EDGE_CURVE('',#829,#870,#481,.T.);
#1096=EDGE_CURVE('',#871,#867,#51,.T.);
#1097=EDGE_CURVE('',#821,#871,#482,.T.);
#1098=EDGE_CURVE('',#847,#868,#52,.T.);
#1099=EDGE_CURVE('',#845,#869,#53,.T.);
#1100=EDGE_CURVE('',#872,#873,#54,.T.);
#1101=EDGE_CURVE('',#873,#802,#483,.T.);
#1102=EDGE_CURVE('',#801,#872,#484,.T.);
#1103=EDGE_CURVE('',#734,#874,#485,.T.);
#1104=EDGE_CURVE('',#875,#874,#486,.T.);
#1105=EDGE_CURVE('',#875,#858,#487,.T.);
#1106=EDGE_CURVE('',#873,#735,#488,.T.);
#1107=EDGE_CURVE('',#874,#842,#489,.T.);
#1108=EDGE_CURVE('',#738,#876,#490,.T.);
#1109=EDGE_CURVE('',#877,#876,#491,.T.);
#1110=EDGE_CURVE('',#877,#861,#492,.T.);
#1111=EDGE_CURVE('',#878,#812,#493,.T.);
#1112=EDGE_CURVE('',#878,#739,#494,.T.);
#1113=EDGE_CURVE('',#879,#878,#55,.T.);
#1114=EDGE_CURVE('',#819,#879,#495,.T.);
#1115=EDGE_CURVE('',#740,#880,#496,.T.);
#1116=EDGE_CURVE('',#817,#880,#497,.T.);
#1117=EDGE_CURVE('',#881,#816,#498,.T.);
#1118=EDGE_CURVE('',#881,#882,#499,.T.);
#1119=EDGE_CURVE('',#826,#882,#500,.T.);
#1120=EDGE_CURVE('',#883,#825,#501,.T.);
#1121=EDGE_CURVE('',#883,#884,#502,.T.);
#1122=EDGE_CURVE('',#834,#884,#503,.T.);
#1123=EDGE_CURVE('',#885,#833,#504,.T.);
#1124=EDGE_CURVE('',#885,#886,#505,.T.);
#1125=EDGE_CURVE('',#785,#886,#506,.T.);
#1126=EDGE_CURVE('',#880,#887,#56,.T.);
#1127=EDGE_CURVE('',#887,#818,#507,.T.);
#1128=EDGE_CURVE('',#887,#879,#717,.T.);
#1129=EDGE_CURVE('',#863,#881,#57,.T.);
#1130=EDGE_CURVE('',#882,#888,#58,.T.);
#1131=EDGE_CURVE('',#888,#827,#508,.T.);
#1132=EDGE_CURVE('',#888,#871,#718,.T.);
#1133=EDGE_CURVE('',#853,#883,#59,.T.);
#1134=EDGE_CURVE('',#884,#889,#60,.T.);
#1135=EDGE_CURVE('',#889,#835,#509,.T.);
#1136=EDGE_CURVE('',#889,#870,#719,.T.);
#1137=EDGE_CURVE('',#850,#885,#61,.T.);
#1138=EDGE_CURVE('',#886,#890,#62,.T.);
#1139=EDGE_CURVE('',#890,#786,#510,.T.);
#1140=EDGE_CURVE('',#890,#864,#720,.T.);
#1141=EDGE_CURVE('',#860,#877,#721,.T.);
#1142=EDGE_CURVE('',#841,#875,#722,.T.);
#1143=EDGE_CURVE('',#891,#872,#723,.T.);
#1144=EDGE_CURVE('',#736,#891,#511,.T.);
#1145=EDGE_CURVE('',#891,#800,#512,.T.);
#1146=EDGE_CURVE('',#892,#860,#513,.T.);
#1147=EDGE_CURVE('',#737,#892,#514,.T.);
#1148=EDGE_CURVE('',#876,#892,#515,.T.);
#1149=ORIENTED_EDGE('',*,*,#893,.T.);
#1150=ORIENTED_EDGE('',*,*,#894,.T.);
#1151=ORIENTED_EDGE('',*,*,#895,.T.);
#1152=ORIENTED_EDGE('',*,*,#894,.F.);
#1153=ORIENTED_EDGE('',*,*,#896,.T.);
#1154=ORIENTED_EDGE('',*,*,#897,.F.);
#1155=ORIENTED_EDGE('',*,*,#898,.T.);
#1156=ORIENTED_EDGE('',*,*,#899,.F.);
#1157=ORIENTED_EDGE('',*,*,#900,.F.);
#1158=ORIENTED_EDGE('',*,*,#901,.F.);
#1159=ORIENTED_EDGE('',*,*,#902,.F.);
#1160=ORIENTED_EDGE('',*,*,#903,.F.);
#1161=ORIENTED_EDGE('',*,*,#904,.F.);
#1162=ORIENTED_EDGE('',*,*,#905,.F.);
#1163=ORIENTED_EDGE('',*,*,#906,.F.);
#1164=ORIENTED_EDGE('',*,*,#907,.F.);
#1165=ORIENTED_EDGE('',*,*,#908,.F.);
#1166=ORIENTED_EDGE('',*,*,#909,.F.);
#1167=ORIENTED_EDGE('',*,*,#910,.F.);
#1168=ORIENTED_EDGE('',*,*,#911,.F.);
#1169=ORIENTED_EDGE('',*,*,#912,.F.);
#1170=ORIENTED_EDGE('',*,*,#913,.T.);
#1171=ORIENTED_EDGE('',*,*,#914,.T.);
#1172=ORIENTED_EDGE('',*,*,#915,.T.);
#1173=ORIENTED_EDGE('',*,*,#893,.F.);
#1174=ORIENTED_EDGE('',*,*,#895,.F.);
#1175=ORIENTED_EDGE('',*,*,#916,.T.);
#1176=ORIENTED_EDGE('',*,*,#917,.F.);
#1177=ORIENTED_EDGE('',*,*,#916,.F.);
#1178=ORIENTED_EDGE('',*,*,#912,.T.);
#1179=ORIENTED_EDGE('',*,*,#918,.T.);
#1180=ORIENTED_EDGE('',*,*,#919,.T.);
#1181=ORIENTED_EDGE('',*,*,#918,.F.);
#1182=ORIENTED_EDGE('',*,*,#919,.F.);
#1183=ORIENTED_EDGE('',*,*,#920,.T.);
#1184=ORIENTED_EDGE('',*,*,#921,.F.);
#1185=ORIENTED_EDGE('',*,*,#920,.F.);
#1186=ORIENTED_EDGE('',*,*,#922,.T.);
#1187=ORIENTED_EDGE('',*,*,#923,.T.);
#1188=ORIENTED_EDGE('',*,*,#924,.T.);
#1189=ORIENTED_EDGE('',*,*,#923,.F.);
#1190=ORIENTED_EDGE('',*,*,#925,.F.);
#1191=ORIENTED_EDGE('',*,*,#898,.F.);
#1192=ORIENTED_EDGE('',*,*,#926,.F.);
#1193=ORIENTED_EDGE('',*,*,#927,.F.);
#1194=ORIENTED_EDGE('',*,*,#928,.F.);
#1195=ORIENTED_EDGE('',*,*,#929,.T.);
#1196=ORIENTED_EDGE('',*,*,#930,.T.);
#1197=ORIENTED_EDGE('',*,*,#931,.T.);
#1198=ORIENTED_EDGE('',*,*,#922,.F.);
#1199=ORIENTED_EDGE('',*,*,#924,.F.);
#1200=ORIENTED_EDGE('',*,*,#932,.T.);
#1201=ORIENTED_EDGE('',*,*,#933,.F.);
#1202=ORIENTED_EDGE('',*,*,#932,.F.);
#1203=ORIENTED_EDGE('',*,*,#928,.T.);
#1204=ORIENTED_EDGE('',*,*,#934,.T.);
#1205=ORIENTED_EDGE('',*,*,#935,.T.);
#1206=ORIENTED_EDGE('',*,*,#934,.F.);
#1207=ORIENTED_EDGE('',*,*,#935,.F.);
#1208=ORIENTED_EDGE('',*,*,#936,.T.);
#1209=ORIENTED_EDGE('',*,*,#937,.F.);
#1210=ORIENTED_EDGE('',*,*,#936,.F.);
#1211=ORIENTED_EDGE('',*,*,#938,.T.);
#1212=ORIENTED_EDGE('',*,*,#939,.T.);
#1213=ORIENTED_EDGE('',*,*,#940,.T.);
#1214=ORIENTED_EDGE('',*,*,#939,.F.);
#1215=ORIENTED_EDGE('',*,*,#941,.T.);
#1216=ORIENTED_EDGE('',*,*,#942,.F.);
#1217=ORIENTED_EDGE('',*,*,#896,.F.);
#1218=ORIENTED_EDGE('',*,*,#943,.F.);
#1219=ORIENTED_EDGE('',*,*,#944,.F.);
#1220=ORIENTED_EDGE('',*,*,#945,.F.);
#1221=ORIENTED_EDGE('',*,*,#946,.T.);
#1222=ORIENTED_EDGE('',*,*,#947,.T.);
#1223=ORIENTED_EDGE('',*,*,#948,.T.);
#1224=ORIENTED_EDGE('',*,*,#940,.F.);
#1225=ORIENTED_EDGE('',*,*,#949,.F.);
#1226=ORIENTED_EDGE('',*,*,#950,.T.);
#1227=ORIENTED_EDGE('',*,*,#941,.F.);
#1228=ORIENTED_EDGE('',*,*,#938,.F.);
#1229=ORIENTED_EDGE('',*,*,#950,.F.);
#1230=ORIENTED_EDGE('',*,*,#951,.T.);
#1231=ORIENTED_EDGE('',*,*,#952,.T.);
#1232=ORIENTED_EDGE('',*,*,#945,.T.);
#1233=ORIENTED_EDGE('',*,*,#952,.F.);
#1234=ORIENTED_EDGE('',*,*,#953,.T.);
#1235=ORIENTED_EDGE('',*,*,#954,.F.);
#1236=ORIENTED_EDGE('',*,*,#955,.T.);
#1237=ORIENTED_EDGE('',*,*,#953,.F.);
#1238=ORIENTED_EDGE('',*,*,#951,.F.);
#1239=ORIENTED_EDGE('',*,*,#955,.F.);
#1240=ORIENTED_EDGE('',*,*,#946,.F.);
#1241=ORIENTED_EDGE('',*,*,#956,.T.);
#1242=ORIENTED_EDGE('',*,*,#957,.F.);
#1243=ORIENTED_EDGE('',*,*,#956,.F.);
#1244=ORIENTED_EDGE('',*,*,#947,.F.);
#1245=ORIENTED_EDGE('',*,*,#958,.T.);
#1246=ORIENTED_EDGE('',*,*,#959,.F.);
#1247=ORIENTED_EDGE('',*,*,#958,.F.);
#1248=ORIENTED_EDGE('',*,*,#948,.F.);
#1249=ORIENTED_EDGE('',*,*,#960,.T.);
#1250=ORIENTED_EDGE('',*,*,#961,.F.);
#1251=ORIENTED_EDGE('',*,*,#960,.F.);
#1252=ORIENTED_EDGE('',*,*,#949,.T.);
#1253=ORIENTED_EDGE('',*,*,#954,.T.);
#1254=ORIENTED_EDGE('',*,*,#931,.F.);
#1255=ORIENTED_EDGE('',*,*,#962,.T.);
#1256=ORIENTED_EDGE('',*,*,#963,.F.);
#1257=ORIENTED_EDGE('',*,*,#962,.F.);
#1258=ORIENTED_EDGE('',*,*,#930,.F.);
#1259=ORIENTED_EDGE('',*,*,#964,.T.);
#1260=ORIENTED_EDGE('',*,*,#965,.F.);
#1261=ORIENTED_EDGE('',*,*,#964,.F.);
#1262=ORIENTED_EDGE('',*,*,#929,.F.);
#1263=ORIENTED_EDGE('',*,*,#966,.T.);
#1264=ORIENTED_EDGE('',*,*,#967,.F.);
#1265=ORIENTED_EDGE('',*,*,#966,.F.);
#1266=ORIENTED_EDGE('',*,*,#915,.F.);
#1267=ORIENTED_EDGE('',*,*,#968,.T.);
#1268=ORIENTED_EDGE('',*,*,#969,.F.);
#1269=ORIENTED_EDGE('',*,*,#968,.F.);
#1270=ORIENTED_EDGE('',*,*,#914,.F.);
#1271=ORIENTED_EDGE('',*,*,#970,.T.);
#1272=ORIENTED_EDGE('',*,*,#971,.F.);
#1273=ORIENTED_EDGE('',*,*,#970,.F.);
#1274=ORIENTED_EDGE('',*,*,#913,.F.);
#1275=ORIENTED_EDGE('',*,*,#972,.T.);
#1276=ORIENTED_EDGE('',*,*,#973,.F.);
#1277=ORIENTED_EDGE('',*,*,#972,.F.);
#1278=ORIENTED_EDGE('',*,*,#944,.T.);
#1279=ORIENTED_EDGE('',*,*,#974,.T.);
#1280=ORIENTED_EDGE('',*,*,#975,.T.);
#1281=ORIENTED_EDGE('',*,*,#976,.T.);
#1282=ORIENTED_EDGE('',*,*,#925,.T.);
#1283=ORIENTED_EDGE('',*,*,#977,.F.);
#1284=ORIENTED_EDGE('',*,*,#978,.F.);
#1285=ORIENTED_EDGE('',*,*,#899,.T.);
#1286=ORIENTED_EDGE('',*,*,#942,.T.);
#1287=ORIENTED_EDGE('',*,*,#976,.F.);
#1288=ORIENTED_EDGE('',*,*,#979,.F.);
#1289=ORIENTED_EDGE('',*,*,#980,.F.);
#1290=ORIENTED_EDGE('',*,*,#981,.F.);
#1291=ORIENTED_EDGE('',*,*,#982,.F.);
#1292=ORIENTED_EDGE('',*,*,#983,.T.);
#1293=ORIENTED_EDGE('',*,*,#984,.F.);
#1294=ORIENTED_EDGE('',*,*,#926,.T.);
#1295=ORIENTED_EDGE('',*,*,#897,.T.);
#1296=ORIENTED_EDGE('',*,*,#985,.F.);
#1297=ORIENTED_EDGE('',*,*,#986,.F.);
#1298=ORIENTED_EDGE('',*,*,#987,.T.);
#1299=ORIENTED_EDGE('',*,*,#988,.F.);
#1300=ORIENTED_EDGE('',*,*,#989,.T.);
#1301=ORIENTED_EDGE('',*,*,#990,.F.);
#1302=ORIENTED_EDGE('',*,*,#991,.F.);
#1303=ORIENTED_EDGE('',*,*,#992,.F.);
#1304=ORIENTED_EDGE('',*,*,#993,.T.);
#1305=ORIENTED_EDGE('',*,*,#994,.F.);
#1306=ORIENTED_EDGE('',*,*,#995,.F.);
#1307=ORIENTED_EDGE('',*,*,#996,.F.);
#1308=ORIENTED_EDGE('',*,*,#997,.T.);
#1309=ORIENTED_EDGE('',*,*,#998,.F.);
#1310=ORIENTED_EDGE('',*,*,#999,.T.);
#1311=ORIENTED_EDGE('',*,*,#1000,.F.);
#1312=ORIENTED_EDGE('',*,*,#1001,.F.);
#1313=ORIENTED_EDGE('',*,*,#1002,.F.);
#1314=ORIENTED_EDGE('',*,*,#1003,.F.);
#1315=ORIENTED_EDGE('',*,*,#1004,.F.);
#1316=ORIENTED_EDGE('',*,*,#1005,.T.);
#1317=ORIENTED_EDGE('',*,*,#1006,.F.);
#1318=ORIENTED_EDGE('',*,*,#1007,.T.);
#1319=ORIENTED_EDGE('',*,*,#1008,.F.);
#1320=ORIENTED_EDGE('',*,*,#1009,.T.);
#1321=ORIENTED_EDGE('',*,*,#1010,.F.);
#1322=ORIENTED_EDGE('',*,*,#1011,.F.);
#1323=ORIENTED_EDGE('',*,*,#1012,.F.);
#1324=ORIENTED_EDGE('',*,*,#1013,.F.);
#1325=ORIENTED_EDGE('',*,*,#1014,.F.);
#1326=ORIENTED_EDGE('',*,*,#1015,.F.);
#1327=ORIENTED_EDGE('',*,*,#1016,.T.);
#1328=ORIENTED_EDGE('',*,*,#1017,.F.);
#1329=ORIENTED_EDGE('',*,*,#1018,.T.);
#1330=ORIENTED_EDGE('',*,*,#1019,.F.);
#1331=ORIENTED_EDGE('',*,*,#1020,.F.);
#1332=ORIENTED_EDGE('',*,*,#1021,.F.);
#1333=ORIENTED_EDGE('',*,*,#1022,.F.);
#1334=ORIENTED_EDGE('',*,*,#1023,.F.);
#1335=ORIENTED_EDGE('',*,*,#1024,.T.);
#1336=ORIENTED_EDGE('',*,*,#1025,.F.);
#1337=ORIENTED_EDGE('',*,*,#1026,.T.);
#1338=ORIENTED_EDGE('',*,*,#1027,.F.);
#1339=ORIENTED_EDGE('',*,*,#1028,.F.);
#1340=ORIENTED_EDGE('',*,*,#1029,.F.);
#1341=ORIENTED_EDGE('',*,*,#1030,.F.);
#1342=ORIENTED_EDGE('',*,*,#927,.T.);
#1343=ORIENTED_EDGE('',*,*,#984,.T.);
#1344=ORIENTED_EDGE('',*,*,#1031,.T.);
#1345=ORIENTED_EDGE('',*,*,#977,.T.);
#1346=ORIENTED_EDGE('',*,*,#943,.T.);
#1347=ORIENTED_EDGE('',*,*,#911,.T.);
#1348=ORIENTED_EDGE('',*,*,#1032,.T.);
#1349=ORIENTED_EDGE('',*,*,#974,.F.);
#1350=ORIENTED_EDGE('',*,*,#1033,.F.);
#1351=ORIENTED_EDGE('',*,*,#1034,.T.);
#1352=ORIENTED_EDGE('',*,*,#1000,.T.);
#1353=ORIENTED_EDGE('',*,*,#1035,.T.);
#1354=ORIENTED_EDGE('',*,*,#902,.T.);
#1355=ORIENTED_EDGE('',*,*,#1036,.T.);
#1356=ORIENTED_EDGE('',*,*,#1037,.F.);
#1357=ORIENTED_EDGE('',*,*,#991,.T.);
#1358=ORIENTED_EDGE('',*,*,#1038,.F.);
#1359=ORIENTED_EDGE('',*,*,#1039,.T.);
#1360=ORIENTED_EDGE('',*,*,#1040,.F.);
#1361=ORIENTED_EDGE('',*,*,#1001,.T.);
#1362=ORIENTED_EDGE('',*,*,#1034,.F.);
#1363=ORIENTED_EDGE('',*,*,#1041,.T.);
#1364=ORIENTED_EDGE('',*,*,#1042,.F.);
#1365=ORIENTED_EDGE('',*,*,#1043,.F.);
#1366=ORIENTED_EDGE('',*,*,#1044,.T.);
#1367=ORIENTED_EDGE('',*,*,#1038,.T.);
#1368=ORIENTED_EDGE('',*,*,#990,.T.);
#1369=ORIENTED_EDGE('',*,*,#1045,.T.);
#1370=ORIENTED_EDGE('',*,*,#1046,.T.);
#1371=ORIENTED_EDGE('',*,*,#1047,.T.);
#1372=ORIENTED_EDGE('',*,*,#992,.T.);
#1373=ORIENTED_EDGE('',*,*,#1037,.T.);
#1374=ORIENTED_EDGE('',*,*,#1047,.F.);
#1375=ORIENTED_EDGE('',*,*,#1048,.T.);
#1376=ORIENTED_EDGE('',*,*,#1049,.F.);
#1377=ORIENTED_EDGE('',*,*,#985,.T.);
#1378=ORIENTED_EDGE('',*,*,#971,.T.);
#1379=ORIENTED_EDGE('',*,*,#921,.T.);
#1380=ORIENTED_EDGE('',*,*,#1050,.T.);
#1381=ORIENTED_EDGE('',*,*,#1051,.T.);
#1382=ORIENTED_EDGE('',*,*,#1002,.T.);
#1383=ORIENTED_EDGE('',*,*,#1040,.T.);
#1384=ORIENTED_EDGE('',*,*,#1051,.F.);
#1385=ORIENTED_EDGE('',*,*,#1052,.T.);
#1386=ORIENTED_EDGE('',*,*,#1053,.F.);
#1387=ORIENTED_EDGE('',*,*,#1003,.T.);
#1388=ORIENTED_EDGE('',*,*,#1054,.T.);
#1389=ORIENTED_EDGE('',*,*,#1055,.T.);
#1390=ORIENTED_EDGE('',*,*,#1025,.T.);
#1391=ORIENTED_EDGE('',*,*,#1056,.T.);
#1392=ORIENTED_EDGE('',*,*,#1055,.F.);
#1393=ORIENTED_EDGE('',*,*,#1057,.T.);
#1394=ORIENTED_EDGE('',*,*,#1058,.F.);
#1395=ORIENTED_EDGE('',*,*,#1026,.F.);
#1396=ORIENTED_EDGE('',*,*,#1059,.T.);
#1397=ORIENTED_EDGE('',*,*,#1060,.T.);
#1398=ORIENTED_EDGE('',*,*,#1017,.T.);
#1399=ORIENTED_EDGE('',*,*,#1061,.T.);
#1400=ORIENTED_EDGE('',*,*,#1060,.F.);
#1401=ORIENTED_EDGE('',*,*,#1062,.T.);
#1402=ORIENTED_EDGE('',*,*,#1063,.F.);
#1403=ORIENTED_EDGE('',*,*,#1018,.F.);
#1404=ORIENTED_EDGE('',*,*,#1064,.T.);
#1405=ORIENTED_EDGE('',*,*,#1065,.T.);
#1406=ORIENTED_EDGE('',*,*,#1006,.T.);
#1407=ORIENTED_EDGE('',*,*,#1066,.T.);
#1408=ORIENTED_EDGE('',*,*,#1035,.F.);
#1409=ORIENTED_EDGE('',*,*,#999,.F.);
#1410=ORIENTED_EDGE('',*,*,#1065,.F.);
#1411=ORIENTED_EDGE('',*,*,#1067,.T.);
#1412=ORIENTED_EDGE('',*,*,#1068,.T.);
#1413=ORIENTED_EDGE('',*,*,#1069,.T.);
#1414=ORIENTED_EDGE('',*,*,#988,.T.);
#1415=ORIENTED_EDGE('',*,*,#1070,.T.);
#1416=ORIENTED_EDGE('',*,*,#1045,.F.);
#1417=ORIENTED_EDGE('',*,*,#989,.F.);
#1418=ORIENTED_EDGE('',*,*,#1069,.F.);
#1419=ORIENTED_EDGE('',*,*,#1071,.T.);
#1420=ORIENTED_EDGE('',*,*,#1072,.T.);
#1421=ORIENTED_EDGE('',*,*,#1073,.T.);
#1422=ORIENTED_EDGE('',*,*,#998,.T.);
#1423=ORIENTED_EDGE('',*,*,#1074,.T.);
#1424=ORIENTED_EDGE('',*,*,#1073,.F.);
#1425=ORIENTED_EDGE('',*,*,#1075,.T.);
#1426=ORIENTED_EDGE('',*,*,#1076,.T.);
#1427=ORIENTED_EDGE('',*,*,#993,.F.);
#1428=ORIENTED_EDGE('',*,*,#1077,.T.);
#1429=ORIENTED_EDGE('',*,*,#1078,.T.);
#1430=ORIENTED_EDGE('',*,*,#1008,.T.);
#1431=ORIENTED_EDGE('',*,*,#1079,.T.);
#1432=ORIENTED_EDGE('',*,*,#1078,.F.);
#1433=ORIENTED_EDGE('',*,*,#1080,.T.);
#1434=ORIENTED_EDGE('',*,*,#1081,.F.);
#1435=ORIENTED_EDGE('',*,*,#1009,.F.);
#1436=ORIENTED_EDGE('',*,*,#1082,.T.);
#1437=ORIENTED_EDGE('',*,*,#1083,.T.);
#1438=ORIENTED_EDGE('',*,*,#982,.T.);
#1439=ORIENTED_EDGE('',*,*,#1084,.T.);
#1440=ORIENTED_EDGE('',*,*,#900,.T.);
#1441=ORIENTED_EDGE('',*,*,#978,.T.);
#1442=ORIENTED_EDGE('',*,*,#1031,.F.);
#1443=ORIENTED_EDGE('',*,*,#983,.F.);
#1444=ORIENTED_EDGE('',*,*,#1083,.F.);
#1445=ORIENTED_EDGE('',*,*,#1085,.T.);
#1446=ORIENTED_EDGE('',*,*,#1056,.F.);
#1447=ORIENTED_EDGE('',*,*,#1024,.F.);
#1448=ORIENTED_EDGE('',*,*,#1086,.F.);
#1449=ORIENTED_EDGE('',*,*,#1087,.T.);
#1450=ORIENTED_EDGE('',*,*,#1061,.F.);
#1451=ORIENTED_EDGE('',*,*,#1016,.F.);
#1452=ORIENTED_EDGE('',*,*,#1088,.F.);
#1453=ORIENTED_EDGE('',*,*,#1089,.T.);
#1454=ORIENTED_EDGE('',*,*,#1066,.F.);
#1455=ORIENTED_EDGE('',*,*,#1005,.F.);
#1456=ORIENTED_EDGE('',*,*,#1090,.F.);
#1457=ORIENTED_EDGE('',*,*,#1091,.T.);
#1458=ORIENTED_EDGE('',*,*,#1070,.F.);
#1459=ORIENTED_EDGE('',*,*,#987,.F.);
#1460=ORIENTED_EDGE('',*,*,#1092,.F.);
#1461=ORIENTED_EDGE('',*,*,#1093,.T.);
#1462=ORIENTED_EDGE('',*,*,#933,.T.);
#1463=ORIENTED_EDGE('',*,*,#937,.T.);
#1464=ORIENTED_EDGE('',*,*,#967,.T.);
#1465=ORIENTED_EDGE('',*,*,#965,.T.);
#1466=ORIENTED_EDGE('',*,*,#963,.T.);
#1467=ORIENTED_EDGE('',*,*,#1094,.T.);
#1468=ORIENTED_EDGE('',*,*,#1086,.T.);
#1469=ORIENTED_EDGE('',*,*,#1023,.T.);
#1470=ORIENTED_EDGE('',*,*,#1095,.T.);
#1471=ORIENTED_EDGE('',*,*,#1096,.T.);
#1472=ORIENTED_EDGE('',*,*,#1088,.T.);
#1473=ORIENTED_EDGE('',*,*,#1015,.T.);
#1474=ORIENTED_EDGE('',*,*,#1097,.T.);
#1475=ORIENTED_EDGE('',*,*,#1098,.T.);
#1476=ORIENTED_EDGE('',*,*,#1090,.T.);
#1477=ORIENTED_EDGE('',*,*,#1004,.T.);
#1478=ORIENTED_EDGE('',*,*,#1053,.T.);
#1479=ORIENTED_EDGE('',*,*,#1099,.T.);
#1480=ORIENTED_EDGE('',*,*,#1092,.T.);
#1481=ORIENTED_EDGE('',*,*,#986,.T.);
#1482=ORIENTED_EDGE('',*,*,#1049,.T.);
#1483=ORIENTED_EDGE('',*,*,#1100,.T.);
#1484=ORIENTED_EDGE('',*,*,#1101,.T.);
#1485=ORIENTED_EDGE('',*,*,#996,.T.);
#1486=ORIENTED_EDGE('',*,*,#1102,.T.);
#1487=ORIENTED_EDGE('',*,*,#904,.T.);
#1488=ORIENTED_EDGE('',*,*,#1103,.T.);
#1489=ORIENTED_EDGE('',*,*,#1104,.F.);
#1490=ORIENTED_EDGE('',*,*,#1105,.T.);
#1491=ORIENTED_EDGE('',*,*,#1074,.F.);
#1492=ORIENTED_EDGE('',*,*,#997,.F.);
#1493=ORIENTED_EDGE('',*,*,#1101,.F.);
#1494=ORIENTED_EDGE('',*,*,#1106,.T.);
#1495=ORIENTED_EDGE('',*,*,#903,.T.);
#1496=ORIENTED_EDGE('',*,*,#1043,.T.);
#1497=ORIENTED_EDGE('',*,*,#1107,.F.);
#1498=ORIENTED_EDGE('',*,*,#1103,.F.);
#1499=ORIENTED_EDGE('',*,*,#908,.T.);
#1500=ORIENTED_EDGE('',*,*,#1108,.T.);
#1501=ORIENTED_EDGE('',*,*,#1109,.F.);
#1502=ORIENTED_EDGE('',*,*,#1110,.T.);
#1503=ORIENTED_EDGE('',*,*,#1079,.F.);
#1504=ORIENTED_EDGE('',*,*,#1007,.F.);
#1505=ORIENTED_EDGE('',*,*,#1111,.F.);
#1506=ORIENTED_EDGE('',*,*,#1112,.T.);
#1507=ORIENTED_EDGE('',*,*,#1113,.T.);
#1508=ORIENTED_EDGE('',*,*,#1111,.T.);
#1509=ORIENTED_EDGE('',*,*,#1014,.T.);
#1510=ORIENTED_EDGE('',*,*,#1114,.T.);
#1511=ORIENTED_EDGE('',*,*,#910,.T.);
#1512=ORIENTED_EDGE('',*,*,#1115,.T.);
#1513=ORIENTED_EDGE('',*,*,#1116,.F.);
#1514=ORIENTED_EDGE('',*,*,#1011,.T.);
#1515=ORIENTED_EDGE('',*,*,#1117,.F.);
#1516=ORIENTED_EDGE('',*,*,#1118,.T.);
#1517=ORIENTED_EDGE('',*,*,#1119,.F.);
#1518=ORIENTED_EDGE('',*,*,#1020,.T.);
#1519=ORIENTED_EDGE('',*,*,#1120,.F.);
#1520=ORIENTED_EDGE('',*,*,#1121,.T.);
#1521=ORIENTED_EDGE('',*,*,#1122,.F.);
#1522=ORIENTED_EDGE('',*,*,#1028,.T.);
#1523=ORIENTED_EDGE('',*,*,#1123,.F.);
#1524=ORIENTED_EDGE('',*,*,#1124,.T.);
#1525=ORIENTED_EDGE('',*,*,#1125,.F.);
#1526=ORIENTED_EDGE('',*,*,#979,.T.);
#1527=ORIENTED_EDGE('',*,*,#975,.F.);
#1528=ORIENTED_EDGE('',*,*,#1032,.F.);
#1529=ORIENTED_EDGE('',*,*,#957,.T.);
#1530=ORIENTED_EDGE('',*,*,#959,.T.);
#1531=ORIENTED_EDGE('',*,*,#961,.T.);
#1532=ORIENTED_EDGE('',*,*,#1126,.T.);
#1533=ORIENTED_EDGE('',*,*,#1127,.T.);
#1534=ORIENTED_EDGE('',*,*,#1012,.T.);
#1535=ORIENTED_EDGE('',*,*,#1116,.T.);
#1536=ORIENTED_EDGE('',*,*,#1114,.F.);
#1537=ORIENTED_EDGE('',*,*,#1013,.T.);
#1538=ORIENTED_EDGE('',*,*,#1127,.F.);
#1539=ORIENTED_EDGE('',*,*,#1128,.T.);
#1540=ORIENTED_EDGE('',*,*,#973,.T.);
#1541=ORIENTED_EDGE('',*,*,#917,.T.);
#1542=ORIENTED_EDGE('',*,*,#1129,.T.);
#1543=ORIENTED_EDGE('',*,*,#1117,.T.);
#1544=ORIENTED_EDGE('',*,*,#1010,.T.);
#1545=ORIENTED_EDGE('',*,*,#1081,.T.);
#1546=ORIENTED_EDGE('',*,*,#1130,.T.);
#1547=ORIENTED_EDGE('',*,*,#1131,.T.);
#1548=ORIENTED_EDGE('',*,*,#1021,.T.);
#1549=ORIENTED_EDGE('',*,*,#1119,.T.);
#1550=ORIENTED_EDGE('',*,*,#1097,.F.);
#1551=ORIENTED_EDGE('',*,*,#1022,.T.);
#1552=ORIENTED_EDGE('',*,*,#1131,.F.);
#1553=ORIENTED_EDGE('',*,*,#1132,.T.);
#1554=ORIENTED_EDGE('',*,*,#1133,.T.);
#1555=ORIENTED_EDGE('',*,*,#1120,.T.);
#1556=ORIENTED_EDGE('',*,*,#1019,.T.);
#1557=ORIENTED_EDGE('',*,*,#1063,.T.);
#1558=ORIENTED_EDGE('',*,*,#1134,.T.);
#1559=ORIENTED_EDGE('',*,*,#1135,.T.);
#1560=ORIENTED_EDGE('',*,*,#1029,.T.);
#1561=ORIENTED_EDGE('',*,*,#1122,.T.);
#1562=ORIENTED_EDGE('',*,*,#1095,.F.);
#1563=ORIENTED_EDGE('',*,*,#1030,.T.);
#1564=ORIENTED_EDGE('',*,*,#1135,.F.);
#1565=ORIENTED_EDGE('',*,*,#1136,.T.);
#1566=ORIENTED_EDGE('',*,*,#1137,.T.);
#1567=ORIENTED_EDGE('',*,*,#1123,.T.);
#1568=ORIENTED_EDGE('',*,*,#1027,.T.);
#1569=ORIENTED_EDGE('',*,*,#1058,.T.);
#1570=ORIENTED_EDGE('',*,*,#1138,.T.);
#1571=ORIENTED_EDGE('',*,*,#1139,.T.);
#1572=ORIENTED_EDGE('',*,*,#980,.T.);
#1573=ORIENTED_EDGE('',*,*,#1125,.T.);
#1574=ORIENTED_EDGE('',*,*,#1084,.F.);
#1575=ORIENTED_EDGE('',*,*,#981,.T.);
#1576=ORIENTED_EDGE('',*,*,#1139,.F.);
#1577=ORIENTED_EDGE('',*,*,#1140,.T.);
#1578=ORIENTED_EDGE('',*,*,#1124,.F.);
#1579=ORIENTED_EDGE('',*,*,#1137,.F.);
#1580=ORIENTED_EDGE('',*,*,#1057,.F.);
#1581=ORIENTED_EDGE('',*,*,#1054,.F.);
#1582=ORIENTED_EDGE('',*,*,#1085,.F.);
#1583=ORIENTED_EDGE('',*,*,#1082,.F.);
#1584=ORIENTED_EDGE('',*,*,#1140,.F.);
#1585=ORIENTED_EDGE('',*,*,#1138,.F.);
#1586=ORIENTED_EDGE('',*,*,#1121,.F.);
#1587=ORIENTED_EDGE('',*,*,#1133,.F.);
#1588=ORIENTED_EDGE('',*,*,#1062,.F.);
#1589=ORIENTED_EDGE('',*,*,#1059,.F.);
#1590=ORIENTED_EDGE('',*,*,#1087,.F.);
#1591=ORIENTED_EDGE('',*,*,#1094,.F.);
#1592=ORIENTED_EDGE('',*,*,#1136,.F.);
#1593=ORIENTED_EDGE('',*,*,#1134,.F.);
#1594=ORIENTED_EDGE('',*,*,#1089,.F.);
#1595=ORIENTED_EDGE('',*,*,#1096,.F.);
#1596=ORIENTED_EDGE('',*,*,#1132,.F.);
#1597=ORIENTED_EDGE('',*,*,#1130,.F.);
#1598=ORIENTED_EDGE('',*,*,#1118,.F.);
#1599=ORIENTED_EDGE('',*,*,#1129,.F.);
#1600=ORIENTED_EDGE('',*,*,#1080,.F.);
#1601=ORIENTED_EDGE('',*,*,#1077,.F.);
#1602=ORIENTED_EDGE('',*,*,#1110,.F.);
#1603=ORIENTED_EDGE('',*,*,#1141,.F.);
#1604=ORIENTED_EDGE('',*,*,#1075,.F.);
#1605=ORIENTED_EDGE('',*,*,#1072,.F.);
#1606=ORIENTED_EDGE('',*,*,#1105,.F.);
#1607=ORIENTED_EDGE('',*,*,#1142,.F.);
#1608=ORIENTED_EDGE('',*,*,#1041,.F.);
#1609=ORIENTED_EDGE('',*,*,#1033,.T.);
#1610=ORIENTED_EDGE('',*,*,#1067,.F.);
#1611=ORIENTED_EDGE('',*,*,#1064,.F.);
#1612=ORIENTED_EDGE('',*,*,#1142,.T.);
#1613=ORIENTED_EDGE('',*,*,#1104,.T.);
#1614=ORIENTED_EDGE('',*,*,#1107,.T.);
#1615=ORIENTED_EDGE('',*,*,#1042,.T.);
#1616=ORIENTED_EDGE('',*,*,#1039,.F.);
#1617=ORIENTED_EDGE('',*,*,#1044,.F.);
#1618=ORIENTED_EDGE('',*,*,#1071,.F.);
#1619=ORIENTED_EDGE('',*,*,#1068,.F.);
#1620=ORIENTED_EDGE('',*,*,#1091,.F.);
#1621=ORIENTED_EDGE('',*,*,#1098,.F.);
#1622=ORIENTED_EDGE('',*,*,#1052,.F.);
#1623=ORIENTED_EDGE('',*,*,#1050,.F.);
#1624=ORIENTED_EDGE('',*,*,#901,.T.);
#1625=ORIENTED_EDGE('',*,*,#1093,.F.);
#1626=ORIENTED_EDGE('',*,*,#1099,.F.);
#1627=ORIENTED_EDGE('',*,*,#1048,.F.);
#1628=ORIENTED_EDGE('',*,*,#1046,.F.);
#1629=ORIENTED_EDGE('',*,*,#1036,.F.);
#1630=ORIENTED_EDGE('',*,*,#905,.T.);
#1631=ORIENTED_EDGE('',*,*,#1106,.F.);
#1632=ORIENTED_EDGE('',*,*,#1100,.F.);
#1633=ORIENTED_EDGE('',*,*,#1143,.F.);
#1634=ORIENTED_EDGE('',*,*,#1144,.F.);
#1635=ORIENTED_EDGE('',*,*,#909,.T.);
#1636=ORIENTED_EDGE('',*,*,#1112,.F.);
#1637=ORIENTED_EDGE('',*,*,#1113,.F.);
#1638=ORIENTED_EDGE('',*,*,#1128,.F.);
#1639=ORIENTED_EDGE('',*,*,#1126,.F.);
#1640=ORIENTED_EDGE('',*,*,#1115,.F.);
#1641=ORIENTED_EDGE('',*,*,#1102,.F.);
#1642=ORIENTED_EDGE('',*,*,#995,.T.);
#1643=ORIENTED_EDGE('',*,*,#1145,.F.);
#1644=ORIENTED_EDGE('',*,*,#1143,.T.);
#1645=ORIENTED_EDGE('',*,*,#969,.T.);
#1646=ORIENTED_EDGE('',*,*,#906,.T.);
#1647=ORIENTED_EDGE('',*,*,#1144,.T.);
#1648=ORIENTED_EDGE('',*,*,#1145,.T.);
#1649=ORIENTED_EDGE('',*,*,#994,.T.);
#1650=ORIENTED_EDGE('',*,*,#1076,.F.);
#1651=ORIENTED_EDGE('',*,*,#1146,.F.);
#1652=ORIENTED_EDGE('',*,*,#1147,.F.);
#1653=ORIENTED_EDGE('',*,*,#907,.T.);
#1654=ORIENTED_EDGE('',*,*,#1147,.T.);
#1655=ORIENTED_EDGE('',*,*,#1148,.F.);
#1656=ORIENTED_EDGE('',*,*,#1108,.F.);
#1657=ORIENTED_EDGE('',*,*,#1141,.T.);
#1658=ORIENTED_EDGE('',*,*,#1109,.T.);
#1659=ORIENTED_EDGE('',*,*,#1148,.T.);
#1660=ORIENTED_EDGE('',*,*,#1146,.T.);
#1661=CONICAL_SURFACE('',#1764,3.7,0.785398163397448);
#1662=CONICAL_SURFACE('',#1778,3.69999999999999,0.785398163397448);
#1663=CONICAL_SURFACE('',#1782,3.70000000000001,0.78539816339749);
#1664=CONICAL_SURFACE('',#1792,3.70000000000001,0.785398163397504);
#1665=ADVANCED_FACE('',(#178),#1661,.F.);
#1666=ADVANCED_FACE('',(#179,#112,#113,#114,#115,#116),#146,.F.);
#1667=ADVANCED_FACE('',(#180),#65,.F.);
#1668=ADVANCED_FACE('',(#181),#1662,.F.);
#1669=ADVANCED_FACE('',(#182),#66,.F.);
#1670=ADVANCED_FACE('',(#183),#1663,.F.);
#1671=ADVANCED_FACE('',(#184,#117,#118,#119,#120,#121),#147,.F.);
#1672=ADVANCED_FACE('',(#185),#67,.F.);
#1673=ADVANCED_FACE('',(#186),#1664,.F.);
#1674=ADVANCED_FACE('',(#187),#68,.F.);
#1675=ADVANCED_FACE('',(#188),#63,.F.);
#1676=ADVANCED_FACE('',(#189,#122,#123,#124,#125,#126),#148,.F.);
#1677=ADVANCED_FACE('',(#190),#69,.T.);
#1678=ADVANCED_FACE('',(#191),#64,.F.);
#1679=ADVANCED_FACE('',(#192),#70,.T.);
#1680=ADVANCED_FACE('',(#193),#71,.F.);
#1681=ADVANCED_FACE('',(#194),#72,.F.);
#1682=ADVANCED_FACE('',(#195),#73,.F.);
#1683=ADVANCED_FACE('',(#196),#149,.T.);
#1684=ADVANCED_FACE('',(#197),#150,.T.);
#1685=ADVANCED_FACE('',(#198),#74,.F.);
#1686=ADVANCED_FACE('',(#199),#75,.F.);
#1687=ADVANCED_FACE('',(#200),#76,.F.);
#1688=ADVANCED_FACE('',(#201),#77,.F.);
#1689=ADVANCED_FACE('',(#202),#78,.F.);
#1690=ADVANCED_FACE('',(#203),#79,.F.);
#1691=ADVANCED_FACE('',(#204),#151,.T.);
#1692=ADVANCED_FACE('',(#205),#152,.T.);
#1693=ADVANCED_FACE('',(#206,#127,#128,#129,#130,#131,#132),#80,.T.);
#1694=ADVANCED_FACE('',(#207),#153,.T.);
#1695=ADVANCED_FACE('',(#208),#154,.T.);
#1696=ADVANCED_FACE('',(#209),#81,.F.);
#1697=ADVANCED_FACE('',(#210),#155,.T.);
#1698=ADVANCED_FACE('',(#211),#82,.F.);
#1699=ADVANCED_FACE('',(#212),#83,.F.);
#1700=ADVANCED_FACE('',(#213,#133,#134),#156,.T.);
#1701=ADVANCED_FACE('',(#214),#84,.F.);
#1702=ADVANCED_FACE('',(#215),#157,.T.);
#1703=ADVANCED_FACE('',(#216),#85,.F.);
#1704=ADVANCED_FACE('',(#217),#158,.F.);
#1705=ADVANCED_FACE('',(#218),#86,.F.);
#1706=ADVANCED_FACE('',(#219),#159,.F.);
#1707=ADVANCED_FACE('',(#220),#87,.F.);
#1708=ADVANCED_FACE('',(#221),#160,.F.);
#1709=ADVANCED_FACE('',(#222),#88,.F.);
#1710=ADVANCED_FACE('',(#223),#161,.F.);
#1711=ADVANCED_FACE('',(#224),#89,.F.);
#1712=ADVANCED_FACE('',(#225),#162,.F.);
#1713=ADVANCED_FACE('',(#226),#90,.F.);
#1714=ADVANCED_FACE('',(#227),#163,.F.);
#1715=ADVANCED_FACE('',(#228),#91,.F.);
#1716=ADVANCED_FACE('',(#229,#135,#136,#137,#138,#139),#164,.T.);
#1717=ADVANCED_FACE('',(#230),#92,.F.);
#1718=ADVANCED_FACE('',(#231),#93,.F.);
#1719=ADVANCED_FACE('',(#232),#94,.F.);
#1720=ADVANCED_FACE('',(#233),#95,.F.);
#1721=ADVANCED_FACE('',(#234),#96,.F.);
#1722=ADVANCED_FACE('',(#235),#165,.T.);
#1723=ADVANCED_FACE('',(#236),#166,.T.);
#1724=ADVANCED_FACE('',(#237),#167,.T.);
#1725=ADVANCED_FACE('',(#238),#97,.F.);
#1726=ADVANCED_FACE('',(#239,#140,#141,#142),#168,.T.);
#1727=ADVANCED_FACE('',(#240),#98,.F.);
#1728=ADVANCED_FACE('',(#241,#143,#144),#169,.T.);
#1729=ADVANCED_FACE('',(#242),#99,.F.);
#1730=ADVANCED_FACE('',(#243),#100,.F.);
#1731=ADVANCED_FACE('',(#244),#170,.T.);
#1732=ADVANCED_FACE('',(#245),#101,.F.);
#1733=ADVANCED_FACE('',(#246),#102,.F.);
#1734=ADVANCED_FACE('',(#247),#171,.T.);
#1735=ADVANCED_FACE('',(#248),#103,.F.);
#1736=ADVANCED_FACE('',(#249),#104,.F.);
#1737=ADVANCED_FACE('',(#250),#172,.T.);
#1738=ADVANCED_FACE('',(#251),#105,.F.);
#1739=ADVANCED_FACE('',(#252),#106,.F.);
#1740=ADVANCED_FACE('',(#253),#107,.F.);
#1741=ADVANCED_FACE('',(#254),#173,.T.);
#1742=ADVANCED_FACE('',(#255),#108,.F.);
#1743=ADVANCED_FACE('',(#256),#109,.F.);
#1744=ADVANCED_FACE('',(#257),#110,.F.);
#1745=ADVANCED_FACE('',(#258),#111,.F.);
#1746=ADVANCED_FACE('',(#259,#145),#174,.T.);
#1747=ADVANCED_FACE('',(#260),#175,.T.);
#1748=ADVANCED_FACE('',(#261),#176,.T.);
#1749=ADVANCED_FACE('',(#262),#177,.T.);
#1750=CLOSED_SHELL('',(#1665,#1666,#1667,#1668,#1669,#1670,#1671,#1672,
#1673,#1674,#1675,#1676,#1677,#1678,#1679,#1680,#1681,#1682,#1683,#1684,
#1685,#1686,#1687,#1688,#1689,#1690,#1691,#1692,#1693,#1694,#1695,#1696,
#1697,#1698,#1699,#1700,#1701,#1702,#1703,#1704,#1705,#1706,#1707,#1708,
#1709,#1710,#1711,#1712,#1713,#1714,#1715,#1716,#1717,#1718,#1719,#1720,
#1721,#1722,#1723,#1724,#1725,#1726,#1727,#1728,#1729,#1730,#1731,#1732,
#1733,#1734,#1735,#1736,#1737,#1738,#1739,#1740,#1741,#1742,#1743,#1744,
#1745,#1746,#1747,#1748,#1749));
#1751=DERIVED_UNIT_ELEMENT(#1753,1.);
#1752=DERIVED_UNIT_ELEMENT(#3325,-3.);
#1753=(
MASS_UNIT()
NAMED_UNIT(*)
SI_UNIT(.KILO.,.GRAM.)
);
#1754=DERIVED_UNIT((#1751,#1752));
#1755=MEASURE_REPRESENTATION_ITEM('density measure',
POSITIVE_RATIO_MEASURE(7850.),#1754);
#1756=PROPERTY_DEFINITION_REPRESENTATION(#1761,#1758);
#1757=PROPERTY_DEFINITION_REPRESENTATION(#1762,#1759);
#1758=REPRESENTATION('material name',(#1760),#3322);
#1759=REPRESENTATION('density',(#1755),#3322);
#1760=DESCRIPTIVE_REPRESENTATION_ITEM('Acier','Acier');
#1761=PROPERTY_DEFINITION('material property','material name',#3332);
#1762=PROPERTY_DEFINITION('material property','density of part',#3332);
#1763=AXIS2_PLACEMENT_3D('',#2377,#1923,#1924);
#1764=AXIS2_PLACEMENT_3D('',#2378,#1925,#1926);
#1765=AXIS2_PLACEMENT_3D('',#2380,#1927,#1928);
#1766=AXIS2_PLACEMENT_3D('',#2383,#1930,#1931);
#1767=AXIS2_PLACEMENT_3D('',#2384,#1932,#1933);
#1768=AXIS2_PLACEMENT_3D('',#2389,#1935,#1936);
#1769=AXIS2_PLACEMENT_3D('',#2397,#1940,#1941);
#1770=AXIS2_PLACEMENT_3D('',#2405,#1945,#1946);
#1771=AXIS2_PLACEMENT_3D('',#2413,#1950,#1951);
#1772=AXIS2_PLACEMENT_3D('',#2418,#1954,#1955);
#1773=AXIS2_PLACEMENT_3D('',#2420,#1956,#1957);
#1774=AXIS2_PLACEMENT_3D('',#2422,#1958,#1959);
#1775=AXIS2_PLACEMENT_3D('',#2424,#1960,#1961);
#1776=AXIS2_PLACEMENT_3D('',#2425,#1962,#1963);
#1777=AXIS2_PLACEMENT_3D('',#2428,#1965,#1966);
#1778=AXIS2_PLACEMENT_3D('',#2429,#1967,#1968);
#1779=AXIS2_PLACEMENT_3D('',#2432,#1970,#1971);
#1780=AXIS2_PLACEMENT_3D('',#2433,#1972,#1973);
#1781=AXIS2_PLACEMENT_3D('',#2436,#1975,#1976);
#1782=AXIS2_PLACEMENT_3D('',#2437,#1977,#1978);
#1783=AXIS2_PLACEMENT_3D('',#2439,#1979,#1980);
#1784=AXIS2_PLACEMENT_3D('',#2442,#1982,#1983);
#1785=AXIS2_PLACEMENT_3D('',#2443,#1984,#1985);
#1786=AXIS2_PLACEMENT_3D('',#2450,#1989,#1990);
#1787=AXIS2_PLACEMENT_3D('',#2452,#1991,#1992);
#1788=AXIS2_PLACEMENT_3D('',#2454,#1993,#1994);
#1789=AXIS2_PLACEMENT_3D('',#2456,#1995,#1996);
#1790=AXIS2_PLACEMENT_3D('',#2457,#1997,#1998);
#1791=AXIS2_PLACEMENT_3D('',#2460,#2000,#2001);
#1792=AXIS2_PLACEMENT_3D('',#2461,#2002,#2003);
#1793=AXIS2_PLACEMENT_3D('',#2464,#2005,#2006);
#1794=AXIS2_PLACEMENT_3D('',#2465,#2007,#2008);
#1795=AXIS2_PLACEMENT_3D('',#2468,#2010,#2011);
#1796=AXIS2_PLACEMENT_3D('',#2469,#2012,#2013);
#1797=AXIS2_PLACEMENT_3D('',#2472,#2014,#2015);
#1798=AXIS2_PLACEMENT_3D('',#2474,#2016,#2017);
#1799=AXIS2_PLACEMENT_3D('',#2475,#2018,#2019);
#1800=AXIS2_PLACEMENT_3D('',#2476,#2020,#2021);
#1801=AXIS2_PLACEMENT_3D('',#2477,#2022,#2023);
#1802=AXIS2_PLACEMENT_3D('',#2484,#2027,#2028);
#1803=AXIS2_PLACEMENT_3D('',#2486,#2029,#2030);
#1804=AXIS2_PLACEMENT_3D('',#2488,#2031,#2032);
#1805=AXIS2_PLACEMENT_3D('',#2490,#2033,#2034);
#1806=AXIS2_PLACEMENT_3D('',#2491,#2035,#2036);
#1807=AXIS2_PLACEMENT_3D('',#2493,#2037,#2038);
#1808=AXIS2_PLACEMENT_3D('',#2495,#2040,#2041);
#1809=AXIS2_PLACEMENT_3D('',#2498,#2042,#2043);
#1810=AXIS2_PLACEMENT_3D('',#2499,#2044,#2045);
#1811=AXIS2_PLACEMENT_3D('',#2500,#2046,#2047);
#1812=AXIS2_PLACEMENT_3D('',#2501,#2048,#2049);
#1813=AXIS2_PLACEMENT_3D('',#2503,#2050,#2051);
#1814=AXIS2_PLACEMENT_3D('',#2505,#2053,#2054);
#1815=AXIS2_PLACEMENT_3D('',#2508,#2056,#2057);
#1816=AXIS2_PLACEMENT_3D('',#2509,#2058,#2059);
#1817=AXIS2_PLACEMENT_3D('',#2512,#2061,#2062);
#1818=AXIS2_PLACEMENT_3D('',#2513,#2063,#2064);
#1819=AXIS2_PLACEMENT_3D('',#2516,#2066,#2067);
#1820=AXIS2_PLACEMENT_3D('',#2517,#2068,#2069);
#1821=AXIS2_PLACEMENT_3D('',#2518,#2070,#2071);
#1822=AXIS2_PLACEMENT_3D('',#2519,#2072,#2073);
#1823=AXIS2_PLACEMENT_3D('',#2522,#2075,#2076);
#1824=AXIS2_PLACEMENT_3D('',#2523,#2077,#2078);
#1825=AXIS2_PLACEMENT_3D('',#2526,#2080,#2081);
#1826=AXIS2_PLACEMENT_3D('',#2527,#2082,#2083);
#1827=AXIS2_PLACEMENT_3D('',#2530,#2085,#2086);
#1828=AXIS2_PLACEMENT_3D('',#2531,#2087,#2088);
#1829=AXIS2_PLACEMENT_3D('',#2534,#2090,#2091);
#1830=AXIS2_PLACEMENT_3D('',#2535,#2092,#2093);
#1831=AXIS2_PLACEMENT_3D('',#2538,#2095,#2096);
#1832=AXIS2_PLACEMENT_3D('',#2539,#2097,#2098);
#1833=AXIS2_PLACEMENT_3D('',#2542,#2100,#2101);
#1834=AXIS2_PLACEMENT_3D('',#2543,#2102,#2103);
#1835=AXIS2_PLACEMENT_3D('',#2548,#2106,#2107);
#1836=AXIS2_PLACEMENT_3D('',#2549,#2108,#2109);
#1837=AXIS2_PLACEMENT_3D('',#2553,#2112,#2113);
#1838=AXIS2_PLACEMENT_3D('',#2568,#2115,#2116);
#1839=AXIS2_PLACEMENT_3D('',#2582,#2118,#2119);
#1840=AXIS2_PLACEMENT_3D('',#2585,#2120,#2121);
#1841=AXIS2_PLACEMENT_3D('',#2611,#2123,#2124);
#1842=AXIS2_PLACEMENT_3D('',#2637,#2126,#2127);
#1843=AXIS2_PLACEMENT_3D('',#2641,#2129,#2130);
#1844=AXIS2_PLACEMENT_3D('',#2667,#2132,#2133);
#1845=AXIS2_PLACEMENT_3D('',#2693,#2135,#2136);
#1846=AXIS2_PLACEMENT_3D('',#2732,#2139,#2140);
#1847=AXIS2_PLACEMENT_3D('',#2758,#2142,#2143);
#1848=AXIS2_PLACEMENT_3D('',#2795,#2145,#2146);
#1849=AXIS2_PLACEMENT_3D('',#2820,#2148,#2149);
#1850=AXIS2_PLACEMENT_3D('',#2847,#2151,#2152);
#1851=AXIS2_PLACEMENT_3D('',#2872,#2154,#2155);
#1852=AXIS2_PLACEMENT_3D('',#2873,#2156,#2157);
#1853=AXIS2_PLACEMENT_3D('',#2875,#2159,#2160);
#1854=AXIS2_PLACEMENT_3D('',#2877,#2162,#2163);
#1855=AXIS2_PLACEMENT_3D('',#2892,#2166,#2167);
#1856=AXIS2_PLACEMENT_3D('',#2906,#2176,#2177);
#1857=AXIS2_PLACEMENT_3D('',#2919,#2179,#2180);
#1858=AXIS2_PLACEMENT_3D('',#2932,#2182,#2183);
#1859=AXIS2_PLACEMENT_3D('',#2934,#2184,#2185);
#1860=AXIS2_PLACEMENT_3D('',#2936,#2187,#2188);
#1861=AXIS2_PLACEMENT_3D('',#2949,#2190,#2191);
#1862=AXIS2_PLACEMENT_3D('',#2951,#2192,#2193);
#1863=AXIS2_PLACEMENT_3D('',#2953,#2195,#2196);
#1864=AXIS2_PLACEMENT_3D('',#2968,#2199,#2200);
#1865=AXIS2_PLACEMENT_3D('',#2970,#2201,#2202);
#1866=AXIS2_PLACEMENT_3D('',#2972,#2204,#2205);
#1867=AXIS2_PLACEMENT_3D('',#2987,#2208,#2209);
#1868=AXIS2_PLACEMENT_3D('',#2989,#2210,#2211);
#1869=AXIS2_PLACEMENT_3D('',#2991,#2213,#2214);
#1870=AXIS2_PLACEMENT_3D('',#3006,#2217,#2218);
#1871=AXIS2_PLACEMENT_3D('',#3007,#2219,#2220);
#1872=AXIS2_PLACEMENT_3D('',#3008,#2221,#2222);
#1873=AXIS2_PLACEMENT_3D('',#3023,#2225,#2226);
#1874=AXIS2_PLACEMENT_3D('',#3024,#2227,#2228);
#1875=AXIS2_PLACEMENT_3D('',#3025,#2229,#2230);
#1876=AXIS2_PLACEMENT_3D('',#3040,#2233,#2234);
#1877=AXIS2_PLACEMENT_3D('',#3042,#2235,#2236);
#1878=AXIS2_PLACEMENT_3D('',#3044,#2238,#2239);
#1879=AXIS2_PLACEMENT_3D('',#3059,#2242,#2243);
#1880=AXIS2_PLACEMENT_3D('',#3061,#2244,#2245);
#1881=AXIS2_PLACEMENT_3D('',#3063,#2247,#2248);
#1882=AXIS2_PLACEMENT_3D('',#3078,#2251,#2252);
#1883=AXIS2_PLACEMENT_3D('',#3092,#2262,#2263);
#1884=AXIS2_PLACEMENT_3D('',#3105,#2265,#2266);
#1885=AXIS2_PLACEMENT_3D('',#3118,#2268,#2269);
#1886=AXIS2_PLACEMENT_3D('',#3129,#2270,#2271);
#1887=AXIS2_PLACEMENT_3D('',#3140,#2272,#2273);
#1888=AXIS2_PLACEMENT_3D('',#3155,#2276,#2277);
#1889=AXIS2_PLACEMENT_3D('',#3162,#2282,#2283);
#1890=AXIS2_PLACEMENT_3D('',#3164,#2285,#2286);
#1891=AXIS2_PLACEMENT_3D('',#3173,#2292,#2293);
#1892=AXIS2_PLACEMENT_3D('',#3186,#2295,#2296);
#1893=AXIS2_PLACEMENT_3D('',#3205,#2308,#2309);
#1894=AXIS2_PLACEMENT_3D('',#3218,#2311,#2312);
#1895=AXIS2_PLACEMENT_3D('',#3219,#2313,#2314);
#1896=AXIS2_PLACEMENT_3D('',#3220,#2315,#2316);
#1897=AXIS2_PLACEMENT_3D('',#3231,#2317,#2318);
#1898=AXIS2_PLACEMENT_3D('',#3244,#2320,#2321);
#1899=AXIS2_PLACEMENT_3D('',#3245,#2322,#2323);
#1900=AXIS2_PLACEMENT_3D('',#3246,#2324,#2325);
#1901=AXIS2_PLACEMENT_3D('',#3257,#2326,#2327);
#1902=AXIS2_PLACEMENT_3D('',#3270,#2329,#2330);
#1903=AXIS2_PLACEMENT_3D('',#3271,#2331,#2332);
#1904=AXIS2_PLACEMENT_3D('',#3272,#2333,#2334);
#1905=AXIS2_PLACEMENT_3D('',#3283,#2335,#2336);
#1906=AXIS2_PLACEMENT_3D('',#3296,#2338,#2339);
#1907=AXIS2_PLACEMENT_3D('',#3297,#2340,#2341);
#1908=AXIS2_PLACEMENT_3D('',#3298,#2342,#2343);
#1909=AXIS2_PLACEMENT_3D('',#3299,#2344,#2345);
#1910=AXIS2_PLACEMENT_3D('',#3300,#2346,#2347);
#1911=AXIS2_PLACEMENT_3D('',#3301,#2348,#2349);
#1912=AXIS2_PLACEMENT_3D('',#3302,#2350,#2351);
#1913=AXIS2_PLACEMENT_3D('',#3303,#2352,#2353);
#1914=AXIS2_PLACEMENT_3D('',#3304,#2354,#2355);
#1915=AXIS2_PLACEMENT_3D('',#3305,#2356,#2357);
#1916=AXIS2_PLACEMENT_3D('',#3306,#2358,#2359);
#1917=AXIS2_PLACEMENT_3D('',#3308,#2360,#2361);
#1918=AXIS2_PLACEMENT_3D('',#3310,#2363,#2364);
#1919=AXIS2_PLACEMENT_3D('',#3311,#2365,#2366);
#1920=AXIS2_PLACEMENT_3D('',#3313,#2368,#2369);
#1921=AXIS2_PLACEMENT_3D('',#3317,#2372,#2373);
#1922=AXIS2_PLACEMENT_3D('',#3319,#2375,#2376);
#1923=DIRECTION('axis',(0.,0.,1.));
#1924=DIRECTION('refdir',(1.,0.,0.));
#1925=DIRECTION('center_axis',(0.,0.,-1.));
#1926=DIRECTION('ref_axis',(1.,0.,0.));
#1927=DIRECTION('center_axis',(0.,0.,-1.));
#1928=DIRECTION('ref_axis',(1.,0.,0.));
#1929=DIRECTION('',(0.707106781186547,-8.65956056235493E-17,0.707106781186547));
#1930=DIRECTION('center_axis',(0.,0.,1.));
#1931=DIRECTION('ref_axis',(1.,0.,0.));
#1932=DIRECTION('center_axis',(0.,0.,1.));
#1933=DIRECTION('ref_axis',(1.,0.,0.));
#1934=DIRECTION('',(0.663926212652242,-0.747798090498532,0.));
#1935=DIRECTION('center_axis',(0.,0.,1.));
#1936=DIRECTION('ref_axis',(0.958333333333333,0.285652275016711,0.));
#1937=DIRECTION('',(0.67559020761566,0.737277336810124,0.));
#1938=DIRECTION('',(-0.737277336810122,0.675590207615662,0.));
#1939=DIRECTION('',(0.675590207615661,0.737277336810124,0.));
#1940=DIRECTION('center_axis',(0.,0.,-1.));
#1941=DIRECTION('ref_axis',(1.,0.,0.));
#1942=DIRECTION('',(-0.228350870110655,-0.97357890287316,0.));
#1943=DIRECTION('',(-0.97357890287316,0.228350870110655,0.));
#1944=DIRECTION('',(0.228350870110656,0.97357890287316,0.));
#1945=DIRECTION('center_axis',(0.,0.,-1.));
#1946=DIRECTION('ref_axis',(1.,0.,0.));
#1947=DIRECTION('',(0.228350870110656,-0.97357890287316,0.));
#1948=DIRECTION('',(-0.973578902873161,-0.228350870110655,0.));
#1949=DIRECTION('',(-0.228350870110656,0.97357890287316,0.));
#1950=DIRECTION('center_axis',(0.,0.,-1.));
#1951=DIRECTION('ref_axis',(1.,0.,0.));
#1952=DIRECTION('',(0.66392621265224,-0.747798090498533,0.));
#1953=DIRECTION('',(-0.747798090498535,-0.663926212652239,0.));
#1954=DIRECTION('center_axis',(0.,0.,-1.));
#1955=DIRECTION('ref_axis',(1.,0.,0.));
#1956=DIRECTION('center_axis',(0.,0.,1.));
#1957=DIRECTION('ref_axis',(1.,0.,0.));
#1958=DIRECTION('center_axis',(0.,0.,1.));
#1959=DIRECTION('ref_axis',(1.,0.,0.));
#1960=DIRECTION('center_axis',(0.,0.,1.));
#1961=DIRECTION('ref_axis',(1.,0.,0.));
#1962=DIRECTION('center_axis',(0.,0.,1.));
#1963=DIRECTION('ref_axis',(1.,0.,0.));
#1964=DIRECTION('',(0.,0.,1.));
#1965=DIRECTION('center_axis',(0.,0.,-1.));
#1966=DIRECTION('ref_axis',(1.,0.,0.));
#1967=DIRECTION('center_axis',(0.,0.,-1.));
#1968=DIRECTION('ref_axis',(1.,0.,0.));
#1969=DIRECTION('',(0.707106781186548,-8.65956056235493E-17,0.707106781186548));
#1970=DIRECTION('center_axis',(0.,0.,1.));
#1971=DIRECTION('ref_axis',(1.,0.,0.));
#1972=DIRECTION('center_axis',(0.,0.,1.));
#1973=DIRECTION('ref_axis',(1.,0.,0.));
#1974=DIRECTION('',(0.,0.,1.));
#1975=DIRECTION('center_axis',(0.,0.,-1.));
#1976=DIRECTION('ref_axis',(1.,0.,0.));
#1977=DIRECTION('center_axis',(-0.73727733681012,0.675590207615665,0.));
#1978=DIRECTION('ref_axis',(-0.67559020761566,-0.737277336810124,0.));
#1979=DIRECTION('center_axis',(-0.737277336810124,0.67559020761566,0.));
#1980=DIRECTION('ref_axis',(-0.67559020761566,-0.737277336810124,0.));
#1981=DIRECTION('',(0.0436193873652868,-0.99904822158186,8.65956056235531E-17));
#1982=DIRECTION('center_axis',(0.737277336810124,-0.67559020761566,0.));
#1983=DIRECTION('ref_axis',(-0.675590207615661,-0.737277336810124,0.));
#1984=DIRECTION('center_axis',(0.737277336810124,-0.67559020761566,0.));
#1985=DIRECTION('ref_axis',(-0.67559020761566,-0.737277336810124,0.));
#1986=DIRECTION('',(0.,0.,1.));
#1987=DIRECTION('',(0.,0.,-1.));
#1988=DIRECTION('',(-0.67559020761566,-0.737277336810124,0.));
#1989=DIRECTION('center_axis',(-0.737277336810124,0.67559020761566,0.));
#1990=DIRECTION('ref_axis',(-0.67559020761566,-0.737277336810124,0.));
#1991=DIRECTION('center_axis',(0.737277336810124,-0.67559020761566,0.));
#1992=DIRECTION('ref_axis',(-0.675590207615661,-0.737277336810124,0.));
#1993=DIRECTION('center_axis',(0.737277336810124,-0.67559020761566,0.));
#1994=DIRECTION('ref_axis',(-0.675590207615661,-0.737277336810124,0.));
#1995=DIRECTION('center_axis',(0.737277336810124,-0.67559020761566,0.));
#1996=DIRECTION('ref_axis',(-0.675590207615661,-0.737277336810124,0.));
#1997=DIRECTION('center_axis',(0.737277336810124,-0.675590207615661,0.));
#1998=DIRECTION('ref_axis',(-0.675590207615661,-0.737277336810124,0.));
#1999=DIRECTION('',(0.737277336810124,-0.675590207615661,0.));
#2000=DIRECTION('center_axis',(-0.737277336810124,0.675590207615661,0.));
#2001=DIRECTION('ref_axis',(-0.675590207615661,-0.737277336810124,0.));
#2002=DIRECTION('center_axis',(-0.737277336810129,0.675590207615655,0.));
#2003=DIRECTION('ref_axis',(-0.67559020761566,-0.737277336810124,0.));
#2004=DIRECTION('',(0.0436193873652866,-0.99904822158186,8.65956056235542E-17));
#2005=DIRECTION('center_axis',(0.737277336810124,-0.67559020761566,0.));
#2006=DIRECTION('ref_axis',(-0.675590207615661,-0.737277336810124,0.));
#2007=DIRECTION('center_axis',(0.737277336810124,-0.675590207615661,0.));
#2008=DIRECTION('ref_axis',(-0.675590207615661,-0.737277336810124,0.));
#2009=DIRECTION('',(0.737277336810124,-0.675590207615661,0.));
#2010=DIRECTION('center_axis',(-0.737277336810124,0.675590207615661,0.));
#2011=DIRECTION('ref_axis',(-0.675590207615661,-0.737277336810124,0.));
#2012=DIRECTION('center_axis',(-0.747798090498532,-0.663926212652242,0.));
#2013=DIRECTION('ref_axis',(0.,0.,1.));
#2014=DIRECTION('center_axis',(-0.747798090498532,-0.663926212652242,0.));
#2015=DIRECTION('ref_axis',(-0.663926212652241,0.747798090498532,0.));
#2016=DIRECTION('center_axis',(0.663926212652242,-0.747798090498532,0.));
#2017=DIRECTION('ref_axis',(0.,0.,-1.));
#2018=DIRECTION('center_axis',(0.747798090498532,0.663926212652242,0.));
#2019=DIRECTION('ref_axis',(-0.663926212652242,0.747798090498532,0.));
#2020=DIRECTION('center_axis',(-0.747798090498532,-0.663926212652242,0.));
#2021=DIRECTION('ref_axis',(-0.663926212652241,0.747798090498532,0.));
#2022=DIRECTION('center_axis',(-0.747798090498532,-0.663926212652242,0.));
#2023=DIRECTION('ref_axis',(-0.663926212652242,0.747798090498532,0.));
#2024=DIRECTION('',(0.,0.,1.));
#2025=DIRECTION('',(0.,0.,-1.));
#2026=DIRECTION('',(-0.663926212652242,0.747798090498532,0.));
#2027=DIRECTION('center_axis',(0.747798090498532,0.663926212652242,0.));
#2028=DIRECTION('ref_axis',(-0.663926212652242,0.747798090498532,0.));
#2029=DIRECTION('center_axis',(-0.747798090498532,-0.663926212652242,0.));
#2030=DIRECTION('ref_axis',(-0.663926212652241,0.747798090498532,0.));
#2031=DIRECTION('center_axis',(-0.747798090498532,-0.663926212652242,0.));
#2032=DIRECTION('ref_axis',(-0.663926212652241,0.747798090498532,0.));
#2033=DIRECTION('center_axis',(-0.747798090498532,-0.663926212652242,0.));
#2034=DIRECTION('ref_axis',(-0.663926212652241,0.747798090498532,0.));
#2035=DIRECTION('center_axis',(0.747798090498531,0.663926212652242,0.));
#2036=DIRECTION('ref_axis',(-0.663926212652242,0.747798090498531,0.));
#2037=DIRECTION('center_axis',(0.747798090498532,0.663926212652242,0.));
#2038=DIRECTION('ref_axis',(-0.663926212652242,0.747798090498532,0.));
#2039=DIRECTION('',(-0.747798090498531,-0.663926212652242,0.));
#2040=DIRECTION('center_axis',(-0.747798090498532,-0.663926212652242,0.));
#2041=DIRECTION('ref_axis',(0.,0.,1.));
#2042=DIRECTION('center_axis',(-0.747798090498532,-0.663926212652242,0.));
#2043=DIRECTION('ref_axis',(-0.663926212652241,0.747798090498532,0.));
#2044=DIRECTION('center_axis',(0.663926212652242,-0.747798090498532,0.));
#2045=DIRECTION('ref_axis',(0.,0.,-1.));
#2046=DIRECTION('center_axis',(-0.747798090498532,-0.663926212652242,0.));
#2047=DIRECTION('ref_axis',(-0.663926212652241,0.747798090498532,0.));
#2048=DIRECTION('center_axis',(0.747798090498531,0.663926212652242,0.));
#2049=DIRECTION('ref_axis',(-0.663926212652242,0.747798090498531,0.));
#2050=DIRECTION('center_axis',(0.747798090498532,0.663926212652242,0.));
#2051=DIRECTION('ref_axis',(-0.663926212652242,0.747798090498532,0.));
#2052=DIRECTION('',(-0.747798090498531,-0.663926212652242,0.));
#2053=DIRECTION('center_axis',(-0.747798090498532,-0.663926212652241,0.));
#2054=DIRECTION('ref_axis',(-0.663926212652241,0.747798090498532,0.));
#2055=DIRECTION('',(-0.747798090498532,-0.663926212652241,0.));
#2056=DIRECTION('center_axis',(0.747798090498533,0.66392621265224,0.));
#2057=DIRECTION('ref_axis',(-0.663926212652241,0.747798090498532,0.));
#2058=DIRECTION('center_axis',(-0.747798090498532,-0.663926212652241,0.));
#2059=DIRECTION('ref_axis',(-0.663926212652241,0.747798090498532,0.));
#2060=DIRECTION('',(-0.747798090498532,-0.663926212652241,0.));
#2061=DIRECTION('center_axis',(0.747798090498533,0.66392621265224,0.));
#2062=DIRECTION('ref_axis',(-0.663926212652241,0.747798090498532,0.));
#2063=DIRECTION('center_axis',(-0.747798090498532,-0.663926212652241,0.));
#2064=DIRECTION('ref_axis',(-0.663926212652241,0.747798090498532,0.));
#2065=DIRECTION('',(-0.747798090498532,-0.663926212652241,0.));
#2066=DIRECTION('center_axis',(0.747798090498533,0.66392621265224,0.));
#2067=DIRECTION('ref_axis',(-0.663926212652241,0.747798090498532,0.));
#2068=DIRECTION('center_axis',(0.747798090498532,0.663926212652242,0.));
#2069=DIRECTION('ref_axis',(-0.663926212652242,0.747798090498532,0.));
#2070=DIRECTION('center_axis',(0.747798090498532,0.663926212652242,0.));
#2071=DIRECTION('ref_axis',(-0.663926212652242,0.747798090498532,0.));
#2072=DIRECTION('center_axis',(0.737277336810124,-0.675590207615661,0.));
#2073=DIRECTION('ref_axis',(-0.675590207615661,-0.737277336810124,0.));
#2074=DIRECTION('',(0.737277336810124,-0.67559020761566,0.));
#2075=DIRECTION('center_axis',(-0.737277336810124,0.675590207615661,0.));
#2076=DIRECTION('ref_axis',(-0.675590207615661,-0.737277336810124,0.));
#2077=DIRECTION('center_axis',(0.737277336810124,-0.675590207615661,0.));
#2078=DIRECTION('ref_axis',(-0.675590207615661,-0.737277336810124,0.));
#2079=DIRECTION('',(0.737277336810124,-0.67559020761566,0.));
#2080=DIRECTION('center_axis',(-0.737277336810124,0.675590207615661,0.));
#2081=DIRECTION('ref_axis',(-0.675590207615661,-0.737277336810124,0.));
#2082=DIRECTION('center_axis',(0.737277336810124,-0.675590207615661,0.));
#2083=DIRECTION('ref_axis',(-0.675590207615661,-0.737277336810124,0.));
#2084=DIRECTION('',(0.737277336810124,-0.67559020761566,0.));
#2085=DIRECTION('center_axis',(-0.737277336810124,0.675590207615661,0.));
#2086=DIRECTION('ref_axis',(-0.675590207615661,-0.737277336810124,0.));
#2087=DIRECTION('center_axis',(0.,0.,1.));
#2088=DIRECTION('ref_axis',(1.,0.,0.));
#2089=DIRECTION('',(0.,0.,1.));
#2090=DIRECTION('center_axis',(0.,0.,-1.));
#2091=DIRECTION('ref_axis',(1.,0.,0.));
#2092=DIRECTION('center_axis',(0.,0.,1.));
#2093=DIRECTION('ref_axis',(1.,0.,0.));
#2094=DIRECTION('',(0.,0.,1.));
#2095=DIRECTION('center_axis',(0.,0.,-1.));
#2096=DIRECTION('ref_axis',(1.,0.,0.));
#2097=DIRECTION('center_axis',(0.,0.,1.));
#2098=DIRECTION('ref_axis',(1.,0.,0.));
#2099=DIRECTION('',(0.,0.,1.));
#2100=DIRECTION('center_axis',(0.,0.,-1.));
#2101=DIRECTION('ref_axis',(1.,0.,0.));
#2102=DIRECTION('center_axis',(0.,0.,1.));
#2103=DIRECTION('ref_axis',(1.,0.,0.));
#2104=DIRECTION('',(-0.747798090498535,-0.663926212652239,0.));
#2105=DIRECTION('',(0.66392621265224,-0.747798090498533,0.));
#2106=DIRECTION('center_axis',(0.,0.,1.));
#2107=DIRECTION('ref_axis',(-0.958333333333333,-0.285652275016711,0.));
#2108=DIRECTION('center_axis',(0.675590207615662,0.737277336810122,0.));
#2109=DIRECTION('ref_axis',(-0.737277336810122,0.675590207615662,0.));
#2110=DIRECTION('',(-0.737277336810122,0.675590207615662,0.));
#2111=DIRECTION('',(0.,0.,1.));
#2112=DIRECTION('center_axis',(0.,0.,1.));
#2113=DIRECTION('ref_axis',(0.958333333333333,0.285652275016711,0.));
#2114=DIRECTION('',(0.,0.,1.));
#2115=DIRECTION('center_axis',(0.,0.,1.));
#2116=DIRECTION('ref_axis',(-0.6813598739533,-0.731948578908616,0.));
#2117=DIRECTION('',(0.,0.,1.));
#2118=DIRECTION('center_axis',(0.,0.,1.));
#2119=DIRECTION('ref_axis',(-0.958333333333333,-0.285652275016711,0.));
#2120=DIRECTION('center_axis',(0.,0.,1.));
#2121=DIRECTION('ref_axis',(1.,0.,0.));
#2122=DIRECTION('',(0.,0.,1.));
#2123=DIRECTION('center_axis',(0.,0.,1.));
#2124=DIRECTION('ref_axis',(-0.669778867691701,-0.742560615972611,0.));
#2125=DIRECTION('',(0.,0.,1.));
#2126=DIRECTION('center_axis',(0.,0.,1.));
#2127=DIRECTION('ref_axis',(-0.6813598739533,-0.731948578908616,0.));
#2128=DIRECTION('',(0.,0.,1.));
#2129=DIRECTION('center_axis',(0.,0.,1.));
#2130=DIRECTION('ref_axis',(1.,0.,0.));
#2131=DIRECTION('',(0.,0.,1.));
#2132=DIRECTION('center_axis',(0.,0.,1.));
#2133=DIRECTION('ref_axis',(-0.6813598739533,-0.731948578908616,0.));
#2134=DIRECTION('',(0.,0.,1.));
#2135=DIRECTION('center_axis',(0.,0.,1.));
#2136=DIRECTION('ref_axis',(-0.669778867691701,-0.742560615972611,0.));
#2137=DIRECTION('',(0.,0.,1.));
#2138=DIRECTION('',(0.,0.,1.));
#2139=DIRECTION('center_axis',(0.,0.,1.));
#2140=DIRECTION('ref_axis',(-0.6813598739533,-0.731948578908616,0.));
#2141=DIRECTION('',(0.,0.,1.));
#2142=DIRECTION('center_axis',(0.,0.,1.));
#2143=DIRECTION('ref_axis',(1.,0.,0.));
#2144=DIRECTION('',(0.,0.,1.));
#2145=DIRECTION('center_axis',(0.,0.,1.));
#2146=DIRECTION('ref_axis',(-0.6813598739533,-0.731948578908616,0.));
#2147=DIRECTION('',(0.,0.,1.));
#2148=DIRECTION('center_axis',(0.,0.,1.));
#2149=DIRECTION('ref_axis',(-0.6813598739533,-0.731948578908616,0.));
#2150=DIRECTION('',(0.,0.,1.));
#2151=DIRECTION('center_axis',(0.,0.,1.));
#2152=DIRECTION('ref_axis',(-0.6813598739533,-0.731948578908616,0.));
#2153=DIRECTION('',(0.,0.,1.));
#2154=DIRECTION('center_axis',(0.,0.,1.));
#2155=DIRECTION('ref_axis',(-0.6813598739533,-0.731948578908616,0.));
#2156=DIRECTION('center_axis',(0.,0.,1.));
#2157=DIRECTION('ref_axis',(1.,0.,0.));
#2158=DIRECTION('',(0.675590207615661,0.737277336810124,0.));
#2159=DIRECTION('center_axis',(-0.663926212652239,0.747798090498535,0.));
#2160=DIRECTION('ref_axis',(-0.747798090498535,-0.663926212652239,0.));
#2161=DIRECTION('',(0.,0.,1.));
#2162=DIRECTION('center_axis',(-0.228350870110655,-0.97357890287316,0.));
#2163=DIRECTION('ref_axis',(0.688424244241778,-0.161468448745095,0.70710678118654));
#2164=DIRECTION('',(-0.228350870110655,-0.97357890287316,0.));
#2165=DIRECTION('',(0.228350870110655,0.97357890287316,0.));
#2166=DIRECTION('center_axis',(-0.97357890287316,0.228350870110655,0.));
#2167=DIRECTION('ref_axis',(-0.228350870110655,-0.97357890287316,0.));
#2168=DIRECTION('',(0.,0.,1.));
#2169=DIRECTION('',(0.228350870110655,0.97357890287316,0.));
#2170=DIRECTION('',(-0.228350870110655,-0.97357890287316,0.));
#2171=DIRECTION('',(0.,0.,1.));
#2172=DIRECTION('',(0.228350870110655,0.97357890287316,0.));
#2173=DIRECTION('',(0.,0.,1.));
#2174=DIRECTION('',(-0.228350870110655,-0.97357890287316,0.));
#2175=DIRECTION('',(0.,0.,1.));
#2176=DIRECTION('center_axis',(0.228350870110655,0.97357890287316,0.));
#2177=DIRECTION('ref_axis',(0.68842424424177,-0.161468448745094,0.707106781186548));
#2178=DIRECTION('',(0.228350870110655,0.97357890287316,0.));
#2179=DIRECTION('center_axis',(-0.228350870110655,-0.97357890287316,0.));
#2180=DIRECTION('ref_axis',(0.688424244241766,-0.161468448745092,-0.707106781186553));
#2181=DIRECTION('',(-0.228350870110655,-0.97357890287316,0.));
#2182=DIRECTION('center_axis',(0.,0.,1.));
#2183=DIRECTION('ref_axis',(1.,0.,0.));
#2184=DIRECTION('center_axis',(0.,0.,-1.));
#2185=DIRECTION('ref_axis',(1.,0.,0.));
#2186=DIRECTION('',(0.675590207615661,0.737277336810124,0.));
#2187=DIRECTION('center_axis',(-0.228350870110655,-0.97357890287316,0.));
#2188=DIRECTION('ref_axis',(0.68842424424177,-0.161468448745094,-0.707106781186548));
#2189=DIRECTION('',(-0.228350870110655,-0.97357890287316,0.));
#2190=DIRECTION('center_axis',(0.,0.,1.));
#2191=DIRECTION('ref_axis',(1.,0.,0.));
#2192=DIRECTION('center_axis',(0.,0.,-1.));
#2193=DIRECTION('ref_axis',(-0.669778867691701,-0.742560615972611,0.));
#2194=DIRECTION('',(0.675590207615661,0.737277336810124,0.));
#2195=DIRECTION('center_axis',(-0.675590207615661,-0.737277336810124,0.));
#2196=DIRECTION('ref_axis',(-0.52133380447359,0.477714417108258,0.707106781186554));
#2197=DIRECTION('',(-0.675590207615661,-0.737277336810124,0.));
#2198=DIRECTION('',(0.675590207615661,0.737277336810124,0.));
#2199=DIRECTION('center_axis',(0.,0.,1.));
#2200=DIRECTION('ref_axis',(1.,0.,0.));
#2201=DIRECTION('center_axis',(0.,0.,1.));
#2202=DIRECTION('ref_axis',(-0.6813598739533,-0.731948578908616,0.));
#2203=DIRECTION('',(-0.66392621265224,0.747798090498533,0.));
#2204=DIRECTION('center_axis',(-0.675590207615661,-0.737277336810124,0.));
#2205=DIRECTION('ref_axis',(-0.52133380447359,0.477714417108258,0.707106781186554));
#2206=DIRECTION('',(-0.675590207615661,-0.737277336810124,0.));
#2207=DIRECTION('',(0.675590207615661,0.737277336810124,0.));
#2208=DIRECTION('center_axis',(0.,0.,1.));
#2209=DIRECTION('ref_axis',(1.,0.,0.));
#2210=DIRECTION('center_axis',(0.,0.,1.));
#2211=DIRECTION('ref_axis',(-0.6813598739533,-0.731948578908616,0.));
#2212=DIRECTION('',(-0.66392621265224,0.747798090498533,0.));
#2213=DIRECTION('center_axis',(-0.675590207615661,-0.737277336810124,0.));
#2214=DIRECTION('ref_axis',(-0.5213338044736,0.477714417108267,0.707106781186542));
#2215=DIRECTION('',(-0.675590207615661,-0.737277336810124,0.));
#2216=DIRECTION('',(0.675590207615661,0.737277336810124,0.));
#2217=DIRECTION('center_axis',(0.,0.,1.));
#2218=DIRECTION('ref_axis',(1.,0.,0.));
#2219=DIRECTION('center_axis',(0.,0.,1.));
#2220=DIRECTION('ref_axis',(-0.6813598739533,-0.731948578908616,0.));
#2221=DIRECTION('center_axis',(-0.675590207615661,-0.737277336810124,0.));
#2222=DIRECTION('ref_axis',(-0.5213338044736,0.477714417108261,0.707106781186546));
#2223=DIRECTION('',(-0.675590207615661,-0.737277336810124,0.));
#2224=DIRECTION('',(0.675590207615661,0.737277336810124,0.));
#2225=DIRECTION('center_axis',(0.,0.,1.));
#2226=DIRECTION('ref_axis',(1.,0.,0.));
#2227=DIRECTION('center_axis',(0.,0.,1.));
#2228=DIRECTION('ref_axis',(-0.669778867691701,-0.742560615972611,0.));
#2229=DIRECTION('center_axis',(0.228350870110656,0.97357890287316,0.));
#2230=DIRECTION('ref_axis',(-0.688424244241778,0.161468448745095,0.70710678118654));
#2231=DIRECTION('',(-0.228350870110656,-0.97357890287316,0.));
#2232=DIRECTION('',(0.228350870110656,0.97357890287316,0.));
#2233=DIRECTION('center_axis',(0.,0.,1.));
#2234=DIRECTION('ref_axis',(1.,0.,0.));
#2235=DIRECTION('center_axis',(0.,0.,1.));
#2236=DIRECTION('ref_axis',(-0.6813598739533,-0.731948578908616,0.));
#2237=DIRECTION('',(0.228350870110656,-0.97357890287316,0.));
#2238=DIRECTION('center_axis',(-0.228350870110656,0.97357890287316,0.));
#2239=DIRECTION('ref_axis',(-0.688424244241776,-0.161468448745096,0.707106781186542));
#2240=DIRECTION('',(0.228350870110656,-0.97357890287316,0.));
#2241=DIRECTION('',(-0.228350870110656,0.97357890287316,0.));
#2242=DIRECTION('center_axis',(0.,0.,1.));
#2243=DIRECTION('ref_axis',(1.,0.,0.));
#2244=DIRECTION('center_axis',(0.,0.,1.));
#2245=DIRECTION('ref_axis',(-0.6813598739533,-0.731948578908616,0.));
#2246=DIRECTION('',(-0.66392621265224,0.747798090498533,0.));
#2247=DIRECTION('center_axis',(0.675590207615661,0.737277336810124,0.));
#2248=DIRECTION('ref_axis',(-0.52133380447359,0.477714417108258,-0.707106781186554));
#2249=DIRECTION('',(-0.675590207615661,-0.737277336810124,0.));
#2250=DIRECTION('',(0.675590207615661,0.737277336810124,0.));
#2251=DIRECTION('center_axis',(0.737277336810124,-0.675590207615661,0.));
#2252=DIRECTION('ref_axis',(0.675590207615661,0.737277336810124,0.));
#2253=DIRECTION('',(0.,0.,-1.));
#2254=DIRECTION('',(-0.675590207615661,-0.737277336810124,0.));
#2255=DIRECTION('',(0.,0.,-1.));
#2256=DIRECTION('',(-0.67559020761566,-0.737277336810124,0.));
#2257=DIRECTION('',(0.,0.,-1.));
#2258=DIRECTION('',(-0.675590207615661,-0.737277336810124,0.));
#2259=DIRECTION('',(0.,0.,-1.));
#2260=DIRECTION('',(-0.675590207615661,-0.737277336810124,0.));
#2261=DIRECTION('',(0.,0.,-1.));
#2262=DIRECTION('center_axis',(0.675590207615661,0.737277336810124,0.));
#2263=DIRECTION('ref_axis',(-0.52133380447359,0.477714417108258,-0.707106781186554));
#2264=DIRECTION('',(0.675590207615661,0.737277336810124,0.));
#2265=DIRECTION('center_axis',(0.675590207615661,0.737277336810124,0.));
#2266=DIRECTION('ref_axis',(-0.521333804473604,0.477714417108265,-0.707106781186539));
#2267=DIRECTION('',(0.675590207615661,0.737277336810124,0.));
#2268=DIRECTION('center_axis',(0.675590207615661,0.737277336810124,0.));
#2269=DIRECTION('ref_axis',(-0.5213338044736,0.477714417108261,-0.707106781186546));
#2270=DIRECTION('center_axis',(0.675590207615661,0.737277336810124,0.));
#2271=DIRECTION('ref_axis',(-0.521333804473595,0.477714417108262,-0.707106781186548));
#2272=DIRECTION('center_axis',(0.228350870110656,0.97357890287316,0.));
#2273=DIRECTION('ref_axis',(-0.688424244241772,0.161468448745094,-0.707106781186546));
#2274=DIRECTION('',(-0.228350870110656,-0.97357890287316,0.));
#2275=DIRECTION('',(0.228350870110656,0.97357890287316,0.));
#2276=DIRECTION('center_axis',(0.97357890287316,-0.228350870110656,0.));
#2277=DIRECTION('ref_axis',(0.228350870110656,0.97357890287316,0.));
#2278=DIRECTION('',(0.,0.,1.));
#2279=DIRECTION('',(0.228350870110656,0.97357890287316,0.));
#2280=DIRECTION('',(0.,0.,-1.));
#2281=DIRECTION('',(0.,0.,-1.));
#2282=DIRECTION('center_axis',(0.228350870110655,0.973578902873161,0.));
#2283=DIRECTION('ref_axis',(-0.97357890287316,0.228350870110655,0.));
#2284=DIRECTION('',(-0.97357890287316,0.228350870110655,0.));
#2285=DIRECTION('center_axis',(0.97357890287316,0.228350870110656,0.));
#2286=DIRECTION('ref_axis',(-0.228350870110656,0.97357890287316,0.));
#2287=DIRECTION('',(0.,0.,1.));
#2288=DIRECTION('',(-0.228350870110656,0.97357890287316,0.));
#2289=DIRECTION('',(0.,0.,-1.));
#2290=DIRECTION('',(0.228350870110656,-0.97357890287316,0.));
#2291=DIRECTION('',(0.,0.,-1.));
#2292=DIRECTION('center_axis',(-0.228350870110656,0.97357890287316,0.));
#2293=DIRECTION('ref_axis',(-0.688424244241772,-0.161468448745094,-0.707106781186546));
#2294=DIRECTION('',(-0.228350870110656,0.97357890287316,0.));
#2295=DIRECTION('center_axis',(-0.747798090498533,-0.66392621265224,0.));
#2296=DIRECTION('ref_axis',(0.66392621265224,-0.747798090498533,0.));
#2297=DIRECTION('',(0.,0.,1.));
#2298=DIRECTION('',(-0.66392621265224,0.747798090498533,0.));
#2299=DIRECTION('',(0.66392621265224,-0.747798090498533,0.));
#2300=DIRECTION('',(0.,0.,1.));
#2301=DIRECTION('',(-0.66392621265224,0.747798090498533,0.));
#2302=DIRECTION('',(0.66392621265224,-0.747798090498533,0.));
#2303=DIRECTION('',(0.,0.,1.));
#2304=DIRECTION('',(-0.66392621265224,0.747798090498533,0.));
#2305=DIRECTION('',(0.66392621265224,-0.747798090498533,0.));
#2306=DIRECTION('',(0.,0.,1.));
#2307=DIRECTION('',(-0.66392621265224,0.747798090498533,0.));
#2308=DIRECTION('center_axis',(0.66392621265224,-0.747798090498533,0.));
#2309=DIRECTION('ref_axis',(0.528773100749864,0.469466727173905,-0.707106781186545));
#2310=DIRECTION('',(0.66392621265224,-0.747798090498533,0.));
#2311=DIRECTION('center_axis',(0.,0.,1.));
#2312=DIRECTION('ref_axis',(1.,0.,0.));
#2313=DIRECTION('center_axis',(0.,0.,-1.));
#2314=DIRECTION('ref_axis',(1.,0.,0.));
#2315=DIRECTION('center_axis',(-0.66392621265224,0.747798090498533,0.));
#2316=DIRECTION('ref_axis',(0.528773100749872,0.469466727173899,0.707106781186543));
#2317=DIRECTION('center_axis',(0.66392621265224,-0.747798090498533,0.));
#2318=DIRECTION('ref_axis',(0.528773100749866,0.469466727173906,-0.707106781186543));
#2319=DIRECTION('',(0.66392621265224,-0.747798090498533,0.));
#2320=DIRECTION('center_axis',(0.,0.,1.));
#2321=DIRECTION('ref_axis',(-1.,0.,0.));
#2322=DIRECTION('center_axis',(0.,0.,-1.));
#2323=DIRECTION('ref_axis',(-0.6813598739533,-0.731948578908616,0.));
#2324=DIRECTION('center_axis',(-0.66392621265224,0.747798090498533,0.));
#2325=DIRECTION('ref_axis',(0.528773100749856,0.469466727173897,0.707106781186556));
#2326=DIRECTION('center_axis',(0.66392621265224,-0.747798090498533,0.));
#2327=DIRECTION('ref_axis',(0.528773100749856,0.469466727173897,-0.707106781186556));
#2328=DIRECTION('',(0.66392621265224,-0.747798090498533,0.));
#2329=DIRECTION('center_axis',(0.,0.,1.));
#2330=DIRECTION('ref_axis',(1.,0.,0.));
#2331=DIRECTION('center_axis',(0.,0.,-1.));
#2332=DIRECTION('ref_axis',(-0.6813598739533,-0.731948578908616,0.));
#2333=DIRECTION('center_axis',(-0.66392621265224,0.747798090498533,0.));
#2334=DIRECTION('ref_axis',(0.528773100749862,0.469466727173891,0.707106781186556));
#2335=DIRECTION('center_axis',(0.66392621265224,-0.747798090498533,0.));
#2336=DIRECTION('ref_axis',(0.528773100749862,0.469466727173891,-0.707106781186556));
#2337=DIRECTION('',(0.66392621265224,-0.747798090498533,0.));
#2338=DIRECTION('center_axis',(0.,0.,1.));
#2339=DIRECTION('ref_axis',(1.,0.,0.));
#2340=DIRECTION('center_axis',(0.,0.,-1.));
#2341=DIRECTION('ref_axis',(-0.6813598739533,-0.731948578908616,0.));
#2342=DIRECTION('center_axis',(0.,0.,1.));
#2343=DIRECTION('ref_axis',(-0.6813598739533,-0.731948578908616,0.));
#2344=DIRECTION('center_axis',(0.,0.,1.));
#2345=DIRECTION('ref_axis',(-0.6813598739533,-0.731948578908616,0.));
#2346=DIRECTION('center_axis',(0.,0.,1.));
#2347=DIRECTION('ref_axis',(-0.6813598739533,-0.731948578908616,0.));
#2348=DIRECTION('center_axis',(0.,0.,1.));
#2349=DIRECTION('ref_axis',(-0.6813598739533,-0.731948578908616,0.));
#2350=DIRECTION('center_axis',(0.,0.,1.));
#2351=DIRECTION('ref_axis',(-0.6813598739533,-0.731948578908616,0.));
#2352=DIRECTION('center_axis',(0.,0.,1.));
#2353=DIRECTION('ref_axis',(1.,0.,0.));
#2354=DIRECTION('center_axis',(0.,0.,1.));
#2355=DIRECTION('ref_axis',(-0.669778867691701,-0.742560615972611,0.));
#2356=DIRECTION('center_axis',(0.,0.,1.));
#2357=DIRECTION('ref_axis',(1.,0.,0.));
#2358=DIRECTION('center_axis',(0.,0.,1.));
#2359=DIRECTION('ref_axis',(1.,0.,0.));
#2360=DIRECTION('center_axis',(0.,0.,-1.));
#2361=DIRECTION('ref_axis',(1.,0.,0.));
#2362=DIRECTION('',(0.,0.,1.));
#2363=DIRECTION('center_axis',(0.,0.,1.));
#2364=DIRECTION('ref_axis',(1.,0.,0.));
#2365=DIRECTION('center_axis',(0.,0.,1.));
#2366=DIRECTION('ref_axis',(1.,0.,0.));
#2367=DIRECTION('',(0.228350870110656,-0.97357890287316,0.));
#2368=DIRECTION('center_axis',(-0.97357890287316,-0.228350870110656,0.));
#2369=DIRECTION('ref_axis',(0.228350870110656,-0.97357890287316,0.));
#2370=DIRECTION('',(0.228350870110656,-0.97357890287316,0.));
#2371=DIRECTION('',(0.,0.,1.));
#2372=DIRECTION('center_axis',(-0.228350870110655,0.973578902873161,0.));
#2373=DIRECTION('ref_axis',(-0.973578902873161,-0.228350870110655,0.));
#2374=DIRECTION('',(-0.973578902873161,-0.228350870110655,0.));
#2375=DIRECTION('center_axis',(0.,0.,1.));
#2376=DIRECTION('ref_axis',(1.,0.,0.));
#2377=CARTESIAN_POINT('',(0.,0.,0.));
#2378=CARTESIAN_POINT('Origin',(71.3725862344888,-105.814210573063,75.938));
#2379=CARTESIAN_POINT('',(67.1725862344888,-105.814210573063,75.438));
#2380=CARTESIAN_POINT('Origin',(71.3725862344888,-105.814210573063,75.438));
#2381=CARTESIAN_POINT('',(68.1725862344888,-105.814210573063,76.438));
#2382=CARTESIAN_POINT('',(67.6725862344888,-105.814210573063,75.938));
#2383=CARTESIAN_POINT('Origin',(71.3725862344888,-105.814210573063,76.438));
#2384=CARTESIAN_POINT('Origin',(0.,0.,75.438));
#2385=CARTESIAN_POINT('',(78.3151426215481,-88.2084680397897,75.438));
#2386=CARTESIAN_POINT('',(91.0641193273815,-102.567986092779,75.438));
#2387=CARTESIAN_POINT('',(49.7944659489181,-56.0848567873899,75.438));
#2388=CARTESIAN_POINT('',(-92.663952876564,-101.124959516877,75.438));
#2389=CARTESIAN_POINT('Origin',(0.,0.,75.438));
#2390=CARTESIAN_POINT('',(-79.6909994723972,-86.9674651829338,75.438));
#2391=CARTESIAN_POINT('',(0.,0.,75.438));
#2392=CARTESIAN_POINT('',(-76.8819728191506,-89.5414638739495,75.438));
#2393=CARTESIAN_POINT('',(-78.286486145774,-88.2544645284416,75.438));
#2394=CARTESIAN_POINT('',(-76.9434058544604,-89.6085062676295,75.438));
#2395=CARTESIAN_POINT('',(-43.5050713439627,-53.1169675547254,75.438));
#2396=CARTESIAN_POINT('',(-30.6658207070376,-114.05954383726,75.438));
#2397=CARTESIAN_POINT('Origin',(0.,0.,75.438));
#2398=CARTESIAN_POINT('',(-30.645056215622,-113.971013976343,75.438));
#2399=CARTESIAN_POINT('',(-17.1771959177844,-56.5504985806107,75.438));
#2400=CARTESIAN_POINT('',(-23.2263849757285,-115.711047606586,75.438));
#2401=CARTESIAN_POINT('',(-25.0810527857019,-115.276039199025,75.438));
#2402=CARTESIAN_POINT('',(-23.2471494671441,-115.799577467503,75.438));
#2403=CARTESIAN_POINT('',(-11.9449241026415,-67.6122937270669,75.438));
#2404=CARTESIAN_POINT('',(23.2471494671443,-115.799577467503,75.438));
#2405=CARTESIAN_POINT('Origin',(0.,0.,75.438));
#2406=CARTESIAN_POINT('',(23.2263849757287,-115.711047606586,75.438));
#2407=CARTESIAN_POINT('',(9.75852467789099,-58.2905322108539,75.438));
#2408=CARTESIAN_POINT('',(30.6450562156222,-113.971013976343,75.438));
#2409=CARTESIAN_POINT('',(28.7903884056487,-114.406022383904,75.438));
#2410=CARTESIAN_POINT('',(30.6658207070378,-114.05954383726,75.438));
#2411=CARTESIAN_POINT('',(19.3635953425352,-65.8722600968236,75.438));
#2412=CARTESIAN_POINT('',(75.5264042956436,-90.8060259793974,75.438));
#2413=CARTESIAN_POINT('Origin',(0.,0.,75.438));
#2414=CARTESIAN_POINT('',(75.4660318967487,-90.7380269099947,75.438));
#2415=CARTESIAN_POINT('',(36.3084605859747,-46.6337928900998,75.438));
#2416=CARTESIAN_POINT('',(79.7396979839476,-86.9436886046873,75.438));
#2417=CARTESIAN_POINT('',(-75.5725862344888,-105.814210573063,75.438));
#2418=CARTESIAN_POINT('Origin',(-71.3725862344888,-105.814210573063,75.438));
#2419=CARTESIAN_POINT('',(49.7138314389798,-116.600374486213,75.438));
#2420=CARTESIAN_POINT('Origin',(51.9138314389798,-116.600374486213,75.438));
#2421=CARTESIAN_POINT('',(-54.1138314389797,-116.600374486213,75.438));
#2422=CARTESIAN_POINT('Origin',(-51.9138314389797,-116.600374486213,75.438));
#2423=CARTESIAN_POINT('',(-2.19999999999999,-127.635,75.438));
#2424=CARTESIAN_POINT('Origin',(8.88178419700125E-15,-127.635,75.438));
#2425=CARTESIAN_POINT('Origin',(71.3725862344888,-105.814210573063,75.438));
#2426=CARTESIAN_POINT('',(68.1725862344888,-105.814210573063,79.248));
#2427=CARTESIAN_POINT('',(68.1725862344888,-105.814210573063,75.438));
#2428=CARTESIAN_POINT('Origin',(71.3725862344888,-105.814210573063,79.248));
#2429=CARTESIAN_POINT('Origin',(-71.3725862344888,-105.814210573063,75.938));
#2430=CARTESIAN_POINT('',(-74.5725862344888,-105.814210573063,76.438));
#2431=CARTESIAN_POINT('',(-75.0725862344888,-105.814210573063,75.938));
#2432=CARTESIAN_POINT('Origin',(-71.3725862344888,-105.814210573063,76.438));
#2433=CARTESIAN_POINT('Origin',(-71.3725862344888,-105.814210573063,75.438));
#2434=CARTESIAN_POINT('',(-74.5725862344888,-105.814210573063,79.248));
#2435=CARTESIAN_POINT('',(-74.5725862344888,-105.814210573063,75.438));
#2436=CARTESIAN_POINT('Origin',(-71.3725862344888,-105.814210573063,79.248));
#2437=CARTESIAN_POINT('Origin',(-85.8088375060738,-94.3840074537111,86.7155));
#2438=CARTESIAN_POINT('',(-83.339997302493,-90.9496475353008,86.7155));
#2439=CARTESIAN_POINT('Origin',(-86.1774761744788,-94.0462123499034,86.7155));
#2440=CARTESIAN_POINT('',(-83.2783101732986,-92.3625150797265,86.7155));
#2441=CARTESIAN_POINT('',(-83.3091537378959,-91.6560813075137,86.7155));
#2442=CARTESIAN_POINT('Origin',(-85.4401988376688,-94.721802557519,86.7155));
#2443=CARTESIAN_POINT('Origin',(0.,0.,289.2552));
#2444=CARTESIAN_POINT('',(-79.6909994723972,-86.9674651829339,289.2552));
#2445=CARTESIAN_POINT('',(-79.6909994723972,-86.9674651829338,146.5326));
#2446=CARTESIAN_POINT('',(-92.663952876564,-101.124959516877,289.2552));
#2447=CARTESIAN_POINT('',(-92.663952876564,-101.124959516877,0.));
#2448=CARTESIAN_POINT('',(-43.0797988670757,-47.0133507279941,289.2552));
#2449=CARTESIAN_POINT('',(-83.3399973024948,-90.9496475353027,281.7877));
#2450=CARTESIAN_POINT('Origin',(-86.1774761744806,-94.0462123499053,281.7877));
#2451=CARTESIAN_POINT('',(-84.6911777177246,-92.4242022089213,111.4805));
#2452=CARTESIAN_POINT('Origin',(-86.1774761744791,-94.0462123499036,111.4805));
#2453=CARTESIAN_POINT('',(-84.691177717726,-92.4242022089229,257.0227));
#2454=CARTESIAN_POINT('Origin',(-86.1774761744805,-94.0462123499051,257.0227));
#2455=CARTESIAN_POINT('',(-84.6911777177257,-92.4242022089225,176.8602));
#2456=CARTESIAN_POINT('Origin',(-86.1774761744802,-94.0462123499047,176.8602));
#2457=CARTESIAN_POINT('Origin',(-86.1774761744788,-94.0462123499034,86.7155));
#2458=CARTESIAN_POINT('',(-81.2065608568622,-94.2609235631266,86.7155));
#2459=CARTESIAN_POINT('',(-84.0155875101087,-91.6869248721109,86.7155));
#2460=CARTESIAN_POINT('Origin',(-83.3684495212323,-96.620211040919,86.7155));
#2461=CARTESIAN_POINT('Origin',(-85.8088375060755,-94.384007453713,281.7877));
#2462=CARTESIAN_POINT('',(-83.2783101733004,-92.3625150797284,281.7877));
#2463=CARTESIAN_POINT('',(-83.3091537378976,-91.6560813075156,281.7877));
#2464=CARTESIAN_POINT('Origin',(-85.4401988376705,-94.7218025575208,281.7877));
#2465=CARTESIAN_POINT('Origin',(-86.1774761744806,-94.0462123499053,281.7877));
#2466=CARTESIAN_POINT('',(-81.2065608568639,-94.2609235631285,281.7877));
#2467=CARTESIAN_POINT('',(-84.0155875101104,-91.6869248721129,281.7877));
#2468=CARTESIAN_POINT('Origin',(-83.368449521234,-96.6202110409209,281.7877));
#2469=CARTESIAN_POINT('Origin',(85.4374290649633,-94.7243008536319,86.7155));
#2470=CARTESIAN_POINT('',(87.42920770292,-96.9676951251275,86.7155));
#2471=CARTESIAN_POINT('',(85.4374290649633,-94.7243008536319,83.7155));
#2472=CARTESIAN_POINT('Origin',(85.4374290649633,-94.7243008536319,86.7155));
#2473=CARTESIAN_POINT('',(84.6896309744648,-95.3882270662842,82.7155));
#2474=CARTESIAN_POINT('Origin',(85.4374290649633,-94.7243008536319,82.7155));
#2475=CARTESIAN_POINT('Origin',(84.6896309744648,-95.3882270662842,86.7155));
#2476=CARTESIAN_POINT('Origin',(85.4374290649633,-94.7243008536319,86.7155));
#2477=CARTESIAN_POINT('Origin',(99.5889318978362,-112.16971357478,289.2552));
#2478=CARTESIAN_POINT('',(91.0641193273815,-102.567986092779,289.2552));
#2479=CARTESIAN_POINT('',(91.0641193273815,-102.567986092779,0.));
#2480=CARTESIAN_POINT('',(78.3151426215481,-88.2084680397897,289.2552));
#2481=CARTESIAN_POINT('',(78.3151426215481,-88.2084680397897,146.5326));
#2482=CARTESIAN_POINT('',(92.1304965506867,-103.7690756659,289.2552));
#2483=CARTESIAN_POINT('',(84.6896309744648,-95.3882270662842,277.7877));
#2484=CARTESIAN_POINT('Origin',(84.6896309744648,-95.3882270662842,281.7877));
#2485=CARTESIAN_POINT('',(86.1502686422997,-97.0333828653809,257.0227));
#2486=CARTESIAN_POINT('Origin',(84.6896309744648,-95.3882270662841,257.0227));
#2487=CARTESIAN_POINT('',(86.1502686422997,-97.0333828653809,176.8602));
#2488=CARTESIAN_POINT('Origin',(84.6896309744648,-95.3882270662841,176.8602));
#2489=CARTESIAN_POINT('',(86.1502686422997,-97.0333828653809,111.4805));
#2490=CARTESIAN_POINT('Origin',(84.6896309744648,-95.3882270662841,111.4805));
#2491=CARTESIAN_POINT('Origin',(84.6896309744648,-95.3882270662842,86.7155));
#2492=CARTESIAN_POINT('',(89.5230423563159,-95.1087017297012,86.7155));
#2493=CARTESIAN_POINT('Origin',(87.5312637183592,-92.8653074582056,86.7155));
#2494=CARTESIAN_POINT('',(86.6814096124215,-97.6316213377798,86.7155));
#2495=CARTESIAN_POINT('Origin',(85.4374290649633,-94.7243008536319,281.7877));
#2496=CARTESIAN_POINT('',(87.42920770292,-96.9676951251275,281.7877));
#2497=CARTESIAN_POINT('',(85.4374290649633,-94.7243008536319,278.7877));
#2498=CARTESIAN_POINT('Origin',(85.4374290649633,-94.7243008536319,281.7877));
#2499=CARTESIAN_POINT('Origin',(85.4374290649633,-94.7243008536319,277.7877));
#2500=CARTESIAN_POINT('Origin',(85.4374290649633,-94.7243008536319,281.7877));
#2501=CARTESIAN_POINT('Origin',(84.6896309744648,-95.3882270662842,281.7877));
#2502=CARTESIAN_POINT('',(89.5230423563159,-95.1087017297012,281.7877));
#2503=CARTESIAN_POINT('Origin',(87.5312637183592,-92.8653074582056,281.7877));
#2504=CARTESIAN_POINT('',(86.6814096124215,-97.6316213377798,281.7877));
#2505=CARTESIAN_POINT('Origin',(84.6896309744648,-95.3882270662842,257.0227));
#2506=CARTESIAN_POINT('',(83.3011579175003,-99.562941735586,257.0227));
#2507=CARTESIAN_POINT('',(86.1502686422997,-97.0333828653809,257.0227));
#2508=CARTESIAN_POINT('Origin',(81.8405202496654,-97.9177859364892,257.0227));
#2509=CARTESIAN_POINT('Origin',(84.6896309744648,-95.3882270662842,176.8602));
#2510=CARTESIAN_POINT('',(83.3011579175003,-99.562941735586,176.8602));
#2511=CARTESIAN_POINT('',(86.1502686422997,-97.0333828653809,176.8602));
#2512=CARTESIAN_POINT('Origin',(81.8405202496654,-97.9177859364892,176.8602));
#2513=CARTESIAN_POINT('Origin',(84.6896309744648,-95.3882270662842,111.4805));
#2514=CARTESIAN_POINT('',(83.3011579175003,-99.562941735586,111.4805));
#2515=CARTESIAN_POINT('',(86.1502686422997,-97.0333828653809,111.4805));
#2516=CARTESIAN_POINT('Origin',(81.8405202496654,-97.9177859364892,111.4805));
#2517=CARTESIAN_POINT('Origin',(87.5312637183592,-92.8653074582056,86.7155));
#2518=CARTESIAN_POINT('Origin',(87.5312637183592,-92.8653074582056,281.7877));
#2519=CARTESIAN_POINT('Origin',(-86.1774761744801,-94.0462123499047,176.8602));
#2520=CARTESIAN_POINT('',(-81.8821510644791,-94.9982008999381,176.8602));
#2521=CARTESIAN_POINT('',(-84.6911777177257,-92.4242022089225,176.8602));
#2522=CARTESIAN_POINT('Origin',(-83.3684495212336,-96.6202110409204,176.8602));
#2523=CARTESIAN_POINT('Origin',(-86.1774761744805,-94.0462123499051,257.0227));
#2524=CARTESIAN_POINT('',(-81.8821510644795,-94.9982008999385,257.0227));
#2525=CARTESIAN_POINT('',(-84.691177717726,-92.4242022089229,257.0227));
#2526=CARTESIAN_POINT('Origin',(-83.3684495212339,-96.6202110409208,257.0227));
#2527=CARTESIAN_POINT('Origin',(-86.177476174479,-94.0462123499036,111.4805));
#2528=CARTESIAN_POINT('',(-81.8821510644781,-94.9982008999369,111.4805));
#2529=CARTESIAN_POINT('',(-84.6911777177246,-92.4242022089213,111.4805));
#2530=CARTESIAN_POINT('Origin',(-83.3684495212325,-96.6202110409192,111.4805));
#2531=CARTESIAN_POINT('Origin',(8.88178419700125E-15,-127.635,75.438));
#2532=CARTESIAN_POINT('',(-2.19999999999999,-127.635,79.248));
#2533=CARTESIAN_POINT('',(-2.19999999999999,-127.635,75.438));
#2534=CARTESIAN_POINT('Origin',(8.88178419700125E-15,-127.635,79.248));
#2535=CARTESIAN_POINT('Origin',(-51.9138314389797,-116.600374486213,75.438));
#2536=CARTESIAN_POINT('',(-54.1138314389797,-116.600374486213,79.248));
#2537=CARTESIAN_POINT('',(-54.1138314389797,-116.600374486213,75.438));
#2538=CARTESIAN_POINT('Origin',(-51.9138314389797,-116.600374486213,79.248));
#2539=CARTESIAN_POINT('Origin',(51.9138314389798,-116.600374486213,75.438));
#2540=CARTESIAN_POINT('',(49.7138314389798,-116.600374486213,79.248));
#2541=CARTESIAN_POINT('',(49.7138314389798,-116.600374486213,75.438));
#2542=CARTESIAN_POINT('Origin',(51.9138314389798,-116.600374486213,79.248));
#2543=CARTESIAN_POINT('Origin',(84.6720612035372,-95.3684377570209,289.2552));
#2544=CARTESIAN_POINT('',(75.4660318967487,-90.7380269099947,289.2552));
#2545=CARTESIAN_POINT('',(76.8905872591484,-89.4732474748922,289.2552));
#2546=CARTESIAN_POINT('',(88.1798690607268,-105.057966344457,289.2552));
#2547=CARTESIAN_POINT('',(85.0014097697323,-101.477981485842,289.2552));
#2548=CARTESIAN_POINT('Origin',(0.,0.,289.2552));
#2549=CARTESIAN_POINT('Origin',(-76.8819728191506,-89.5414638739495,3.81));
#2550=CARTESIAN_POINT('',(-76.8819728191506,-89.5414638739495,289.2552));
#2551=CARTESIAN_POINT('',(-81.0955127990214,-85.6804658374251,289.2552));
#2552=CARTESIAN_POINT('',(-76.8819728191506,-89.5414638739495,3.81));
#2553=CARTESIAN_POINT('Origin',(0.,0.,0.));
#2554=CARTESIAN_POINT('',(88.1798690607268,-105.057966344457,276.32));
#2555=CARTESIAN_POINT('',(88.1798690607268,-105.057966344457,3.81));
#2556=CARTESIAN_POINT('',(86.6376771417149,-106.333336726955,274.32));
#2557=CARTESIAN_POINT('Ctrl Pts',(86.6376771417149,-106.333336726955,274.32));
#2558=CARTESIAN_POINT('Ctrl Pts',(86.8325017197227,-106.174598654698,274.32));
#2559=CARTESIAN_POINT('Ctrl Pts',(87.0398448565714,-106.004678249074,274.370170552166));
#2560=CARTESIAN_POINT('Ctrl Pts',(87.420426931776,-105.691037266229,274.57430707002));
#2561=CARTESIAN_POINT('Ctrl Pts',(87.5936902481536,-105.54734773944,274.728275291349));
#2562=CARTESIAN_POINT('Ctrl Pts',(87.8668153031405,-105.320083106823,275.083486740794));
#2563=CARTESIAN_POINT('Ctrl Pts',(87.9849218402269,-105.221335992165,275.308345856992));
#2564=CARTESIAN_POINT('Ctrl Pts',(88.141435792738,-105.090262705921,275.801047392598));
#2565=CARTESIAN_POINT('Ctrl Pts',(88.1798690607268,-105.057966344457,276.068889529145));
#2566=CARTESIAN_POINT('Ctrl Pts',(88.1798690607268,-105.057966344457,276.32));
#2567=CARTESIAN_POINT('',(-88.2972003272862,-104.959373161062,274.32));
#2568=CARTESIAN_POINT('Origin',(0.,0.,274.32));
#2569=CARTESIAN_POINT('',(-89.8191693411719,-103.659936418435,276.32));
#2570=CARTESIAN_POINT('Ctrl Pts',(-89.8191693426203,-103.659936420016,276.32));
#2571=CARTESIAN_POINT('Ctrl Pts',(-89.8191693426203,-103.659936420016,276.068889529145));
#2572=CARTESIAN_POINT('Ctrl Pts',(-89.7812481052459,-103.692832480694,275.801047392598));
#2573=CARTESIAN_POINT('Ctrl Pts',(-89.6268122711709,-103.826348011067,275.308345856992));
#2574=CARTESIAN_POINT('Ctrl Pts',(-89.5102713568584,-103.926938080393,275.083486740794));
#2575=CARTESIAN_POINT('Ctrl Pts',(-89.24074971433,-104.158464737841,274.728275291349));
#2576=CARTESIAN_POINT('Ctrl Pts',(-89.0697647500095,-104.304858039899,274.57430707002));
#2577=CARTESIAN_POINT('Ctrl Pts',(-88.6941560847105,-104.624438253052,274.370170552166));
#2578=CARTESIAN_POINT('Ctrl Pts',(-88.489507520999,-104.79759450046,274.32));
#2579=CARTESIAN_POINT('Ctrl Pts',(-88.2972003272862,-104.959373161062,274.32));
#2580=CARTESIAN_POINT('',(-89.8191693411719,-103.659936418435,289.2552));
#2581=CARTESIAN_POINT('',(-89.8191693411719,-103.659936418435,3.81));
#2582=CARTESIAN_POINT('Origin',(0.,0.,289.2552));
#2583=CARTESIAN_POINT('',(-88.2972003272862,-104.959373161062,79.248));
#2584=CARTESIAN_POINT('',(-36.948986727013,-132.089507455539,79.248));
#2585=CARTESIAN_POINT('Origin',(0.,0.,79.248));
#2586=CARTESIAN_POINT('',(-89.8191693411719,-103.659936418435,81.248));
#2587=CARTESIAN_POINT('Ctrl Pts',(-89.8191693426203,-103.659936420016,81.248));
#2588=CARTESIAN_POINT('Ctrl Pts',(-89.8191693426203,-103.659936420016,80.9968895291454));
#2589=CARTESIAN_POINT('Ctrl Pts',(-89.7812481052459,-103.692832480694,80.7290473925976));
#2590=CARTESIAN_POINT('Ctrl Pts',(-89.6268122711709,-103.826348011067,80.236345856992));
#2591=CARTESIAN_POINT('Ctrl Pts',(-89.5102713568584,-103.926938080393,80.0114867407942));
#2592=CARTESIAN_POINT('Ctrl Pts',(-89.24074971433,-104.158464737841,79.6562752913485));
#2593=CARTESIAN_POINT('Ctrl Pts',(-89.0697647500094,-104.304858039899,79.50230707002));
#2594=CARTESIAN_POINT('Ctrl Pts',(-88.6941560847105,-104.624438253052,79.2981705521663));
#2595=CARTESIAN_POINT('Ctrl Pts',(-88.4895075209989,-104.79759450046,79.248));
#2596=CARTESIAN_POINT('Ctrl Pts',(-88.2972003272862,-104.959373161062,79.248));
#2597=CARTESIAN_POINT('',(-89.8191693411719,-103.659936418435,148.2664));
#2598=CARTESIAN_POINT('',(-89.8191693411719,-103.659936418435,3.81));
#2599=CARTESIAN_POINT('',(-88.2972003272861,-104.959373161062,150.2664));
#2600=CARTESIAN_POINT('Ctrl Pts',(-88.2972003272862,-104.959373161062,150.2664));
#2601=CARTESIAN_POINT('Ctrl Pts',(-88.4895075209989,-104.79759450046,150.2664));
#2602=CARTESIAN_POINT('Ctrl Pts',(-88.6941560847104,-104.624438253052,150.216229447834));
#2603=CARTESIAN_POINT('Ctrl Pts',(-89.0697647500094,-104.304858039899,150.01209292998));
#2604=CARTESIAN_POINT('Ctrl Pts',(-89.24074971433,-104.158464737841,149.858124708651));
#2605=CARTESIAN_POINT('Ctrl Pts',(-89.5102713568584,-103.926938080393,149.502913259206));
#2606=CARTESIAN_POINT('Ctrl Pts',(-89.6268122711709,-103.826348011067,149.278054143008));
#2607=CARTESIAN_POINT('Ctrl Pts',(-89.7812481052459,-103.692832480694,148.785352607402));
#2608=CARTESIAN_POINT('Ctrl Pts',(-89.8191693426203,-103.659936420016,148.517510470855));
#2609=CARTESIAN_POINT('Ctrl Pts',(-89.8191693426203,-103.659936420016,148.2664));
#2610=CARTESIAN_POINT('',(-36.948986727013,-132.089507455539,150.2664));
#2611=CARTESIAN_POINT('Origin',(0.,0.,150.2664));
#2612=CARTESIAN_POINT('',(-35.0178550651233,-132.614537008769,148.2664));
#2613=CARTESIAN_POINT('Ctrl Pts',(-35.0178550656128,-132.614537010856,148.2664));
#2614=CARTESIAN_POINT('Ctrl Pts',(-35.0178550656128,-132.614537010856,148.517510470855));
#2615=CARTESIAN_POINT('Ctrl Pts',(-35.0664000503029,-132.601748128435,148.785352607402));
#2616=CARTESIAN_POINT('Ctrl Pts',(-35.2637256176239,-132.5494084286,149.278054143008));
#2617=CARTESIAN_POINT('Ctrl Pts',(-35.4124967433192,-132.509819302377,149.502913259206));
#2618=CARTESIAN_POINT('Ctrl Pts',(-35.7556429864843,-132.41763923565,149.858124708652));
#2619=CARTESIAN_POINT('Ctrl Pts',(-35.9729327250113,-132.35888528734,150.01209292998));
#2620=CARTESIAN_POINT('Ctrl Pts',(-36.4486026611543,-132.228687384376,150.216229447834));
#2621=CARTESIAN_POINT('Ctrl Pts',(-36.7069715383487,-132.157205610873,150.2664));
#2622=CARTESIAN_POINT('Ctrl Pts',(-36.948986727013,-132.089507455539,150.2664));
#2623=CARTESIAN_POINT('',(-35.0178550651233,-132.614537008769,81.248));
#2624=CARTESIAN_POINT('',(-35.0178550651233,-132.614537008769,3.81));
#2625=CARTESIAN_POINT('Ctrl Pts',(-36.9489867270131,-132.089507455539,79.248));
#2626=CARTESIAN_POINT('Ctrl Pts',(-36.7069715383487,-132.157205610873,79.248));
#2627=CARTESIAN_POINT('Ctrl Pts',(-36.4486026611543,-132.228687384376,79.2981705521663));
#2628=CARTESIAN_POINT('Ctrl Pts',(-35.9729327250113,-132.35888528734,79.5023070700201));
#2629=CARTESIAN_POINT('Ctrl Pts',(-35.7556429864843,-132.41763923565,79.6562752913485));
#2630=CARTESIAN_POINT('Ctrl Pts',(-35.4124967433192,-132.509819302377,80.0114867407943));
#2631=CARTESIAN_POINT('Ctrl Pts',(-35.2637256176239,-132.5494084286,80.236345856992));
#2632=CARTESIAN_POINT('Ctrl Pts',(-35.0664000503029,-132.601748128435,80.7290473925976));
#2633=CARTESIAN_POINT('Ctrl Pts',(-35.0178550656128,-132.614537010856,80.9968895291454));
#2634=CARTESIAN_POINT('Ctrl Pts',(-35.0178550656128,-132.614537010856,81.248));
#2635=CARTESIAN_POINT('',(-25.6359998756269,-134.742944566225,197.8152));
#2636=CARTESIAN_POINT('',(27.5991838257196,-134.354570641099,197.8152));
#2637=CARTESIAN_POINT('Origin',(0.,0.,197.8152));
#2638=CARTESIAN_POINT('',(27.5991838257195,-134.354570641099,79.248));
#2639=CARTESIAN_POINT('',(27.59918382523,-134.354570639012,3.81));
#2640=CARTESIAN_POINT('',(-25.6359998756269,-134.742944566225,79.248));
#2641=CARTESIAN_POINT('Origin',(0.,0.,79.248));
#2642=CARTESIAN_POINT('',(-27.5991838252298,-134.354570639012,81.248));
#2643=CARTESIAN_POINT('Ctrl Pts',(-27.5991838257194,-134.354570641099,81.248));
#2644=CARTESIAN_POINT('Ctrl Pts',(-27.5991838257194,-134.354570641099,80.9968895291454));
#2645=CARTESIAN_POINT('Ctrl Pts',(-27.5500151250051,-134.364700296681,80.7290473925976));
#2646=CARTESIAN_POINT('Ctrl Pts',(-27.3499962219451,-134.405556900995,80.2363458569919));
#2647=CARTESIAN_POINT('Ctrl Pts',(-27.1991374568438,-134.43624533119,80.0114867407942));
#2648=CARTESIAN_POINT('Ctrl Pts',(-26.8507908308723,-134.506253452679,79.6562752913485));
#2649=CARTESIAN_POINT('Ctrl Pts',(-26.6300377843598,-134.550241512043,79.50230707002));
#2650=CARTESIAN_POINT('Ctrl Pts',(-26.14608406065,-134.645121306489,79.2981705521663));
#2651=CARTESIAN_POINT('Ctrl Pts',(-25.8828767076975,-134.695974133327,79.248));
#2652=CARTESIAN_POINT('Ctrl Pts',(-25.6359998756269,-134.742944566225,79.248));
#2653=CARTESIAN_POINT('',(-27.5991838252298,-134.354570639012,195.8152));
#2654=CARTESIAN_POINT('',(-27.5991838252298,-134.354570639012,3.81));
#2655=CARTESIAN_POINT('Ctrl Pts',(-25.6359998756269,-134.742944566225,197.8152));
#2656=CARTESIAN_POINT('Ctrl Pts',(-25.8828767076975,-134.695974133327,197.8152));
#2657=CARTESIAN_POINT('Ctrl Pts',(-26.14608406065,-134.645121306489,197.765029447834));
#2658=CARTESIAN_POINT('Ctrl Pts',(-26.6300377843598,-134.550241512043,197.56089292998));
#2659=CARTESIAN_POINT('Ctrl Pts',(-26.8507908308724,-134.506253452679,197.406924708652));
#2660=CARTESIAN_POINT('Ctrl Pts',(-27.1991374568438,-134.43624533119,197.051713259206));
#2661=CARTESIAN_POINT('Ctrl Pts',(-27.3499962219451,-134.405556900995,196.826854143008));
#2662=CARTESIAN_POINT('Ctrl Pts',(-27.5500151250051,-134.364700296681,196.334152607402));
#2663=CARTESIAN_POINT('Ctrl Pts',(-27.5991838257194,-134.354570641099,196.066310470855));
#2664=CARTESIAN_POINT('Ctrl Pts',(-27.5991838257194,-134.354570641099,195.8152));
#2665=CARTESIAN_POINT('',(-88.2972003272862,-104.959373161062,197.8152));
#2666=CARTESIAN_POINT('',(-36.948986727013,-132.089507455539,197.8152));
#2667=CARTESIAN_POINT('Origin',(0.,0.,197.8152));
#2668=CARTESIAN_POINT('',(-35.0178550651233,-132.614537008769,195.8152));
#2669=CARTESIAN_POINT('Ctrl Pts',(-35.0178550656128,-132.614537010856,195.8152));
#2670=CARTESIAN_POINT('Ctrl Pts',(-35.0178550656128,-132.614537010856,196.066310470855));
#2671=CARTESIAN_POINT('Ctrl Pts',(-35.0664000503029,-132.601748128435,196.334152607402));
#2672=CARTESIAN_POINT('Ctrl Pts',(-35.2637256176239,-132.5494084286,196.826854143008));
#2673=CARTESIAN_POINT('Ctrl Pts',(-35.4124967433192,-132.509819302377,197.051713259206));
#2674=CARTESIAN_POINT('Ctrl Pts',(-35.7556429864843,-132.41763923565,197.406924708652));
#2675=CARTESIAN_POINT('Ctrl Pts',(-35.9729327250113,-132.35888528734,197.56089292998));
#2676=CARTESIAN_POINT('Ctrl Pts',(-36.4486026611543,-132.228687384376,197.765029447834));
#2677=CARTESIAN_POINT('Ctrl Pts',(-36.7069715383487,-132.157205610873,197.8152));
#2678=CARTESIAN_POINT('Ctrl Pts',(-36.9489867270131,-132.08950745554,197.8152));
#2679=CARTESIAN_POINT('',(-35.0178550651233,-132.614537008769,159.8864));
#2680=CARTESIAN_POINT('',(-35.0178550651233,-132.614537008769,3.81));
#2681=CARTESIAN_POINT('',(-36.948986727013,-132.089507455539,157.8864));
#2682=CARTESIAN_POINT('Ctrl Pts',(-36.948986727013,-132.089507455539,157.8864));
#2683=CARTESIAN_POINT('Ctrl Pts',(-36.7069715383487,-132.157205610873,157.8864));
#2684=CARTESIAN_POINT('Ctrl Pts',(-36.4486026611543,-132.228687384376,157.936570552166));
#2685=CARTESIAN_POINT('Ctrl Pts',(-35.9729327250113,-132.35888528734,158.14070707002));
#2686=CARTESIAN_POINT('Ctrl Pts',(-35.7556429864843,-132.41763923565,158.294675291348));
#2687=CARTESIAN_POINT('Ctrl Pts',(-35.4124967433192,-132.509819302377,158.649886740794));
#2688=CARTESIAN_POINT('Ctrl Pts',(-35.2637256176239,-132.5494084286,158.874745856992));
#2689=CARTESIAN_POINT('Ctrl Pts',(-35.0664000503029,-132.601748128435,159.367447392598));
#2690=CARTESIAN_POINT('Ctrl Pts',(-35.0178550656128,-132.614537010856,159.635289529145));
#2691=CARTESIAN_POINT('Ctrl Pts',(-35.0178550656128,-132.614537010856,159.8864));
#2692=CARTESIAN_POINT('',(-88.2972003272861,-104.959373161062,157.8864));
#2693=CARTESIAN_POINT('Origin',(0.,0.,157.8864));
#2694=CARTESIAN_POINT('',(-89.8191693411719,-103.659936418435,159.8864));
#2695=CARTESIAN_POINT('Ctrl Pts',(-89.8191693426203,-103.659936420016,159.8864));
#2696=CARTESIAN_POINT('Ctrl Pts',(-89.8191693426203,-103.659936420016,159.635289529145));
#2697=CARTESIAN_POINT('Ctrl Pts',(-89.7812481052459,-103.692832480694,159.367447392598));
#2698=CARTESIAN_POINT('Ctrl Pts',(-89.6268122711709,-103.826348011067,158.874745856992));
#2699=CARTESIAN_POINT('Ctrl Pts',(-89.5102713568584,-103.926938080393,158.649886740794));
#2700=CARTESIAN_POINT('Ctrl Pts',(-89.24074971433,-104.158464737841,158.294675291348));
#2701=CARTESIAN_POINT('Ctrl Pts',(-89.0697647500094,-104.304858039899,158.14070707002));
#2702=CARTESIAN_POINT('Ctrl Pts',(-88.6941560847104,-104.624438253052,157.936570552166));
#2703=CARTESIAN_POINT('Ctrl Pts',(-88.4895075209989,-104.79759450046,157.8864));
#2704=CARTESIAN_POINT('Ctrl Pts',(-88.2972003272862,-104.959373161062,157.8864));
#2705=CARTESIAN_POINT('',(-89.8191693411719,-103.659936418435,195.8152));
#2706=CARTESIAN_POINT('',(-89.8191693411719,-103.659936418435,3.81));
#2707=CARTESIAN_POINT('Ctrl Pts',(-88.2972003272862,-104.959373161062,197.8152));
#2708=CARTESIAN_POINT('Ctrl Pts',(-88.4895075209989,-104.79759450046,197.8152));
#2709=CARTESIAN_POINT('Ctrl Pts',(-88.6941560847105,-104.624438253052,197.765029447834));
#2710=CARTESIAN_POINT('Ctrl Pts',(-89.0697647500094,-104.304858039899,197.56089292998));
#2711=CARTESIAN_POINT('Ctrl Pts',(-89.24074971433,-104.158464737841,197.406924708652));
#2712=CARTESIAN_POINT('Ctrl Pts',(-89.5102713568584,-103.926938080393,197.051713259206));
#2713=CARTESIAN_POINT('Ctrl Pts',(-89.6268122711709,-103.826348011067,196.826854143008));
#2714=CARTESIAN_POINT('Ctrl Pts',(-89.7812481052459,-103.692832480694,196.334152607402));
#2715=CARTESIAN_POINT('Ctrl Pts',(-89.8191693426203,-103.659936420016,196.066310470855));
#2716=CARTESIAN_POINT('Ctrl Pts',(-89.8191693426203,-103.659936420016,195.8152));
#2717=CARTESIAN_POINT('',(35.0178550651235,-132.614537008769,81.248));
#2718=CARTESIAN_POINT('',(35.0178550651235,-132.614537008769,195.8152));
#2719=CARTESIAN_POINT('',(35.0178550651235,-132.614537008769,3.81));
#2720=CARTESIAN_POINT('',(36.9489867270132,-132.089507455539,197.8152));
#2721=CARTESIAN_POINT('Ctrl Pts',(36.9489867270132,-132.089507455539,197.8152));
#2722=CARTESIAN_POINT('Ctrl Pts',(36.7069715383488,-132.157205610873,197.8152));
#2723=CARTESIAN_POINT('Ctrl Pts',(36.4486026611544,-132.228687384376,197.765029447834));
#2724=CARTESIAN_POINT('Ctrl Pts',(35.9729327250114,-132.35888528734,197.56089292998));
#2725=CARTESIAN_POINT('Ctrl Pts',(35.7556429864845,-132.41763923565,197.406924708652));
#2726=CARTESIAN_POINT('Ctrl Pts',(35.4124967433194,-132.509819302377,197.051713259206));
#2727=CARTESIAN_POINT('Ctrl Pts',(35.2637256176241,-132.5494084286,196.826854143008));
#2728=CARTESIAN_POINT('Ctrl Pts',(35.0664000503031,-132.601748128435,196.334152607402));
#2729=CARTESIAN_POINT('Ctrl Pts',(35.017855065613,-132.614537010856,196.066310470855));
#2730=CARTESIAN_POINT('Ctrl Pts',(35.017855065613,-132.614537010856,195.8152));
#2731=CARTESIAN_POINT('',(86.6376771417149,-106.333336726955,197.8152));
#2732=CARTESIAN_POINT('Origin',(0.,0.,197.8152));
#2733=CARTESIAN_POINT('',(88.1798690607268,-105.057966344457,195.8152));
#2734=CARTESIAN_POINT('Ctrl Pts',(88.1798690607268,-105.057966344457,195.8152));
#2735=CARTESIAN_POINT('Ctrl Pts',(88.1798690607268,-105.057966344457,196.066310470855));
#2736=CARTESIAN_POINT('Ctrl Pts',(88.141435792738,-105.090262705921,196.334152607402));
#2737=CARTESIAN_POINT('Ctrl Pts',(87.9849218402269,-105.221335992165,196.826854143008));
#2738=CARTESIAN_POINT('Ctrl Pts',(87.8668153031405,-105.320083106823,197.051713259206));
#2739=CARTESIAN_POINT('Ctrl Pts',(87.5936902481536,-105.54734773944,197.406924708652));
#2740=CARTESIAN_POINT('Ctrl Pts',(87.420426931776,-105.691037266229,197.56089292998));
#2741=CARTESIAN_POINT('Ctrl Pts',(87.0398448565714,-106.004678249074,197.765029447834));
#2742=CARTESIAN_POINT('Ctrl Pts',(86.8325017197227,-106.174598654698,197.8152));
#2743=CARTESIAN_POINT('Ctrl Pts',(86.6376771417149,-106.333336726955,197.8152));
#2744=CARTESIAN_POINT('',(88.1798690607268,-105.057966344457,81.248));
#2745=CARTESIAN_POINT('',(88.1798690607268,-105.057966344457,3.81));
#2746=CARTESIAN_POINT('',(86.6376771417148,-106.333336726955,79.248));
#2747=CARTESIAN_POINT('Ctrl Pts',(86.6376771417149,-106.333336726955,79.248));
#2748=CARTESIAN_POINT('Ctrl Pts',(86.8325017197227,-106.174598654698,79.248));
#2749=CARTESIAN_POINT('Ctrl Pts',(87.0398448565714,-106.004678249074,79.2981705521663));
#2750=CARTESIAN_POINT('Ctrl Pts',(87.420426931776,-105.691037266229,79.50230707002));
#2751=CARTESIAN_POINT('Ctrl Pts',(87.5936902481536,-105.54734773944,79.6562752913485));
#2752=CARTESIAN_POINT('Ctrl Pts',(87.8668153031405,-105.320083106823,80.0114867407942));
#2753=CARTESIAN_POINT('Ctrl Pts',(87.9849218402269,-105.221335992165,80.2363458569919));
#2754=CARTESIAN_POINT('Ctrl Pts',(88.141435792738,-105.090262705921,80.7290473925976));
#2755=CARTESIAN_POINT('Ctrl Pts',(88.1798690607268,-105.057966344457,80.9968895291454));
#2756=CARTESIAN_POINT('Ctrl Pts',(88.1798690607268,-105.057966344457,81.248));
#2757=CARTESIAN_POINT('',(36.9489867270132,-132.089507455539,79.248));
#2758=CARTESIAN_POINT('Origin',(0.,0.,79.248));
#2759=CARTESIAN_POINT('Ctrl Pts',(35.017855065613,-132.614537010856,81.248));
#2760=CARTESIAN_POINT('Ctrl Pts',(35.017855065613,-132.614537010856,80.9968895291454));
#2761=CARTESIAN_POINT('Ctrl Pts',(35.0664000503031,-132.601748128435,80.7290473925976));
#2762=CARTESIAN_POINT('Ctrl Pts',(35.2637256176241,-132.5494084286,80.236345856992));
#2763=CARTESIAN_POINT('Ctrl Pts',(35.4124967433194,-132.509819302377,80.0114867407942));
#2764=CARTESIAN_POINT('Ctrl Pts',(35.7556429864845,-132.41763923565,79.6562752913485));
#2765=CARTESIAN_POINT('Ctrl Pts',(35.9729327250114,-132.35888528734,79.50230707002));
#2766=CARTESIAN_POINT('Ctrl Pts',(36.4486026611544,-132.228687384376,79.2981705521663));
#2767=CARTESIAN_POINT('Ctrl Pts',(36.7069715383489,-132.157205610873,79.248));
#2768=CARTESIAN_POINT('Ctrl Pts',(36.9489867270132,-132.089507455539,79.248));
#2769=CARTESIAN_POINT('',(-89.8191693411719,-103.659936418435,207.4352));
#2770=CARTESIAN_POINT('',(-88.2972003272862,-104.959373161062,205.4352));
#2771=CARTESIAN_POINT('Ctrl Pts',(-89.8191693426203,-103.659936420016,207.4352));
#2772=CARTESIAN_POINT('Ctrl Pts',(-89.8191693426203,-103.659936420016,207.184089529145));
#2773=CARTESIAN_POINT('Ctrl Pts',(-89.7812481052459,-103.692832480694,206.916247392598));
#2774=CARTESIAN_POINT('Ctrl Pts',(-89.6268122711709,-103.826348011067,206.423545856992));
#2775=CARTESIAN_POINT('Ctrl Pts',(-89.5102713568584,-103.926938080393,206.198686740794));
#2776=CARTESIAN_POINT('Ctrl Pts',(-89.24074971433,-104.158464737841,205.843475291349));
#2777=CARTESIAN_POINT('Ctrl Pts',(-89.0697647500094,-104.304858039899,205.68950707002));
#2778=CARTESIAN_POINT('Ctrl Pts',(-88.6941560847104,-104.624438253052,205.485370552166));
#2779=CARTESIAN_POINT('Ctrl Pts',(-88.4895075209989,-104.79759450046,205.4352));
#2780=CARTESIAN_POINT('Ctrl Pts',(-88.2972003272862,-104.959373161062,205.4352));
#2781=CARTESIAN_POINT('',(-89.8191693411719,-103.659936418435,233.9152));
#2782=CARTESIAN_POINT('',(-89.8191693411719,-103.659936418435,3.81));
#2783=CARTESIAN_POINT('',(-88.2972003272862,-104.959373161062,235.9152));
#2784=CARTESIAN_POINT('Ctrl Pts',(-88.2972003272862,-104.959373161062,235.9152));
#2785=CARTESIAN_POINT('Ctrl Pts',(-88.4894779110234,-104.797619409888,235.9152));
#2786=CARTESIAN_POINT('Ctrl Pts',(-88.6940970629491,-104.624488218503,235.86504477272));
#2787=CARTESIAN_POINT('Ctrl Pts',(-89.069661033384,-104.304946537513,235.660966043206));
#2788=CARTESIAN_POINT('Ctrl Pts',(-89.2406307002981,-104.158566694755,235.507040285033));
#2789=CARTESIAN_POINT('Ctrl Pts',(-89.5101837676295,-103.927013601093,235.151869914801));
#2790=CARTESIAN_POINT('Ctrl Pts',(-89.6267568956614,-103.826395841695,234.926990443263));
#2791=CARTESIAN_POINT('Ctrl Pts',(-89.7812365167894,-103.69284254289,234.434229926915));
#2792=CARTESIAN_POINT('Ctrl Pts',(-89.8191693426203,-103.659936420016,234.166349165377));
#2793=CARTESIAN_POINT('Ctrl Pts',(-89.8191693426203,-103.659936420016,233.9152));
#2794=CARTESIAN_POINT('',(86.6376771417149,-106.333336726955,235.9152));
#2795=CARTESIAN_POINT('Origin',(0.,0.,235.9152));
#2796=CARTESIAN_POINT('',(88.1798690607268,-105.057966344457,233.9152));
#2797=CARTESIAN_POINT('Ctrl Pts',(88.1798690607268,-105.057966344457,233.9152));
#2798=CARTESIAN_POINT('Ctrl Pts',(88.1798690607268,-105.057966344457,234.166310470855));
#2799=CARTESIAN_POINT('Ctrl Pts',(88.141435792738,-105.090262705921,234.434152607402));
#2800=CARTESIAN_POINT('Ctrl Pts',(87.9849218402269,-105.221335992165,234.926854143008));
#2801=CARTESIAN_POINT('Ctrl Pts',(87.8668153031405,-105.320083106823,235.151713259206));
#2802=CARTESIAN_POINT('Ctrl Pts',(87.5936902481536,-105.54734773944,235.506924708652));
#2803=CARTESIAN_POINT('Ctrl Pts',(87.420426931776,-105.691037266229,235.66089292998));
#2804=CARTESIAN_POINT('Ctrl Pts',(87.0398448565714,-106.004678249074,235.865029447834));
#2805=CARTESIAN_POINT('Ctrl Pts',(86.8325017197227,-106.174598654698,235.9152));
#2806=CARTESIAN_POINT('Ctrl Pts',(86.6376771417149,-106.333336726955,235.9152));
#2807=CARTESIAN_POINT('',(88.1798690607268,-105.057966344457,207.4352));
#2808=CARTESIAN_POINT('',(88.1798690607268,-105.057966344457,3.81));
#2809=CARTESIAN_POINT('',(86.6376771417149,-106.333336726955,205.4352));
#2810=CARTESIAN_POINT('Ctrl Pts',(86.6376771417149,-106.333336726955,205.4352));
#2811=CARTESIAN_POINT('Ctrl Pts',(86.8325017197227,-106.174598654698,205.4352));
#2812=CARTESIAN_POINT('Ctrl Pts',(87.0398448565714,-106.004678249074,205.485370552166));
#2813=CARTESIAN_POINT('Ctrl Pts',(87.420426931776,-105.691037266229,205.68950707002));
#2814=CARTESIAN_POINT('Ctrl Pts',(87.5936902481536,-105.54734773944,205.843475291348));
#2815=CARTESIAN_POINT('Ctrl Pts',(87.8668153031405,-105.320083106823,206.198686740794));
#2816=CARTESIAN_POINT('Ctrl Pts',(87.9849218402269,-105.221335992165,206.423545856992));
#2817=CARTESIAN_POINT('Ctrl Pts',(88.141435792738,-105.090262705921,206.916247392598));
#2818=CARTESIAN_POINT('Ctrl Pts',(88.1798690607268,-105.057966344457,207.184089529145));
#2819=CARTESIAN_POINT('Ctrl Pts',(88.1798690607268,-105.057966344457,207.4352));
#2820=CARTESIAN_POINT('Origin',(0.,0.,205.4352));
#2821=CARTESIAN_POINT('',(-89.8191693411719,-103.659936418435,245.5352));
#2822=CARTESIAN_POINT('',(-88.2972003272862,-104.959373161062,243.5352));
#2823=CARTESIAN_POINT('Ctrl Pts',(-89.8191693426203,-103.659936420016,245.5352));
#2824=CARTESIAN_POINT('Ctrl Pts',(-89.8191693426203,-103.659936420016,245.284089529145));
#2825=CARTESIAN_POINT('Ctrl Pts',(-89.7812481052459,-103.692832480694,245.016247392598));
#2826=CARTESIAN_POINT('Ctrl Pts',(-89.6268122711709,-103.826348011067,244.523545856992));
#2827=CARTESIAN_POINT('Ctrl Pts',(-89.5102713568584,-103.926938080393,244.298686740794));
#2828=CARTESIAN_POINT('Ctrl Pts',(-89.24074971433,-104.158464737841,243.943475291348));
#2829=CARTESIAN_POINT('Ctrl Pts',(-89.0697647500094,-104.304858039899,243.78950707002));
#2830=CARTESIAN_POINT('Ctrl Pts',(-88.6941560847105,-104.624438253052,243.585370552166));
#2831=CARTESIAN_POINT('Ctrl Pts',(-88.489507520999,-104.79759450046,243.5352));
#2832=CARTESIAN_POINT('Ctrl Pts',(-88.2972003272862,-104.959373161062,243.5352));
#2833=CARTESIAN_POINT('',(-89.8191693411719,-103.659936418435,268.51));
#2834=CARTESIAN_POINT('',(-89.8191693411719,-103.659936418435,3.81));
#2835=CARTESIAN_POINT('',(-88.2972003272862,-104.959373161062,270.51));
#2836=CARTESIAN_POINT('Ctrl Pts',(-88.2972003272862,-104.959373161062,270.51));
#2837=CARTESIAN_POINT('Ctrl Pts',(-88.489507520999,-104.79759450046,270.51));
#2838=CARTESIAN_POINT('Ctrl Pts',(-88.6941560847105,-104.624438253052,270.459829447834));
#2839=CARTESIAN_POINT('Ctrl Pts',(-89.0697647500094,-104.304858039899,270.25569292998));
#2840=CARTESIAN_POINT('Ctrl Pts',(-89.24074971433,-104.158464737841,270.101724708651));
#2841=CARTESIAN_POINT('Ctrl Pts',(-89.5102713568584,-103.926938080393,269.746513259206));
#2842=CARTESIAN_POINT('Ctrl Pts',(-89.6268122711709,-103.826348011067,269.521654143008));
#2843=CARTESIAN_POINT('Ctrl Pts',(-89.7812481052459,-103.692832480694,269.028952607402));
#2844=CARTESIAN_POINT('Ctrl Pts',(-89.8191693426203,-103.659936420016,268.761110470855));
#2845=CARTESIAN_POINT('Ctrl Pts',(-89.8191693426203,-103.659936420016,268.51));
#2846=CARTESIAN_POINT('',(86.6376771417149,-106.333336726955,270.51));
#2847=CARTESIAN_POINT('Origin',(0.,0.,270.51));
#2848=CARTESIAN_POINT('',(88.1798690607268,-105.057966344457,268.51));
#2849=CARTESIAN_POINT('Ctrl Pts',(88.1798690607268,-105.057966344457,268.51));
#2850=CARTESIAN_POINT('Ctrl Pts',(88.1798690607268,-105.057966344457,268.761110470855));
#2851=CARTESIAN_POINT('Ctrl Pts',(88.141435792738,-105.090262705921,269.028952607402));
#2852=CARTESIAN_POINT('Ctrl Pts',(87.9849218402269,-105.221335992165,269.521654143008));
#2853=CARTESIAN_POINT('Ctrl Pts',(87.8668153031405,-105.320083106823,269.746513259206));
#2854=CARTESIAN_POINT('Ctrl Pts',(87.5936902481536,-105.54734773944,270.101724708651));
#2855=CARTESIAN_POINT('Ctrl Pts',(87.420426931776,-105.691037266229,270.25569292998));
#2856=CARTESIAN_POINT('Ctrl Pts',(87.0398448565714,-106.004678249074,270.459829447834));
#2857=CARTESIAN_POINT('Ctrl Pts',(86.8325017197227,-106.174598654698,270.51));
#2858=CARTESIAN_POINT('Ctrl Pts',(86.6376771417149,-106.333336726955,270.51));
#2859=CARTESIAN_POINT('',(88.1798690607268,-105.057966344457,245.5352));
#2860=CARTESIAN_POINT('',(88.1798690607268,-105.057966344457,3.81));
#2861=CARTESIAN_POINT('',(86.6376771417149,-106.333336726955,243.5352));
#2862=CARTESIAN_POINT('Ctrl Pts',(86.6376771417149,-106.333336726955,243.5352));
#2863=CARTESIAN_POINT('Ctrl Pts',(86.8325017197227,-106.174598654698,243.5352));
#2864=CARTESIAN_POINT('Ctrl Pts',(87.0398448565714,-106.004678249074,243.585370552166));
#2865=CARTESIAN_POINT('Ctrl Pts',(87.420426931776,-105.691037266229,243.78950707002));
#2866=CARTESIAN_POINT('Ctrl Pts',(87.5936902481536,-105.54734773944,243.943475291348));
#2867=CARTESIAN_POINT('Ctrl Pts',(87.8668153031405,-105.320083106823,244.298686740794));
#2868=CARTESIAN_POINT('Ctrl Pts',(87.9849218402269,-105.221335992165,244.523545856992));
#2869=CARTESIAN_POINT('Ctrl Pts',(88.141435792738,-105.090262705921,245.016247392598));
#2870=CARTESIAN_POINT('Ctrl Pts',(88.1798690607268,-105.057966344457,245.284089529145));
#2871=CARTESIAN_POINT('Ctrl Pts',(88.1798690607268,-105.057966344457,245.5352));
#2872=CARTESIAN_POINT('Origin',(0.,0.,243.5352));
#2873=CARTESIAN_POINT('Origin',(-86.1595977341534,-94.0267014559865,289.2552));
#2874=CARTESIAN_POINT('',(-80.1162719500278,-93.0710820104767,289.2552));
#2875=CARTESIAN_POINT('Origin',(81.1642533463475,-85.6789091695846,3.81));
#2876=CARTESIAN_POINT('',(75.4660318967487,-90.7380269099947,3.81));
#2877=CARTESIAN_POINT('Origin',(-31.5524876005334,-109.081416019899,195.8152));
#2878=CARTESIAN_POINT('',(-30.6658207070376,-114.05954383726,195.8152));
#2879=CARTESIAN_POINT('',(-32.5943633374744,-113.523475892102,197.8152));
#2880=CARTESIAN_POINT('Ctrl Pts',(-32.5943633374744,-113.523475892102,197.8152));
#2881=CARTESIAN_POINT('Ctrl Pts',(-32.3527561095002,-113.592845101525,197.8152));
#2882=CARTESIAN_POINT('Ctrl Pts',(-32.0947774383367,-113.665994033658,197.765035291409));
#2883=CARTESIAN_POINT('Ctrl Pts',(-31.6197516775722,-113.799052027353,197.560888594275));
#2884=CARTESIAN_POINT('Ctrl Pts',(-31.4027181689643,-113.859004899535,197.406903561646));
#2885=CARTESIAN_POINT('Ctrl Pts',(-31.0599966010039,-113.952973853998,197.051668423272));
#2886=CARTESIAN_POINT('Ctrl Pts',(-30.9114072903235,-113.993277959814,196.826822022885));
#2887=CARTESIAN_POINT('Ctrl Pts',(-30.7143138082208,-114.046540710269,196.334140413519));
#2888=CARTESIAN_POINT('Ctrl Pts',(-30.6658207070376,-114.05954383726,196.066305585934));
#2889=CARTESIAN_POINT('Ctrl Pts',(-30.6658207070376,-114.05954383726,195.8152));
#2890=CARTESIAN_POINT('',(-29.605329794787,-109.53811776012,195.8152));
#2891=CARTESIAN_POINT('',(-31.5524876005334,-109.081416019899,197.8152));
#2892=CARTESIAN_POINT('Origin',(-30.645056215622,-113.971013976343,3.81));
#2893=CARTESIAN_POINT('',(-30.6658207070376,-114.05954383726,81.248));
#2894=CARTESIAN_POINT('',(-30.6658207070376,-114.05954383726,71.628));
#2895=CARTESIAN_POINT('',(-17.1771959177844,-56.5504985806107,81.248));
#2896=CARTESIAN_POINT('',(-30.6658207070376,-114.05954383726,148.2664));
#2897=CARTESIAN_POINT('',(-31.0244040802629,-115.588371850589,148.2664));
#2898=CARTESIAN_POINT('',(-30.6658207070376,-114.05954383726,159.8864));
#2899=CARTESIAN_POINT('',(-30.6658207070376,-114.05954383726,150.2664));
#2900=CARTESIAN_POINT('',(-31.0244040802629,-115.588371850589,159.8864));
#2901=CARTESIAN_POINT('',(-30.6658207070376,-114.05954383726,197.8152));
#2902=CARTESIAN_POINT('',(-30.6658207070376,-114.05954383726,197.8152));
#2903=CARTESIAN_POINT('',(-30.645056215622,-113.971013976343,197.8152));
#2904=CARTESIAN_POINT('',(-33.9246553528718,-127.95365625119,197.8152));
#2905=CARTESIAN_POINT('',(-30.645056215622,-113.971013976343,3.81));
#2906=CARTESIAN_POINT('Origin',(-32.9715618860092,-115.131670110368,148.2664));
#2907=CARTESIAN_POINT('',(-32.5943633374744,-113.523475892102,150.2664));
#2908=CARTESIAN_POINT('Ctrl Pts',(-32.5943633374744,-113.523475892102,150.2664));
#2909=CARTESIAN_POINT('Ctrl Pts',(-32.3527561095002,-113.592845101525,150.2664));
#2910=CARTESIAN_POINT('Ctrl Pts',(-32.0947774383367,-113.665994033658,150.216235291409));
#2911=CARTESIAN_POINT('Ctrl Pts',(-31.6197516775721,-113.799052027353,150.012088594275));
#2912=CARTESIAN_POINT('Ctrl Pts',(-31.4027181689643,-113.859004899535,149.858103561646));
#2913=CARTESIAN_POINT('Ctrl Pts',(-31.0599966010039,-113.952973853998,149.502868423272));
#2914=CARTESIAN_POINT('Ctrl Pts',(-30.9114072903235,-113.993277959814,149.278022022885));
#2915=CARTESIAN_POINT('Ctrl Pts',(-30.7143138082208,-114.046540710269,148.785340413519));
#2916=CARTESIAN_POINT('Ctrl Pts',(-30.6658207070376,-114.05954383726,148.517505585934));
#2917=CARTESIAN_POINT('Ctrl Pts',(-30.6658207070376,-114.05954383726,148.2664));
#2918=CARTESIAN_POINT('',(-32.9715618860092,-115.131670110368,150.2664));
#2919=CARTESIAN_POINT('Origin',(-19.1243537235307,-56.0937968403894,81.248));
#2920=CARTESIAN_POINT('',(-32.5943633374744,-113.523475892102,79.248));
#2921=CARTESIAN_POINT('Ctrl Pts',(-30.6658207070376,-114.05954383726,81.248));
#2922=CARTESIAN_POINT('Ctrl Pts',(-30.6658207070376,-114.05954383726,80.9968944140661));
#2923=CARTESIAN_POINT('Ctrl Pts',(-30.7143138082208,-114.046540710269,80.7290595864811));
#2924=CARTESIAN_POINT('Ctrl Pts',(-30.9114072903235,-113.993277959814,80.236377977115));
#2925=CARTESIAN_POINT('Ctrl Pts',(-31.0599966010039,-113.952973853998,80.0115315767279));
#2926=CARTESIAN_POINT('Ctrl Pts',(-31.4027181689643,-113.859004899535,79.6562964383541));
#2927=CARTESIAN_POINT('Ctrl Pts',(-31.6197516775722,-113.799052027353,79.5023114057248));
#2928=CARTESIAN_POINT('Ctrl Pts',(-32.0947774383367,-113.665994033658,79.2981647085914));
#2929=CARTESIAN_POINT('Ctrl Pts',(-32.3527561095002,-113.592845101525,79.248));
#2930=CARTESIAN_POINT('Ctrl Pts',(-32.5943633374744,-113.523475892102,79.248));
#2931=CARTESIAN_POINT('',(-19.1243537235307,-56.0937968403894,79.248));
#2932=CARTESIAN_POINT('Origin',(0.,0.,79.248));
#2933=CARTESIAN_POINT('',(-75.4137770304939,-90.8995837943989,79.248));
#2934=CARTESIAN_POINT('Origin',(0.,0.,79.248));
#2935=CARTESIAN_POINT('',(-42.0305166703424,-54.4681479699567,79.248));
#2936=CARTESIAN_POINT('Origin',(-32.9715618860092,-115.131670110368,159.8864));
#2937=CARTESIAN_POINT('',(-32.5943633374744,-113.523475892102,157.8864));
#2938=CARTESIAN_POINT('Ctrl Pts',(-30.6658207070376,-114.05954383726,159.8864));
#2939=CARTESIAN_POINT('Ctrl Pts',(-30.6658207070376,-114.05954383726,159.635294414066));
#2940=CARTESIAN_POINT('Ctrl Pts',(-30.7143138082208,-114.046540710269,159.367459586481));
#2941=CARTESIAN_POINT('Ctrl Pts',(-30.9114072903235,-113.993277959814,158.874777977115));
#2942=CARTESIAN_POINT('Ctrl Pts',(-31.0599966010039,-113.952973853998,158.649931576728));
#2943=CARTESIAN_POINT('Ctrl Pts',(-31.4027181689643,-113.859004899535,158.294696438354));
#2944=CARTESIAN_POINT('Ctrl Pts',(-31.6197516775721,-113.799052027353,158.140711405725));
#2945=CARTESIAN_POINT('Ctrl Pts',(-32.0947774383367,-113.665994033658,157.936564708591));
#2946=CARTESIAN_POINT('Ctrl Pts',(-32.3527561095002,-113.592845101525,157.8864));
#2947=CARTESIAN_POINT('Ctrl Pts',(-32.5943633374744,-113.523475892102,157.8864));
#2948=CARTESIAN_POINT('',(-32.9715618860092,-115.131670110368,157.8864));
#2949=CARTESIAN_POINT('Origin',(-58.9667217714916,-110.740893516736,157.8864));
#2950=CARTESIAN_POINT('',(-75.4137770304939,-90.8995837943989,157.8864));
#2951=CARTESIAN_POINT('Origin',(0.,0.,157.8864));
#2952=CARTESIAN_POINT('',(-83.0672477506969,-99.2518814540412,157.8864));
#2953=CARTESIAN_POINT('Origin',(-69.8754593447843,-84.8555706223617,268.51));
#2954=CARTESIAN_POINT('',(-76.9434058544603,-89.6085062676295,268.51));
#2955=CARTESIAN_POINT('',(-75.4137770304939,-90.8995837943989,270.51));
#2956=CARTESIAN_POINT('Ctrl Pts',(-76.9434058544603,-89.6085062676295,268.51));
#2957=CARTESIAN_POINT('Ctrl Pts',(-76.9434058544603,-89.6085062676295,268.761105585934));
#2958=CARTESIAN_POINT('Ctrl Pts',(-76.9053368677196,-89.6412387350347,269.028940413519));
#2959=CARTESIAN_POINT('Ctrl Pts',(-76.7502692891679,-89.7740423771366,269.521622022885));
#2960=CARTESIAN_POINT('Ctrl Pts',(-76.6332401889299,-89.8740793397634,269.746468423272));
#2961=CARTESIAN_POINT('Ctrl Pts',(-76.3624800648342,-90.1042470889112,270.101703561646));
#2962=CARTESIAN_POINT('Ctrl Pts',(-76.190649063782,-90.2497530950376,270.255688594275));
#2963=CARTESIAN_POINT('Ctrl Pts',(-75.8130406920137,-90.5671894203799,270.459835291409));
#2964=CARTESIAN_POINT('Ctrl Pts',(-75.6072347826636,-90.7390838319354,270.51));
#2965=CARTESIAN_POINT('Ctrl Pts',(-75.4137770304939,-90.8995837943989,270.51));
#2966=CARTESIAN_POINT('',(-69.8754593447843,-84.8555706223617,270.51));
#2967=CARTESIAN_POINT('',(-71.3500140184045,-83.5043902071303,268.51));
#2968=CARTESIAN_POINT('Origin',(-1.77635683940025E-14,-111.805223327448,
270.51));
#2969=CARTESIAN_POINT('',(73.976684813802,-92.0729178638289,270.51));
#2970=CARTESIAN_POINT('Origin',(0.,0.,270.51));
#2971=CARTESIAN_POINT('',(62.5675470025538,-79.2224966771075,270.51));
#2972=CARTESIAN_POINT('Origin',(-69.8754593447843,-84.8555706223617,233.9152));
#2973=CARTESIAN_POINT('',(-76.9434058544603,-89.6085062676295,233.9152));
#2974=CARTESIAN_POINT('',(-75.4137770304939,-90.8995837943989,235.9152));
#2975=CARTESIAN_POINT('Ctrl Pts',(-76.9434058544604,-89.6085062676295,233.9152));
#2976=CARTESIAN_POINT('Ctrl Pts',(-76.9434058544604,-89.6085062676295,234.166305585934));
#2977=CARTESIAN_POINT('Ctrl Pts',(-76.9053368677196,-89.6412387350347,234.434140413519));
#2978=CARTESIAN_POINT('Ctrl Pts',(-76.7502692891679,-89.7740423771366,234.926822022885));
#2979=CARTESIAN_POINT('Ctrl Pts',(-76.6332401889299,-89.8740793397634,235.151668423272));
#2980=CARTESIAN_POINT('Ctrl Pts',(-76.3624800648342,-90.1042470889112,235.506903561646));
#2981=CARTESIAN_POINT('Ctrl Pts',(-76.190649063782,-90.2497530950376,235.660888594275));
#2982=CARTESIAN_POINT('Ctrl Pts',(-75.8130406920137,-90.5671894203799,235.865035291409));
#2983=CARTESIAN_POINT('Ctrl Pts',(-75.6072347826637,-90.7390838319354,235.9152));
#2984=CARTESIAN_POINT('Ctrl Pts',(-75.4137770304939,-90.8995837943989,235.9152));
#2985=CARTESIAN_POINT('',(-69.8754593447843,-84.8555706223617,235.9152));
#2986=CARTESIAN_POINT('',(-71.3500140184045,-83.5043902071303,233.9152));
#2987=CARTESIAN_POINT('Origin',(1.77635683940025E-14,-111.805223327448,
235.9152));
#2988=CARTESIAN_POINT('',(73.976684813802,-92.072917863829,235.9152));
#2989=CARTESIAN_POINT('Origin',(0.,0.,235.9152));
#2990=CARTESIAN_POINT('',(62.5675470025538,-79.2224966771076,235.9152));
#2991=CARTESIAN_POINT('Origin',(-69.8754593447843,-84.8555706223617,195.8152));
#2992=CARTESIAN_POINT('',(-76.9434058544603,-89.6085062676295,195.8152));
#2993=CARTESIAN_POINT('',(-75.4137770304939,-90.8995837943989,197.8152));
#2994=CARTESIAN_POINT('Ctrl Pts',(-76.9434058544604,-89.6085062676295,195.8152));
#2995=CARTESIAN_POINT('Ctrl Pts',(-76.9434058544604,-89.6085062676295,196.066305585934));
#2996=CARTESIAN_POINT('Ctrl Pts',(-76.9053368677196,-89.6412387350348,196.334140413519));
#2997=CARTESIAN_POINT('Ctrl Pts',(-76.7502692891679,-89.7740423771366,196.826822022885));
#2998=CARTESIAN_POINT('Ctrl Pts',(-76.6332401889299,-89.8740793397634,197.051668423272));
#2999=CARTESIAN_POINT('Ctrl Pts',(-76.3624800648342,-90.1042470889112,197.406903561646));
#3000=CARTESIAN_POINT('Ctrl Pts',(-76.190649063782,-90.2497530950376,197.560888594275));
#3001=CARTESIAN_POINT('Ctrl Pts',(-75.8130406920137,-90.5671894203799,197.765035291409));
#3002=CARTESIAN_POINT('Ctrl Pts',(-75.6072347826637,-90.7390838319354,197.8152));
#3003=CARTESIAN_POINT('Ctrl Pts',(-75.4137770304939,-90.8995837943989,197.8152));
#3004=CARTESIAN_POINT('',(-69.8754593447843,-84.8555706223617,197.8152));
#3005=CARTESIAN_POINT('',(-71.3500140184045,-83.5043902071303,195.8152));
#3006=CARTESIAN_POINT('Origin',(-1.77635683940025E-14,-111.805223327448,
197.8152));
#3007=CARTESIAN_POINT('Origin',(0.,0.,197.8152));
#3008=CARTESIAN_POINT('Origin',(-83.0672477506969,-99.2518814540412,148.2664));
#3009=CARTESIAN_POINT('',(-76.9434058544603,-89.6085062676295,148.2664));
#3010=CARTESIAN_POINT('',(-75.4137770304939,-90.8995837943989,150.2664));
#3011=CARTESIAN_POINT('Ctrl Pts',(-76.9434058544604,-89.6085062676295,148.2664));
#3012=CARTESIAN_POINT('Ctrl Pts',(-76.9434058544604,-89.6085062676295,148.517505585934));
#3013=CARTESIAN_POINT('Ctrl Pts',(-76.9053368677196,-89.6412387350347,148.785340413519));
#3014=CARTESIAN_POINT('Ctrl Pts',(-76.7502692891679,-89.7740423771366,149.278022022885));
#3015=CARTESIAN_POINT('Ctrl Pts',(-76.6332401889299,-89.8740793397634,149.502868423272));
#3016=CARTESIAN_POINT('Ctrl Pts',(-76.3624800648342,-90.1042470889112,149.858103561646));
#3017=CARTESIAN_POINT('Ctrl Pts',(-76.190649063782,-90.2497530950376,150.012088594275));
#3018=CARTESIAN_POINT('Ctrl Pts',(-75.8130406920137,-90.5671894203799,150.216235291409));
#3019=CARTESIAN_POINT('Ctrl Pts',(-75.6072347826637,-90.7390838319354,150.2664));
#3020=CARTESIAN_POINT('Ctrl Pts',(-75.4137770304939,-90.8995837943989,150.2664));
#3021=CARTESIAN_POINT('',(-83.0672477506969,-99.2518814540412,150.2664));
#3022=CARTESIAN_POINT('',(-84.5418024243172,-97.9007010388098,148.2664));
#3023=CARTESIAN_POINT('Origin',(-58.9667217714916,-110.740893516736,150.2664));
#3024=CARTESIAN_POINT('Origin',(0.,0.,150.2664));
#3025=CARTESIAN_POINT('Origin',(-22.4259001738979,-121.056614646798,195.8152));
#3026=CARTESIAN_POINT('',(-23.2471494671441,-115.799577467503,195.8152));
#3027=CARTESIAN_POINT('',(-21.2813764860883,-116.176913002788,197.8152));
#3028=CARTESIAN_POINT('Ctrl Pts',(-23.2471494671441,-115.799577467503,195.8152));
#3029=CARTESIAN_POINT('Ctrl Pts',(-23.2471494671441,-115.799577467503,196.066305585934));
#3030=CARTESIAN_POINT('Ctrl Pts',(-23.1979319784243,-115.809492152471,196.334140413519));
#3031=CARTESIAN_POINT('Ctrl Pts',(-22.997710536046,-115.849418776237,196.826822022885));
#3032=CARTESIAN_POINT('Ctrl Pts',(-22.8466967197122,-115.879385949451,197.051668423272));
#3033=CARTESIAN_POINT('Ctrl Pts',(-22.497935077897,-115.947602917622,197.406903561646));
#3034=CARTESIAN_POINT('Ctrl Pts',(-22.2768784558058,-115.990403157938,197.560888594275));
#3035=CARTESIAN_POINT('Ctrl Pts',(-21.7922300306034,-116.082434712445,197.765035291409));
#3036=CARTESIAN_POINT('Ctrl Pts',(-21.5286309124053,-116.131620746364,197.8152));
#3037=CARTESIAN_POINT('Ctrl Pts',(-21.2813764860883,-116.176913002788,197.8152));
#3038=CARTESIAN_POINT('',(-22.4259001738979,-121.056614646798,197.8152));
#3039=CARTESIAN_POINT('',(-24.3730579796442,-120.599912906576,195.8152));
#3040=CARTESIAN_POINT('Origin',(-1.77635683940025E-14,-111.805223327448,
197.8152));
#3041=CARTESIAN_POINT('',(23.2471494671443,-115.799577467503,197.8152));
#3042=CARTESIAN_POINT('Origin',(0.,0.,197.8152));
#3043=CARTESIAN_POINT('',(26.5059841129785,-129.693689881433,197.8152));
#3044=CARTESIAN_POINT('Origin',(33.7388870252842,-118.403177536112,195.8152));
#3045=CARTESIAN_POINT('',(30.6658207070378,-114.05954383726,195.8152));
#3046=CARTESIAN_POINT('',(32.5943633374746,-113.523475892102,197.8152));
#3047=CARTESIAN_POINT('Ctrl Pts',(30.6658207070378,-114.05954383726,195.8152));
#3048=CARTESIAN_POINT('Ctrl Pts',(30.6658207070378,-114.05954383726,196.066305585934));
#3049=CARTESIAN_POINT('Ctrl Pts',(30.714313808221,-114.046540710269,196.334140413519));
#3050=CARTESIAN_POINT('Ctrl Pts',(30.9114072903237,-113.993277959814,196.826822022885));
#3051=CARTESIAN_POINT('Ctrl Pts',(31.0599966010041,-113.952973853998,197.051668423272));
#3052=CARTESIAN_POINT('Ctrl Pts',(31.4027181689645,-113.859004899535,197.406903561646));
#3053=CARTESIAN_POINT('Ctrl Pts',(31.6197516775723,-113.799052027353,197.560888594275));
#3054=CARTESIAN_POINT('Ctrl Pts',(32.0947774383369,-113.665994033658,197.765035291409));
#3055=CARTESIAN_POINT('Ctrl Pts',(32.3527561095003,-113.592845101525,197.8152));
#3056=CARTESIAN_POINT('Ctrl Pts',(32.5943633374746,-113.523475892102,197.8152));
#3057=CARTESIAN_POINT('',(33.7388870252842,-118.403177536112,197.8152));
#3058=CARTESIAN_POINT('',(31.7917292195379,-118.859879276333,195.8152));
#3059=CARTESIAN_POINT('Origin',(-1.77635683940025E-14,-111.805223327448,
197.8152));
#3060=CARTESIAN_POINT('',(73.976684813802,-92.0729178638289,197.8152));
#3061=CARTESIAN_POINT('Origin',(0.,0.,197.8152));
#3062=CARTESIAN_POINT('',(62.5675470025538,-79.2224966771075,197.8152));
#3063=CARTESIAN_POINT('Origin',(-69.8754593447843,-84.8555706223617,276.32));
#3064=CARTESIAN_POINT('',(-75.4137770304939,-90.8995837943989,274.32));
#3065=CARTESIAN_POINT('',(-76.9434058544603,-89.6085062676295,276.32));
#3066=CARTESIAN_POINT('Ctrl Pts',(-75.4137770304939,-90.8995837943989,274.32));
#3067=CARTESIAN_POINT('Ctrl Pts',(-75.6072347826636,-90.7390838319354,274.32));
#3068=CARTESIAN_POINT('Ctrl Pts',(-75.8130406920137,-90.5671894203799,274.370164708591));
#3069=CARTESIAN_POINT('Ctrl Pts',(-76.190649063782,-90.2497530950376,274.574311405725));
#3070=CARTESIAN_POINT('Ctrl Pts',(-76.3624800648342,-90.1042470889112,274.728296438354));
#3071=CARTESIAN_POINT('Ctrl Pts',(-76.6332401889299,-89.8740793397634,275.083531576728));
#3072=CARTESIAN_POINT('Ctrl Pts',(-76.7502692891679,-89.7740423771365,275.308377977115));
#3073=CARTESIAN_POINT('Ctrl Pts',(-76.9053368677196,-89.6412387350347,275.801059586481));
#3074=CARTESIAN_POINT('Ctrl Pts',(-76.9434058544603,-89.6085062676295,276.068894414066));
#3075=CARTESIAN_POINT('Ctrl Pts',(-76.9434058544603,-89.6085062676295,276.32));
#3076=CARTESIAN_POINT('',(-71.3500140184045,-83.5043902071303,276.32));
#3077=CARTESIAN_POINT('',(-69.8754593447843,-84.8555706223617,274.32));
#3078=CARTESIAN_POINT('Origin',(-89.8191693411719,-103.659936418435,3.81));
#3079=CARTESIAN_POINT('',(-76.9434058544603,-89.6085062676295,270.51));
#3080=CARTESIAN_POINT('',(-76.9434058544603,-89.6085062676295,245.5352));
#3081=CARTESIAN_POINT('',(-71.3500140184045,-83.5043902071303,245.5352));
#3082=CARTESIAN_POINT('',(-76.9434058544604,-89.6085062676295,235.9152));
#3083=CARTESIAN_POINT('',(-76.9434058544603,-89.6085062676295,207.4352));
#3084=CARTESIAN_POINT('',(-82.7718205051376,-95.9691047236702,207.4352));
#3085=CARTESIAN_POINT('',(-76.9434058544604,-89.6085062676295,197.8152));
#3086=CARTESIAN_POINT('',(-76.9434058544603,-89.6085062676295,159.8864));
#3087=CARTESIAN_POINT('',(-84.5418024243172,-97.9007010388098,159.8864));
#3088=CARTESIAN_POINT('',(-76.9434058544604,-89.6085062676295,150.2664));
#3089=CARTESIAN_POINT('',(-76.9434058544604,-89.6085062676295,81.248));
#3090=CARTESIAN_POINT('',(-43.5050713439627,-53.1169675547254,81.248));
#3091=CARTESIAN_POINT('',(-76.9434058544604,-89.6085062676295,71.628));
#3092=CARTESIAN_POINT('Origin',(-69.8754593447843,-84.8555706223617,245.5352));
#3093=CARTESIAN_POINT('',(-75.4137770304939,-90.8995837943989,243.5352));
#3094=CARTESIAN_POINT('Ctrl Pts',(-75.4137770304939,-90.8995837943989,243.5352));
#3095=CARTESIAN_POINT('Ctrl Pts',(-75.6072347826637,-90.7390838319354,243.5352));
#3096=CARTESIAN_POINT('Ctrl Pts',(-75.8130406920137,-90.5671894203799,243.585364708591));
#3097=CARTESIAN_POINT('Ctrl Pts',(-76.190649063782,-90.2497530950376,243.789511405725));
#3098=CARTESIAN_POINT('Ctrl Pts',(-76.3624800648342,-90.1042470889112,243.943496438354));
#3099=CARTESIAN_POINT('Ctrl Pts',(-76.6332401889299,-89.8740793397634,244.298731576728));
#3100=CARTESIAN_POINT('Ctrl Pts',(-76.7502692891679,-89.7740423771366,244.523577977115));
#3101=CARTESIAN_POINT('Ctrl Pts',(-76.9053368677196,-89.6412387350347,245.016259586481));
#3102=CARTESIAN_POINT('Ctrl Pts',(-76.9434058544604,-89.6085062676295,245.284094414066));
#3103=CARTESIAN_POINT('Ctrl Pts',(-76.9434058544604,-89.6085062676295,245.5352));
#3104=CARTESIAN_POINT('',(-69.8754593447843,-84.8555706223617,243.5352));
#3105=CARTESIAN_POINT('Origin',(-81.2972658315173,-97.3202851389015,207.4352));
#3106=CARTESIAN_POINT('',(-75.4137770304939,-90.8995837943989,205.4352));
#3107=CARTESIAN_POINT('Ctrl Pts',(-75.4137770304939,-90.8995837943989,205.4352));
#3108=CARTESIAN_POINT('Ctrl Pts',(-75.6072347826637,-90.7390838319354,205.4352));
#3109=CARTESIAN_POINT('Ctrl Pts',(-75.8130406920138,-90.5671894203799,205.485364708591));
#3110=CARTESIAN_POINT('Ctrl Pts',(-76.190649063782,-90.2497530950376,205.689511405725));
#3111=CARTESIAN_POINT('Ctrl Pts',(-76.3624800648342,-90.1042470889112,205.843496438354));
#3112=CARTESIAN_POINT('Ctrl Pts',(-76.6332401889299,-89.8740793397634,206.198731576728));
#3113=CARTESIAN_POINT('Ctrl Pts',(-76.7502692891679,-89.7740423771366,206.423577977115));
#3114=CARTESIAN_POINT('Ctrl Pts',(-76.9053368677196,-89.6412387350348,206.916259586481));
#3115=CARTESIAN_POINT('Ctrl Pts',(-76.9434058544604,-89.6085062676295,207.184094414066));
#3116=CARTESIAN_POINT('Ctrl Pts',(-76.9434058544604,-89.6085062676295,207.4352));
#3117=CARTESIAN_POINT('',(-81.2972658315173,-97.3202851389015,205.4352));
#3118=CARTESIAN_POINT('Origin',(-83.0672477506969,-99.2518814540412,159.8864));
#3119=CARTESIAN_POINT('Ctrl Pts',(-75.4137770304939,-90.8995837943989,157.8864));
#3120=CARTESIAN_POINT('Ctrl Pts',(-75.6072347826637,-90.7390838319354,157.8864));
#3121=CARTESIAN_POINT('Ctrl Pts',(-75.8130406920137,-90.5671894203799,157.936564708591));
#3122=CARTESIAN_POINT('Ctrl Pts',(-76.190649063782,-90.2497530950376,158.140711405725));
#3123=CARTESIAN_POINT('Ctrl Pts',(-76.3624800648342,-90.1042470889112,158.294696438354));
#3124=CARTESIAN_POINT('Ctrl Pts',(-76.6332401889299,-89.8740793397634,158.649931576728));
#3125=CARTESIAN_POINT('Ctrl Pts',(-76.7502692891679,-89.7740423771366,158.874777977115));
#3126=CARTESIAN_POINT('Ctrl Pts',(-76.9053368677196,-89.6412387350347,159.367459586481));
#3127=CARTESIAN_POINT('Ctrl Pts',(-76.9434058544604,-89.6085062676295,159.635294414066));
#3128=CARTESIAN_POINT('Ctrl Pts',(-76.9434058544604,-89.6085062676295,159.8864));
#3129=CARTESIAN_POINT('Origin',(-42.0305166703424,-54.4681479699567,81.248));
#3130=CARTESIAN_POINT('Ctrl Pts',(-75.4137770304939,-90.8995837943989,79.248));
#3131=CARTESIAN_POINT('Ctrl Pts',(-75.6072347826637,-90.7390838319354,79.248));
#3132=CARTESIAN_POINT('Ctrl Pts',(-75.8130406920137,-90.5671894203799,79.2981647085914));
#3133=CARTESIAN_POINT('Ctrl Pts',(-76.190649063782,-90.2497530950376,79.5023114057248));
#3134=CARTESIAN_POINT('Ctrl Pts',(-76.3624800648342,-90.1042470889112,79.6562964383541));
#3135=CARTESIAN_POINT('Ctrl Pts',(-76.6332401889299,-89.8740793397634,80.0115315767279));
#3136=CARTESIAN_POINT('Ctrl Pts',(-76.7502692891679,-89.7740423771366,80.236377977115));
#3137=CARTESIAN_POINT('Ctrl Pts',(-76.9053368677196,-89.6412387350347,80.729059586481));
#3138=CARTESIAN_POINT('Ctrl Pts',(-76.9434058544604,-89.6085062676295,80.996894414066));
#3139=CARTESIAN_POINT('Ctrl Pts',(-76.9434058544604,-89.6085062676295,81.248));
#3140=CARTESIAN_POINT('Origin',(-9.99776629689519,-68.0689954672882,81.248));
#3141=CARTESIAN_POINT('',(-21.2813764860883,-116.176913002788,79.248));
#3142=CARTESIAN_POINT('',(-23.2471494671441,-115.799577467503,81.248));
#3143=CARTESIAN_POINT('Ctrl Pts',(-21.2813764860883,-116.176913002788,79.248));
#3144=CARTESIAN_POINT('Ctrl Pts',(-21.5286309124053,-116.131620746364,79.248));
#3145=CARTESIAN_POINT('Ctrl Pts',(-21.7922300306034,-116.082434712445,79.2981647085914));
#3146=CARTESIAN_POINT('Ctrl Pts',(-22.2768784558058,-115.990403157938,79.5023114057248));
#3147=CARTESIAN_POINT('Ctrl Pts',(-22.497935077897,-115.947602917622,79.6562964383541));
#3148=CARTESIAN_POINT('Ctrl Pts',(-22.8466967197122,-115.879385949451,80.0115315767279));
#3149=CARTESIAN_POINT('Ctrl Pts',(-22.997710536046,-115.849418776237,80.236377977115));
#3150=CARTESIAN_POINT('Ctrl Pts',(-23.1979319784243,-115.809492152471,80.7290595864811));
#3151=CARTESIAN_POINT('Ctrl Pts',(-23.2471494671441,-115.799577467503,80.996894414066));
#3152=CARTESIAN_POINT('Ctrl Pts',(-23.2471494671441,-115.799577467503,81.248));
#3153=CARTESIAN_POINT('',(-11.9449241026415,-67.6122937270669,81.248));
#3154=CARTESIAN_POINT('',(-9.99776629689519,-68.0689954672882,79.248));
#3155=CARTESIAN_POINT('Origin',(-27.5991838252298,-134.354570639012,3.81));
#3156=CARTESIAN_POINT('',(-23.2263849757285,-115.711047606586,197.8152));
#3157=CARTESIAN_POINT('',(-23.2263849757285,-115.711047606586,3.81));
#3158=CARTESIAN_POINT('',(-23.2471494671441,-115.799577467503,197.8152));
#3159=CARTESIAN_POINT('',(-24.3195846882276,-120.371928365221,197.8152));
#3160=CARTESIAN_POINT('',(-23.2471494671441,-115.799577467503,197.8152));
#3161=CARTESIAN_POINT('',(-23.2471494671441,-115.799577467503,71.628));
#3162=CARTESIAN_POINT('Origin',(-23.2263849757285,-115.711047606586,3.81));
#3163=CARTESIAN_POINT('',(-28.7903884056616,-114.406022383901,197.8152));
#3164=CARTESIAN_POINT('Origin',(35.0178550651235,-132.614537008769,3.81));
#3165=CARTESIAN_POINT('',(30.6450562156222,-113.971013976343,197.8152));
#3166=CARTESIAN_POINT('',(30.6450562156222,-113.971013976343,3.81));
#3167=CARTESIAN_POINT('',(30.6658207070378,-114.05954383726,197.8152));
#3168=CARTESIAN_POINT('',(31.7382559281213,-118.631894734977,197.8152));
#3169=CARTESIAN_POINT('',(30.6658207070378,-114.05954383726,197.8152));
#3170=CARTESIAN_POINT('',(30.6658207070378,-114.05954383726,81.248));
#3171=CARTESIAN_POINT('',(19.3635953425352,-65.8722600968236,81.248));
#3172=CARTESIAN_POINT('',(30.6658207070378,-114.05954383726,71.628));
#3173=CARTESIAN_POINT('Origin',(21.3107531482815,-65.4155583566023,81.248));
#3174=CARTESIAN_POINT('',(32.5943633374746,-113.523475892102,79.248));
#3175=CARTESIAN_POINT('Ctrl Pts',(32.5943633374746,-113.523475892102,79.248));
#3176=CARTESIAN_POINT('Ctrl Pts',(32.3527561095003,-113.592845101525,79.248));
#3177=CARTESIAN_POINT('Ctrl Pts',(32.0947774383369,-113.665994033658,79.2981647085914));
#3178=CARTESIAN_POINT('Ctrl Pts',(31.6197516775723,-113.799052027353,79.5023114057248));
#3179=CARTESIAN_POINT('Ctrl Pts',(31.4027181689645,-113.859004899535,79.6562964383541));
#3180=CARTESIAN_POINT('Ctrl Pts',(31.0599966010041,-113.952973853998,80.0115315767279));
#3181=CARTESIAN_POINT('Ctrl Pts',(30.9114072903237,-113.993277959814,80.236377977115));
#3182=CARTESIAN_POINT('Ctrl Pts',(30.714313808221,-114.046540710269,80.729059586481));
#3183=CARTESIAN_POINT('Ctrl Pts',(30.6658207070378,-114.05954383726,80.996894414066));
#3184=CARTESIAN_POINT('Ctrl Pts',(30.6658207070378,-114.05954383726,81.248));
#3185=CARTESIAN_POINT('',(21.3107531482815,-65.4155583566023,79.248));
#3186=CARTESIAN_POINT('Origin',(75.4660318967487,-90.7380269099947,3.81));
#3187=CARTESIAN_POINT('',(75.5264042956436,-90.8060259793974,81.248));
#3188=CARTESIAN_POINT('',(75.5264042956436,-90.8060259793974,71.628));
#3189=CARTESIAN_POINT('',(36.3084605859747,-46.6337928900998,81.248));
#3190=CARTESIAN_POINT('',(75.5264042956436,-90.8060259793974,195.8152));
#3191=CARTESIAN_POINT('',(64.0631431835508,-77.8946442518031,195.8152));
#3192=CARTESIAN_POINT('',(75.5264042956435,-90.8060259793974,207.4352));
#3193=CARTESIAN_POINT('',(75.5264042956436,-90.8060259793974,197.8152));
#3194=CARTESIAN_POINT('',(61.8154236747819,-75.3629768396684,207.4352));
#3195=CARTESIAN_POINT('',(75.5264042956436,-90.8060259793974,233.9152));
#3196=CARTESIAN_POINT('',(64.0631431835508,-77.8946442518031,233.9152));
#3197=CARTESIAN_POINT('',(75.5264042956436,-90.8060259793974,245.5352));
#3198=CARTESIAN_POINT('',(75.5264042956436,-90.8060259793974,235.9152));
#3199=CARTESIAN_POINT('',(64.0631431835508,-77.8946442518031,245.5352));
#3200=CARTESIAN_POINT('',(75.5264042956435,-90.8060259793974,268.51));
#3201=CARTESIAN_POINT('',(64.0631431835508,-77.8946442518031,268.51));
#3202=CARTESIAN_POINT('',(75.5264042956435,-90.8060259793974,276.32));
#3203=CARTESIAN_POINT('',(75.5264042956435,-90.8060259793974,270.51));
#3204=CARTESIAN_POINT('',(64.0631431835508,-77.8946442518031,276.32));
#3205=CARTESIAN_POINT('Origin',(34.8128644049776,-47.9616453154043,81.248));
#3206=CARTESIAN_POINT('',(73.976684813802,-92.072917863829,79.248));
#3207=CARTESIAN_POINT('Ctrl Pts',(75.5264042956436,-90.8060259793974,81.248));
#3208=CARTESIAN_POINT('Ctrl Pts',(75.5264042956436,-90.8060259793974,80.996894414066));
#3209=CARTESIAN_POINT('Ctrl Pts',(75.4878258661273,-90.8381564470249,80.7290595864811));
#3210=CARTESIAN_POINT('Ctrl Pts',(75.3306914289313,-90.9685080098099,80.236377977115));
#3211=CARTESIAN_POINT('Ctrl Pts',(75.212105453968,-91.0666944179127,80.0115315767279));
#3212=CARTESIAN_POINT('Ctrl Pts',(74.9377634150061,-91.2925808566519,79.6562964383541));
#3213=CARTESIAN_POINT('Ctrl Pts',(74.7636681033091,-91.435369908006,79.5023114057248));
#3214=CARTESIAN_POINT('Ctrl Pts',(74.3811202430601,-91.7468358575016,79.2981647085914));
#3215=CARTESIAN_POINT('Ctrl Pts',(74.1726397234079,-91.9154764041473,79.248));
#3216=CARTESIAN_POINT('Ctrl Pts',(73.976684813802,-92.072917863829,79.248));
#3217=CARTESIAN_POINT('',(34.8128644049776,-47.9616453154043,79.248));
#3218=CARTESIAN_POINT('Origin',(0.,0.,79.248));
#3219=CARTESIAN_POINT('Origin',(0.,0.,79.248));
#3220=CARTESIAN_POINT('Origin',(62.5675470025538,-79.2224966771075,195.8152));
#3221=CARTESIAN_POINT('Ctrl Pts',(73.976684813802,-92.072917863829,197.8152));
#3222=CARTESIAN_POINT('Ctrl Pts',(74.1726397234079,-91.9154764041473,197.8152));
#3223=CARTESIAN_POINT('Ctrl Pts',(74.3811202430601,-91.7468358575015,197.765035291409));
#3224=CARTESIAN_POINT('Ctrl Pts',(74.7636681033091,-91.4353699080059,197.560888594275));
#3225=CARTESIAN_POINT('Ctrl Pts',(74.9377634150061,-91.2925808566519,197.406903561646));
#3226=CARTESIAN_POINT('Ctrl Pts',(75.2121054539681,-91.0666944179127,197.051668423272));
#3227=CARTESIAN_POINT('Ctrl Pts',(75.3306914289313,-90.9685080098099,196.826822022885));
#3228=CARTESIAN_POINT('Ctrl Pts',(75.4878258661273,-90.8381564470249,196.334140413519));
#3229=CARTESIAN_POINT('Ctrl Pts',(75.5264042956436,-90.8060259793974,196.066305585934));
#3230=CARTESIAN_POINT('Ctrl Pts',(75.5264042956436,-90.8060259793974,195.8152));
#3231=CARTESIAN_POINT('Origin',(60.3198274937849,-76.6908292649728,207.4352));
#3232=CARTESIAN_POINT('',(73.976684813802,-92.072917863829,205.4352));
#3233=CARTESIAN_POINT('Ctrl Pts',(75.5264042956436,-90.8060259793974,207.4352));
#3234=CARTESIAN_POINT('Ctrl Pts',(75.5264042956436,-90.8060259793974,207.184094414066));
#3235=CARTESIAN_POINT('Ctrl Pts',(75.4878258661273,-90.8381564470249,206.916259586481));
#3236=CARTESIAN_POINT('Ctrl Pts',(75.3306914289313,-90.9685080098099,206.423577977115));
#3237=CARTESIAN_POINT('Ctrl Pts',(75.212105453968,-91.0666944179127,206.198731576728));
#3238=CARTESIAN_POINT('Ctrl Pts',(74.9377634150061,-91.2925808566519,205.843496438354));
#3239=CARTESIAN_POINT('Ctrl Pts',(74.7636681033091,-91.4353699080059,205.689511405725));
#3240=CARTESIAN_POINT('Ctrl Pts',(74.3811202430601,-91.7468358575015,205.485364708591));
#3241=CARTESIAN_POINT('Ctrl Pts',(74.1726397234079,-91.9154764041473,205.4352));
#3242=CARTESIAN_POINT('Ctrl Pts',(73.976684813802,-92.0729178638289,205.4352));
#3243=CARTESIAN_POINT('',(60.3198274937849,-76.6908292649728,205.4352));
#3244=CARTESIAN_POINT('Origin',(-30.4385026300329,-129.775218204993,205.4352));
#3245=CARTESIAN_POINT('Origin',(0.,0.,205.4352));
#3246=CARTESIAN_POINT('Origin',(62.5675470025538,-79.2224966771076,233.9152));
#3247=CARTESIAN_POINT('Ctrl Pts',(73.976684813802,-92.0729178638289,235.9152));
#3248=CARTESIAN_POINT('Ctrl Pts',(74.1726397234079,-91.9154764041473,235.9152));
#3249=CARTESIAN_POINT('Ctrl Pts',(74.3811202430601,-91.7468358575015,235.865035291409));
#3250=CARTESIAN_POINT('Ctrl Pts',(74.7636681033091,-91.4353699080059,235.660888594275));
#3251=CARTESIAN_POINT('Ctrl Pts',(74.9377634150061,-91.2925808566519,235.506903561646));
#3252=CARTESIAN_POINT('Ctrl Pts',(75.2121054539681,-91.0666944179127,235.151668423272));
#3253=CARTESIAN_POINT('Ctrl Pts',(75.3306914289313,-90.9685080098099,234.926822022885));
#3254=CARTESIAN_POINT('Ctrl Pts',(75.4878258661273,-90.8381564470249,234.434140413519));
#3255=CARTESIAN_POINT('Ctrl Pts',(75.5264042956436,-90.8060259793974,234.166305585934));
#3256=CARTESIAN_POINT('Ctrl Pts',(75.5264042956436,-90.8060259793973,233.9152));
#3257=CARTESIAN_POINT('Origin',(62.5675470025538,-79.2224966771076,245.5352));
#3258=CARTESIAN_POINT('',(73.976684813802,-92.072917863829,243.5352));
#3259=CARTESIAN_POINT('Ctrl Pts',(75.5264042956436,-90.8060259793974,245.5352));
#3260=CARTESIAN_POINT('Ctrl Pts',(75.5264042956436,-90.8060259793974,245.284094414066));
#3261=CARTESIAN_POINT('Ctrl Pts',(75.4878258661273,-90.8381564470249,245.016259586481));
#3262=CARTESIAN_POINT('Ctrl Pts',(75.3306914289313,-90.9685080098099,244.523577977115));
#3263=CARTESIAN_POINT('Ctrl Pts',(75.212105453968,-91.0666944179127,244.298731576728));
#3264=CARTESIAN_POINT('Ctrl Pts',(74.9377634150061,-91.2925808566519,243.943496438354));
#3265=CARTESIAN_POINT('Ctrl Pts',(74.7636681033091,-91.4353699080059,243.789511405725));
#3266=CARTESIAN_POINT('Ctrl Pts',(74.3811202430601,-91.7468358575015,243.585364708591));
#3267=CARTESIAN_POINT('Ctrl Pts',(74.1726397234079,-91.9154764041473,243.5352));
#3268=CARTESIAN_POINT('Ctrl Pts',(73.976684813802,-92.0729178638289,243.5352));
#3269=CARTESIAN_POINT('',(62.5675470025538,-79.2224966771076,243.5352));
#3270=CARTESIAN_POINT('Origin',(1.77635683940025E-14,-111.805223327448,
243.5352));
#3271=CARTESIAN_POINT('Origin',(0.,0.,243.5352));
#3272=CARTESIAN_POINT('Origin',(62.5675470025538,-79.2224966771075,268.51));
#3273=CARTESIAN_POINT('Ctrl Pts',(73.976684813802,-92.0729178638289,270.51));
#3274=CARTESIAN_POINT('Ctrl Pts',(74.1726397234079,-91.9154764041473,270.51));
#3275=CARTESIAN_POINT('Ctrl Pts',(74.3811202430601,-91.7468358575015,270.459835291409));
#3276=CARTESIAN_POINT('Ctrl Pts',(74.7636681033091,-91.4353699080059,270.255688594275));
#3277=CARTESIAN_POINT('Ctrl Pts',(74.9377634150061,-91.2925808566519,270.101703561646));
#3278=CARTESIAN_POINT('Ctrl Pts',(75.2121054539681,-91.0666944179127,269.746468423272));
#3279=CARTESIAN_POINT('Ctrl Pts',(75.3306914289312,-90.9685080098099,269.521622022885));
#3280=CARTESIAN_POINT('Ctrl Pts',(75.4878258661273,-90.8381564470249,269.028940413519));
#3281=CARTESIAN_POINT('Ctrl Pts',(75.5264042956436,-90.8060259793974,268.761105585934));
#3282=CARTESIAN_POINT('Ctrl Pts',(75.5264042956436,-90.8060259793974,268.51));
#3283=CARTESIAN_POINT('Origin',(62.5675470025538,-79.2224966771075,276.32));
#3284=CARTESIAN_POINT('',(73.976684813802,-92.0729178638289,274.32));
#3285=CARTESIAN_POINT('Ctrl Pts',(75.5264042956436,-90.8060259793974,276.32));
#3286=CARTESIAN_POINT('Ctrl Pts',(75.5264042956435,-90.8060259793974,276.068894414066));
#3287=CARTESIAN_POINT('Ctrl Pts',(75.4878258661273,-90.8381564470249,275.801059586481));
#3288=CARTESIAN_POINT('Ctrl Pts',(75.3306914289313,-90.9685080098099,275.308377977115));
#3289=CARTESIAN_POINT('Ctrl Pts',(75.2121054539681,-91.0666944179127,275.083531576728));
#3290=CARTESIAN_POINT('Ctrl Pts',(74.9377634150061,-91.2925808566519,274.728296438354));
#3291=CARTESIAN_POINT('Ctrl Pts',(74.7636681033091,-91.4353699080059,274.574311405725));
#3292=CARTESIAN_POINT('Ctrl Pts',(74.3811202430601,-91.7468358575015,274.370164708591));
#3293=CARTESIAN_POINT('Ctrl Pts',(74.1726397234079,-91.9154764041473,274.32));
#3294=CARTESIAN_POINT('Ctrl Pts',(73.976684813802,-92.0729178638289,274.32));
#3295=CARTESIAN_POINT('',(62.5675470025538,-79.2224966771075,274.32));
#3296=CARTESIAN_POINT('Origin',(-1.77635683940025E-14,-111.805223327448,
274.32));
#3297=CARTESIAN_POINT('Origin',(0.,0.,274.32));
#3298=CARTESIAN_POINT('Origin',(0.,0.,270.51));
#3299=CARTESIAN_POINT('Origin',(0.,0.,235.9152));
#3300=CARTESIAN_POINT('Origin',(0.,0.,197.8152));
#3301=CARTESIAN_POINT('Origin',(0.,0.,197.8152));
#3302=CARTESIAN_POINT('Origin',(0.,0.,197.8152));
#3303=CARTESIAN_POINT('Origin',(-29.1221200206995,-124.162792308727,197.8152));
#3304=CARTESIAN_POINT('Origin',(0.,0.,150.2664));
#3305=CARTESIAN_POINT('Origin',(0.,0.,71.628));
#3306=CARTESIAN_POINT('Origin',(0.,0.,71.628));
#3307=CARTESIAN_POINT('',(23.2471494671443,-115.799577467503,79.248));
#3308=CARTESIAN_POINT('Origin',(0.,0.,79.248));
#3309=CARTESIAN_POINT('',(23.2471494671443,-115.799577467503,71.628));
#3310=CARTESIAN_POINT('Origin',(0.,0.,71.628));
#3311=CARTESIAN_POINT('Origin',(0.,0.,79.248));
#3312=CARTESIAN_POINT('',(9.75852467789099,-58.2905322108539,79.248));
#3313=CARTESIAN_POINT('Origin',(23.2263849757287,-115.711047606586,3.81));
#3314=CARTESIAN_POINT('',(23.2263849757287,-115.711047606586,197.8152));
#3315=CARTESIAN_POINT('',(26.5059841129785,-129.693689881433,197.8152));
#3316=CARTESIAN_POINT('',(23.2263849757287,-115.711047606586,3.81));
#3317=CARTESIAN_POINT('Origin',(30.6450562156222,-113.971013976343,3.81));
#3318=CARTESIAN_POINT('',(25.081052785715,-115.276039199022,197.8152));
#3319=CARTESIAN_POINT('Origin',(29.1221200206996,-124.162792308727,197.8152));
#3320=UNCERTAINTY_MEASURE_WITH_UNIT(LENGTH_MEASURE(0.01),#3324,
'DISTANCE_ACCURACY_VALUE',
'Maximum model space distance between geometric entities at asserted c
onnectivities');
#3321=UNCERTAINTY_MEASURE_WITH_UNIT(LENGTH_MEASURE(0.01),#3324,
'DISTANCE_ACCURACY_VALUE',
'Maximum model space distance between geometric entities at asserted c
onnectivities');
#3322=(
GEOMETRIC_REPRESENTATION_CONTEXT(3)
GLOBAL_UNCERTAINTY_ASSIGNED_CONTEXT((#3320))
GLOBAL_UNIT_ASSIGNED_CONTEXT((#3324,#3326,#3327))
REPRESENTATION_CONTEXT('','3D')
);
#3323=(
GEOMETRIC_REPRESENTATION_CONTEXT(3)
GLOBAL_UNCERTAINTY_ASSIGNED_CONTEXT((#3321))
GLOBAL_UNIT_ASSIGNED_CONTEXT((#3324,#3326,#3327))
REPRESENTATION_CONTEXT('','3D')
);
#3324=(
LENGTH_UNIT()
NAMED_UNIT(*)
SI_UNIT(.MILLI.,.METRE.)
);
#3325=(
LENGTH_UNIT()
NAMED_UNIT(*)
SI_UNIT($,.METRE.)
);
#3326=(
NAMED_UNIT(*)
PLANE_ANGLE_UNIT()
SI_UNIT($,.RADIAN.)
);
#3327=(
NAMED_UNIT(*)
SI_UNIT($,.STERADIAN.)
SOLID_ANGLE_UNIT()
);
#3328=SHAPE_DEFINITION_REPRESENTATION(#3329,#3330);
#3329=PRODUCT_DEFINITION_SHAPE('',$,#3332);
#3330=SHAPE_REPRESENTATION('',(#1763),#3322);
#3331=PRODUCT_DEFINITION_CONTEXT('part definition',#3336,'design');
#3332=PRODUCT_DEFINITION('2026-09-21-15-08-49-817',
'R1-C4 - Chassis-part 2',#3333,#3331);
#3333=PRODUCT_DEFINITION_FORMATION('',$,#3338);
#3334=PRODUCT_RELATED_PRODUCT_CATEGORY('R1-C4 - Chassis-part 2',
'R1-C4 - Chassis-part 2',(#3338));
#3335=APPLICATION_PROTOCOL_DEFINITION('international standard',
'automotive_design',2009,#3336);
#3336=APPLICATION_CONTEXT(
'Core Data for Automotive Mechanical Design Process');
#3337=PRODUCT_CONTEXT('part definition',#3336,'mechanical');
#3338=PRODUCT('2026-09-21-15-08-49-817','R1-C4 - Chassis-part 2',$,(#3337));
#3339=PRESENTATION_STYLE_ASSIGNMENT((#3340));
#3340=SURFACE_STYLE_USAGE(.BOTH.,#3341);
#3341=SURFACE_SIDE_STYLE('',(#3342));
#3342=SURFACE_STYLE_FILL_AREA(#3343);
#3343=FILL_AREA_STYLE('Acier - Satin\X\E9',(#3344));
#3344=FILL_AREA_STYLE_COLOUR('Acier - Satin\X\E9',#3345);
#3345=COLOUR_RGB('Acier - Satin\X\E9',0.627450980392157,0.627450980392157,
0.627450980392157);
ENDSEC;
END-ISO-10303-21;
