ISO-10303-21;
HEADER;
/* Generated by software containing ST-Developer
 * from STEP Tools, Inc. (www.steptools.com) 
 */

FILE_DESCRIPTION(
/* description */ (''),
/* implementation_level */ '2;1');

FILE_NAME(
/* name */ 'R1-C4 - Chassis-part 5.step',
/* time_stamp */ '2026-09-30T01:35:27+02:00',
/* author */ (''),
/* organization */ (''),
/* preprocessor_version */ 'ST-DEVELOPER v20.2',
/* originating_system */ 'Autodesk Translation Framework v15.15.0.0',
/* authorisation */ '');

FILE_SCHEMA (('AUTOMOTIVE_DESIGN { 1 0 10303 214 3 1 1 }'));
ENDSEC;

DATA;
#10=MECHANICAL_DESIGN_GEOMETRIC_PRESENTATION_REPRESENTATION('',(#13),#6083);
#11=SHAPE_REPRESENTATION_RELATIONSHIP('SRR','None',#6090,#12);
#12=ADVANCED_BREP_SHAPE_REPRESENTATION('',(#14),#6082);
#13=STYLED_ITEM('',(#6099),#14);
#14=MANIFOLD_SOLID_BREP('Corps2',#3302);
#15=ELLIPSE('',#3476,1.12428690744355,1.);
#16=ELLIPSE('',#3477,1.12428690744355,1.);
#17=ELLIPSE('',#3494,1.12428690744355,1.);
#18=ELLIPSE('',#3495,1.12428690744355,1.);
#19=ELLIPSE('',#3531,2.10412088243395,2.);
#20=ELLIPSE('',#3538,2.09821609419538,2.);
#21=ELLIPSE('',#3541,2.09821609419538,2.);
#22=ELLIPSE('',#3543,2.09821609419538,2.);
#23=ELLIPSE('',#3546,2.10412088243395,2.);
#24=ELLIPSE('',#3552,2.10412088243395,2.);
#25=B_SPLINE_CURVE_WITH_KNOTS('',3,(#4745,#4746,#4747,#4748,#4749,#4750,
#4751,#4752,#4753,#4754),.UNSPECIFIED.,.F.,.F.,(4,2,2,2,4),(-0.301449507842184,
-0.226057895177464,-0.150666282512743,-0.0753331412563716,0.),
 .UNSPECIFIED.);
#26=B_SPLINE_CURVE_WITH_KNOTS('',3,(#4758,#4759,#4760,#4761,#4762,#4763,
#4764,#4765,#4766,#4767),.UNSPECIFIED.,.F.,.F.,(4,2,2,2,4),(0.,0.0753374465328762,
0.150674893065752,0.226015588172229,0.301356283278706),.UNSPECIFIED.);
#27=B_SPLINE_CURVE_WITH_KNOTS('',3,(#4775,#4776,#4777,#4778,#4779,#4780,
#4781,#4782,#4783,#4784),.UNSPECIFIED.,.F.,.F.,(4,2,2,2,4),(0.301599653637535,
0.377020161192303,0.45244066874707,0.527771810647953,0.603102952548835),
 .UNSPECIFIED.);
#28=B_SPLINE_CURVE_WITH_KNOTS('',3,(#4788,#4789,#4790,#4791,#4792,#4793,
#4794,#4795,#4796,#4797),.UNSPECIFIED.,.F.,.F.,(4,2,2,2,4),(0.,0.0753331412563709,
0.150666282512742,0.226057895177461,0.30144950784218),.UNSPECIFIED.);
#29=B_SPLINE_CURVE_WITH_KNOTS('',3,(#4801,#4802,#4803,#4804,#4805,#4806,
#4807,#4808,#4809,#4810),.UNSPECIFIED.,.F.,.F.,(4,2,2,2,4),(0.301529201210102,
0.37692081387482,0.452312426539538,0.52764556779591,0.602978709052282),
 .UNSPECIFIED.);
#30=B_SPLINE_CURVE_WITH_KNOTS('',3,(#4822,#4823,#4824,#4825,#4826,#4827,
#4828,#4829,#4830,#4831),.UNSPECIFIED.,.F.,.F.,(4,2,2,2,4),(0.602978711894379,
0.678311853150749,0.753644994407119,0.829036607071839,0.904428219736559),
 .UNSPECIFIED.);
#31=B_SPLINE_CURVE_WITH_KNOTS('',3,(#4835,#4836,#4837,#4838,#4839,#4840,
#4841,#4842,#4843,#4844),.UNSPECIFIED.,.F.,.F.,(4,2,2,2,4),(-0.30144950784218,
-0.22605789517746,-0.15066628251274,-0.07533314125637,0.),.UNSPECIFIED.);
#32=B_SPLINE_CURVE_WITH_KNOTS('',3,(#4848,#4849,#4850,#4851,#4852,#4853,
#4854,#4855,#4856,#4857),.UNSPECIFIED.,.F.,.F.,(4,2,2,2,4),(0.603102952548835,
0.678434094449718,0.7537652363506,0.829185743905367,0.904606251460133),
 .UNSPECIFIED.);
#33=B_SPLINE_CURVE_WITH_KNOTS('',3,(#4865,#4866,#4867,#4868,#4869,#4870,
#4871,#4872,#4873,#4874),.UNSPECIFIED.,.F.,.F.,(4,2,2,2,4),(-0.301356283278706,
-0.226015588172229,-0.150674893065752,-0.0753374465328762,0.),
 .UNSPECIFIED.);
#34=B_SPLINE_CURVE_WITH_KNOTS('',3,(#4878,#4879,#4880,#4881,#4882,#4883,
#4884,#4885,#4886,#4887),.UNSPECIFIED.,.F.,.F.,(4,2,2,2,4),(0.,0.0753447496132457,
0.150689499226491,0.226069503673332,0.301449508120172),.UNSPECIFIED.);
#35=B_SPLINE_CURVE_WITH_KNOTS('',3,(#4893,#4894,#4895,#4896,#4897,#4898,
#4899,#4900,#4901,#4902),.UNSPECIFIED.,.F.,.F.,(4,2,2,2,4),(0.,0.0753331412563707,
0.150666282512741,0.226057895177461,0.301449507842181),.UNSPECIFIED.);
#36=B_SPLINE_CURVE_WITH_KNOTS('',3,(#4906,#4907,#4908,#4909,#4910,#4911,
#4912,#4913,#4914,#4915),.UNSPECIFIED.,.F.,.F.,(4,2,2,2,4),(0.301529201210103,
0.376920813874822,0.452312426539541,0.527645567795911,0.602978709052282),
 .UNSPECIFIED.);
#37=B_SPLINE_CURVE_WITH_KNOTS('',3,(#4919,#4920,#4921,#4922,#4923,#4924,
#4925,#4926,#4927,#4928),.UNSPECIFIED.,.F.,.F.,(4,2,2,2,4),(0.602739926134507,
0.678077372667383,0.75341481920026,0.828755514306736,0.904096209413212),
 .UNSPECIFIED.);
#38=B_SPLINE_CURVE_WITH_KNOTS('',3,(#4931,#4932,#4933,#4934,#4935,#4936,
#4937,#4938,#4939,#4940),.UNSPECIFIED.,.F.,.F.,(4,2,2,2,4),(0.301383642751771,
0.376724337858247,0.452065032964724,0.5274024794976,0.602739926030476),
 .UNSPECIFIED.);
#39=B_SPLINE_CURVE_WITH_KNOTS('',3,(#4945,#4946,#4947,#4948,#4949,#4950,
#4951,#4952,#4953,#4954),.UNSPECIFIED.,.F.,.F.,(4,2,2,2,4),(-0.301449507842178,
-0.226057895177459,-0.15066628251274,-0.07533314125637,0.),
 .UNSPECIFIED.);
#40=B_SPLINE_CURVE_WITH_KNOTS('',3,(#4958,#4959,#4960,#4961,#4962,#4963,
#4964,#4965,#4966,#4967),.UNSPECIFIED.,.F.,.F.,(4,2,2,2,4),(0.602739926030476,
0.678077372563352,0.753414819096228,0.828755514202705,0.904096209309183),
 .UNSPECIFIED.);
#41=B_SPLINE_CURVE_WITH_KNOTS('',3,(#4971,#4972,#4973,#4974,#4975,#4976,
#4977,#4978,#4979,#4980),.UNSPECIFIED.,.F.,.F.,(4,2,2,2,4),(0.301383642855798,
0.376724337962275,0.452065033068751,0.527402479601629,0.602739926134506),
 .UNSPECIFIED.);
#42=B_SPLINE_CURVE_WITH_KNOTS('',3,(#4983,#4984,#4985,#4986,#4987,#4988,
#4989,#4990,#4991,#4992),.UNSPECIFIED.,.F.,.F.,(4,2,2,2,4),(0.602978709052283,
0.678323458665526,0.75366820827877,0.82904821272561,0.90442821717245),
 .UNSPECIFIED.);
#43=B_SPLINE_CURVE_WITH_KNOTS('',3,(#4997,#4998,#4999,#5000,#5001,#5002,
#5003,#5004,#5005,#5006),.UNSPECIFIED.,.F.,.F.,(4,2,2,2,4),(0.,0.0753447496132457,
0.150689499226491,0.226069503673333,0.301449508120175),.UNSPECIFIED.);
#44=B_SPLINE_CURVE_WITH_KNOTS('',3,(#5010,#5011,#5012,#5013,#5014,#5015,
#5016,#5017,#5018,#5019),.UNSPECIFIED.,.F.,.F.,(4,2,2,2,4),(0.301529201210104,
0.376920813874824,0.452312426539544,0.527645567795914,0.602978709052285),
 .UNSPECIFIED.);
#45=B_SPLINE_CURVE_WITH_KNOTS('',3,(#5023,#5024,#5025,#5026,#5027,#5028,
#5029,#5030,#5031,#5032),.UNSPECIFIED.,.F.,.F.,(4,2,2,2,4),(0.602978709052283,
0.678311850308653,0.753644991565023,0.829036604229743,0.904428216894463),
 .UNSPECIFIED.);
#46=B_SPLINE_CURVE_WITH_KNOTS('',3,(#5035,#5036,#5037,#5038,#5039,#5040,
#5041,#5042,#5043,#5044),.UNSPECIFIED.,.F.,.F.,(4,2,2,2,4),(-0.30144950784218,
-0.22605789517746,-0.150666282512741,-0.0753331412563703,0.),
 .UNSPECIFIED.);
#47=B_SPLINE_CURVE_WITH_KNOTS('',3,(#5049,#5050,#5051,#5052,#5053,#5054,
#5055,#5056,#5057,#5058),.UNSPECIFIED.,.F.,.F.,(4,2,2,2,4),(0.602978709052281,
0.678311850308651,0.753644991565021,0.82903660422974,0.904428216894459),
 .UNSPECIFIED.);
#48=B_SPLINE_CURVE_WITH_KNOTS('',3,(#5062,#5063,#5064,#5065,#5066,#5067,
#5068,#5069,#5070,#5071),.UNSPECIFIED.,.F.,.F.,(4,2,2,2,4),(-0.30144950784218,
-0.22605789517746,-0.150666282512741,-0.0753331412563705,0.),
 .UNSPECIFIED.);
#49=B_SPLINE_CURVE_WITH_KNOTS('',3,(#5075,#5076,#5077,#5078,#5079,#5080,
#5081,#5082,#5083,#5084),.UNSPECIFIED.,.F.,.F.,(4,2,2,2,4),(0.,0.0753331412563705,
0.150666282512741,0.226057895177461,0.301449507842181),.UNSPECIFIED.);
#50=B_SPLINE_CURVE_WITH_KNOTS('',3,(#5087,#5088,#5089,#5090,#5091,#5092,
#5093,#5094,#5095,#5096),.UNSPECIFIED.,.F.,.F.,(4,2,2,2,4),(0.301529201210101,
0.37692081387482,0.452312426539539,0.52764556779591,0.602978709052281),
 .UNSPECIFIED.);
#51=B_SPLINE_CURVE_WITH_KNOTS('',3,(#5099,#5100,#5101,#5102,#5103,#5104,
#5105,#5106,#5107,#5108),.UNSPECIFIED.,.F.,.F.,(4,2,2,2,4),(0.602739926134504,
0.67807737266738,0.753414819200256,0.828755514306732,0.904096209413208),
 .UNSPECIFIED.);
#52=B_SPLINE_CURVE_WITH_KNOTS('',3,(#5112,#5113,#5114,#5115,#5116,#5117,
#5118,#5119,#5120,#5121),.UNSPECIFIED.,.F.,.F.,(4,2,2,2,4),(-0.301356283278706,
-0.226015588172229,-0.150674893065752,-0.0753374465328762,0.),
 .UNSPECIFIED.);
#53=B_SPLINE_CURVE_WITH_KNOTS('',3,(#5125,#5126,#5127,#5128,#5129,#5130,
#5131,#5132,#5133,#5134),.UNSPECIFIED.,.F.,.F.,(4,2,2,2,4),(0.,0.0753447496132454,
0.150689499226491,0.226069503673333,0.301449508120174),.UNSPECIFIED.);
#54=B_SPLINE_CURVE_WITH_KNOTS('',3,(#5138,#5139,#5140,#5141,#5142,#5143,
#5144,#5145,#5146,#5147),.UNSPECIFIED.,.F.,.F.,(4,2,2,2,4),(0.301529201210102,
0.376920813874821,0.45231242653954,0.52764556779591,0.602978709052281),
 .UNSPECIFIED.);
#55=B_SPLINE_CURVE_WITH_KNOTS('',3,(#5151,#5152,#5153,#5154,#5155,#5156,
#5157,#5158,#5159,#5160),.UNSPECIFIED.,.F.,.F.,(4,2,2,2,4),(0.602978709052281,
0.678323458665526,0.753668208278772,0.829048212725612,0.904428217172453),
 .UNSPECIFIED.);
#56=B_SPLINE_CURVE_WITH_KNOTS('',3,(#5164,#5165,#5166,#5167,#5168,#5169,
#5170,#5171,#5172,#5173),.UNSPECIFIED.,.F.,.F.,(4,2,2,2,4),(-0.301449507842175,
-0.226057895177456,-0.150666282512737,-0.0753331412563683,0.),
 .UNSPECIFIED.);
#57=B_SPLINE_CURVE_WITH_KNOTS('',3,(#5177,#5178,#5179,#5180,#5181,#5182,
#5183,#5184,#5185,#5186),.UNSPECIFIED.,.F.,.F.,(4,2,2,2,4),(0.,0.0753374465328756,
0.150674893065751,0.226015588172229,0.301356283278707),.UNSPECIFIED.);
#58=B_SPLINE_CURVE_WITH_KNOTS('',3,(#5190,#5191,#5192,#5193,#5194,#5195,
#5196,#5197,#5198,#5199),.UNSPECIFIED.,.F.,.F.,(4,2,2,2,4),(0.301383642855797,
0.376724337962274,0.452065033068751,0.527402479601627,0.602739926134503),
 .UNSPECIFIED.);
#59=B_SPLINE_CURVE_WITH_KNOTS('',3,(#5223,#5224,#5225,#5226,#5227,#5228,
#5229,#5230,#5231,#5232),.UNSPECIFIED.,.F.,.F.,(4,2,2,2,4),(-0.301484471888788,
-0.226073911724577,-0.150663351560366,-0.075331675780183,0.),
 .UNSPECIFIED.);
#60=B_SPLINE_CURVE_WITH_KNOTS('',3,(#5235,#5236,#5237,#5238,#5239,#5240,
#5241,#5242,#5243,#5244),.UNSPECIFIED.,.F.,.F.,(4,2,2,2,4),(0.,0.0753316757801823,
0.150663351560365,0.226073911724576,0.301484471888787),.UNSPECIFIED.);
#61=B_SPLINE_CURVE_WITH_KNOTS('',3,(#5267,#5268,#5269,#5270,#5271,#5272,
#5273,#5274,#5275,#5276),.UNSPECIFIED.,.F.,.F.,(4,2,2,2,4),(0.,0.0753374838420408,
0.150674967684082,0.226016832709588,0.301358697735095),.UNSPECIFIED.);
#62=B_SPLINE_CURVE_WITH_KNOTS('',3,(#5285,#5286,#5287,#5288,#5289,#5290,
#5291,#5292,#5293,#5294),.UNSPECIFIED.,.F.,.F.,(4,2,2,2,4),(-0.301484471888788,
-0.226073911724578,-0.150663351560367,-0.0753316757801834,0.),
 .UNSPECIFIED.);
#63=B_SPLINE_CURVE_WITH_KNOTS('',3,(#5316,#5317,#5318,#5319,#5320,#5321,
#5322,#5323,#5324,#5325),.UNSPECIFIED.,.F.,.F.,(4,2,2,2,4),(0.301395601644977,
0.376737466670484,0.452079331695991,0.527416815538032,0.602754299380072),
 .UNSPECIFIED.);
#64=B_SPLINE_CURVE_WITH_KNOTS('',3,(#5346,#5347,#5348,#5349,#5350,#5351,
#5352,#5353,#5354,#5355),.UNSPECIFIED.,.F.,.F.,(4,2,2,2,4),(0.603076538895902,
0.678423874582419,0.753771210268936,0.82916611077925,0.904561011289563),
 .UNSPECIFIED.);
#65=B_SPLINE_CURVE_WITH_KNOTS('',3,(#5361,#5362,#5363,#5364,#5365,#5366,
#5367,#5368,#5369,#5370),.UNSPECIFIED.,.F.,.F.,(4,2,2,2,4),(-0.301484471888785,
-0.226073911724574,-0.150663351560363,-0.0753316757801814,0.),
 .UNSPECIFIED.);
#66=B_SPLINE_CURVE_WITH_KNOTS('',3,(#5374,#5375,#5376,#5377,#5378,#5379,
#5380,#5381,#5382,#5383),.UNSPECIFIED.,.F.,.F.,(4,2,2,2,4),(0.603076538895901,
0.678408214676082,0.753739890456264,0.829150450620474,0.904561010784685),
 .UNSPECIFIED.);
#67=B_SPLINE_CURVE_WITH_KNOTS('',3,(#5391,#5392,#5393,#5394,#5395,#5396,
#5397,#5398,#5399,#5400),.UNSPECIFIED.,.F.,.F.,(4,2,2,2,4),(0.,0.0753374838420422,
0.150674967684084,0.226016832709591,0.301358697735098),.UNSPECIFIED.);
#68=B_SPLINE_CURVE_WITH_KNOTS('',3,(#5405,#5406,#5407,#5408,#5409,#5410,
#5411,#5412,#5413,#5414),.UNSPECIFIED.,.F.,.F.,(4,2,2,2,4),(0.301395601644977,
0.376737466670483,0.45207933169599,0.527416815538032,0.602754299380075),
 .UNSPECIFIED.);
#69=B_SPLINE_CURVE_WITH_KNOTS('',3,(#5417,#5418,#5419,#5420,#5421,#5422,
#5423,#5424,#5425,#5426),.UNSPECIFIED.,.F.,.F.,(4,2,2,2,4),(0.301395601455641,
0.376737466481148,0.452079331506655,0.527416815348696,0.602754299190736),
 .UNSPECIFIED.);
#70=B_SPLINE_CURVE_WITH_KNOTS('',3,(#5431,#5432,#5433,#5434,#5435,#5436,
#5437,#5438,#5439,#5440),.UNSPECIFIED.,.F.,.F.,(4,2,2,2,4),(0.603244321744846,
0.678573298965887,0.753902276186928,0.829351841027654,0.90480140586838),
 .UNSPECIFIED.);
#71=B_SPLINE_CURVE_WITH_KNOTS('',3,(#5450,#5451,#5452,#5453,#5454,#5455,
#5456,#5457,#5458,#5459),.UNSPECIFIED.,.F.,.F.,(4,2,2,2,4),(-0.301358697735096,
-0.226016832709589,-0.150674967684081,-0.0753374838420406,0.),
 .UNSPECIFIED.);
#72=B_SPLINE_CURVE_WITH_KNOTS('',3,(#5482,#5483,#5484,#5485,#5486,#5487,
#5488,#5489,#5490,#5491),.UNSPECIFIED.,.F.,.F.,(4,2,2,2,4),(0.602754299190736,
0.678091783032777,0.753429266874818,0.828771131900325,0.904112996925833),
 .UNSPECIFIED.);
#73=B_SPLINE_CURVE_WITH_KNOTS('',3,(#5499,#5500,#5501,#5502,#5503,#5504,
#5505,#5506,#5507,#5508),.UNSPECIFIED.,.F.,.F.,(4,2,2,2,4),(-0.301358697735096,
-0.226016832709589,-0.150674967684082,-0.0753374838420409,0.),
 .UNSPECIFIED.);
#74=B_SPLINE_CURVE_WITH_KNOTS('',3,(#5512,#5513,#5514,#5515,#5516,#5517,
#5518,#5519,#5520,#5521),.UNSPECIFIED.,.F.,.F.,(4,2,2,2,4),(0.602754299190739,
0.67809178303278,0.753429266874821,0.828771131900328,0.904112996925835),
 .UNSPECIFIED.);
#75=B_SPLINE_CURVE_WITH_KNOTS('',3,(#5530,#5531,#5532,#5533,#5534,#5535,
#5536,#5537,#5538,#5539),.UNSPECIFIED.,.F.,.F.,(4,2,2,2,4),(0.301687237621313,
0.377136802462039,0.452586367302765,0.527915344523806,0.603244321744847),
 .UNSPECIFIED.);
#76=B_SPLINE_CURVE_WITH_KNOTS('',3,(#5561,#5562,#5563,#5564,#5565,#5566,
#5567,#5568,#5569,#5570),.UNSPECIFIED.,.F.,.F.,(4,2,2,2,4),(0.602754299190735,
0.678091783032776,0.753429266874817,0.828771131900324,0.904112996925831),
 .UNSPECIFIED.);
#77=B_SPLINE_CURVE_WITH_KNOTS('',3,(#5578,#5579,#5580,#5581,#5582,#5583,
#5584,#5585,#5586,#5587),.UNSPECIFIED.,.F.,.F.,(4,2,2,2,4),(0.,0.0753473356865171,
0.150694671373034,0.226089571883347,0.301484472393659),.UNSPECIFIED.);
#78=B_SPLINE_CURVE_WITH_KNOTS('',3,(#5592,#5593,#5594,#5595,#5596,#5597,
#5598,#5599,#5600,#5601),.UNSPECIFIED.,.F.,.F.,(4,2,2,2,4),(0.301592067007115,
0.377002627171327,0.452413187335538,0.527744863115719,0.603076538895901),
 .UNSPECIFIED.);
#79=B_SPLINE_CURVE_WITH_KNOTS('',3,(#5604,#5605,#5606,#5607,#5608,#5609,
#5610,#5611,#5612,#5613),.UNSPECIFIED.,.F.,.F.,(4,2,2,2,4),(0.,0.075347335686517,
0.150694671373034,0.226089571883346,0.301484472393658),.UNSPECIFIED.);
#80=B_SPLINE_CURVE_WITH_KNOTS('',3,(#5618,#5619,#5620,#5621,#5622,#5623,
#5624,#5625,#5626,#5627),.UNSPECIFIED.,.F.,.F.,(4,2,2,2,4),(0.301592067007116,
0.377002627171326,0.452413187335536,0.52774486311572,0.603076538895903),
 .UNSPECIFIED.);
#81=B_SPLINE_CURVE_WITH_KNOTS('',3,(#5741,#5742,#5743,#5744,#5745,#5746,
#5747,#5748,#5749,#5750),.UNSPECIFIED.,.F.,.F.,(4,2,2,2,4),(0.,0.0753316757801832,
0.150663351560366,0.226073911724577,0.301484471888788),.UNSPECIFIED.);
#82=B_SPLINE_CURVE_WITH_KNOTS('',3,(#5757,#5758,#5759,#5760,#5761,#5762,
#5763,#5764,#5765,#5766),.UNSPECIFIED.,.F.,.F.,(4,2,2,2,4),(0.,0.0753316757801825,
0.150663351560365,0.226073911724576,0.301484471888787),.UNSPECIFIED.);
#83=B_SPLINE_CURVE_WITH_KNOTS('',3,(#5769,#5770,#5771,#5772,#5773,#5774,
#5775,#5776,#5777,#5778),.UNSPECIFIED.,.F.,.F.,(4,2,2,2,4),(0.301592067007114,
0.377002627171325,0.452413187335535,0.527744863115718,0.603076538895901),
 .UNSPECIFIED.);
#84=B_SPLINE_CURVE_WITH_KNOTS('',3,(#5783,#5784,#5785,#5786,#5787,#5788,
#5789,#5790,#5791,#5792),.UNSPECIFIED.,.F.,.F.,(4,2,2,2,4),(0.6030765388959,
0.678423874582417,0.753771210268934,0.829166110779247,0.904561011289559),
 .UNSPECIFIED.);
#85=B_SPLINE_CURVE_WITH_KNOTS('',3,(#5800,#5801,#5802,#5803,#5804,#5805,
#5806,#5807,#5808,#5809),.UNSPECIFIED.,.F.,.F.,(4,2,2,2,4),(0.,0.0753316757801823,
0.150663351560365,0.226073911724576,0.301484471888787),.UNSPECIFIED.);
#86=B_SPLINE_CURVE_WITH_KNOTS('',3,(#5824,#5825,#5826,#5827,#5828,#5829,
#5830,#5831,#5832,#5833),.UNSPECIFIED.,.F.,.F.,(4,2,2,2,4),(-0.301484471888787,
-0.226073911724575,-0.150663351560364,-0.0753316757801823,0.),
 .UNSPECIFIED.);
#87=B_SPLINE_CURVE_WITH_KNOTS('',3,(#5844,#5845,#5846,#5847,#5848,#5849,
#5850,#5851,#5852,#5853),.UNSPECIFIED.,.F.,.F.,(4,2,2,2,4),(-0.301484471888786,
-0.226073911724576,-0.150663351560365,-0.0753316757801825,0.),
 .UNSPECIFIED.);
#88=B_SPLINE_CURVE_WITH_KNOTS('',3,(#5858,#5859,#5860,#5861,#5862,#5863,
#5864,#5865,#5866,#5867),.UNSPECIFIED.,.F.,.F.,(4,2,2,2,4),(-0.301484471888787,
-0.226073911724576,-0.150663351560365,-0.0753316757801823,0.),
 .UNSPECIFIED.);
#89=B_SPLINE_CURVE_WITH_KNOTS('',3,(#5897,#5898,#5899,#5900,#5901,#5902,
#5903,#5904,#5905,#5906),.UNSPECIFIED.,.F.,.F.,(4,2,2,2,4),(0.,0.0753331412563718,
0.150666282512744,0.226057895177462,0.30144950784218),.UNSPECIFIED.);
#90=B_SPLINE_CURVE_WITH_KNOTS('',3,(#5916,#5917,#5918,#5919,#5920,#5921,
#5922,#5923,#5924,#5925),.UNSPECIFIED.,.F.,.F.,(4,2,2,2,4),(0.301592072187617,
0.377002632351828,0.45241319251604,0.527744868296222,0.603076544076405),
 .UNSPECIFIED.);
#91=B_SPLINE_CURVE_WITH_KNOTS('',3,(#5928,#5929,#5930,#5931,#5932,#5933,
#5934,#5935,#5936,#5937),.UNSPECIFIED.,.F.,.F.,(4,2,2,2,4),(0.,0.0753316757801824,
0.150663351560365,0.226073911724576,0.301484471888788),.UNSPECIFIED.);
#92=B_SPLINE_CURVE_WITH_KNOTS('',3,(#5944,#5945,#5946,#5947,#5948,#5949,
#5950,#5951,#5952,#5953),.UNSPECIFIED.,.F.,.F.,(4,2,2,2,4),(-0.301449507842179,
-0.22605789517746,-0.15066628251274,-0.07533314125637,0.),.UNSPECIFIED.);
#93=B_SPLINE_CURVE_WITH_KNOTS('',3,(#5958,#5959,#5960,#5961,#5962,#5963,
#5964,#5965,#5966,#5967),.UNSPECIFIED.,.F.,.F.,(4,2,2,2,4),(0.6030765388959,
0.678408214676083,0.753739890456266,0.829150450620477,0.904561010784688),
 .UNSPECIFIED.);
#94=B_SPLINE_CURVE_WITH_KNOTS('',3,(#5972,#5973,#5974,#5975,#5976,#5977,
#5978,#5979,#5980,#5981),.UNSPECIFIED.,.F.,.F.,(4,2,2,2,4),(-0.301484471888787,
-0.226073911724577,-0.150663351560366,-0.0753316757801832,0.),
 .UNSPECIFIED.);
#95=TOROIDAL_SURFACE('',#3372,4.00000000000001,1.);
#96=TOROIDAL_SURFACE('',#3384,4.00000000000001,1.);
#97=CYLINDRICAL_SURFACE('',#3321,2.20000000000001);
#98=CYLINDRICAL_SURFACE('',#3325,2.20000000000001);
#99=CYLINDRICAL_SURFACE('',#3336,12.75);
#100=CYLINDRICAL_SURFACE('',#3346,3.2);
#101=CYLINDRICAL_SURFACE('',#3350,3.2);
#102=CYLINDRICAL_SURFACE('',#3364,3.2);
#103=CYLINDRICAL_SURFACE('',#3368,3.2);
#104=CYLINDRICAL_SURFACE('',#3382,3.00000000000001);
#105=CYLINDRICAL_SURFACE('',#3388,3.00000000000001);
#106=CYLINDRICAL_SURFACE('',#3390,2.20000000000001);
#107=CYLINDRICAL_SURFACE('',#3392,2.20000000000001);
#108=CYLINDRICAL_SURFACE('',#3394,2.20000000000001);
#109=CYLINDRICAL_SURFACE('',#3398,2.20000000000001);
#110=CYLINDRICAL_SURFACE('',#3400,2.20000000000001);
#111=CYLINDRICAL_SURFACE('',#3402,2.20000000000001);
#112=CYLINDRICAL_SURFACE('',#3404,2.20000000000001);
#113=CYLINDRICAL_SURFACE('',#3406,2.20000000000001);
#114=CYLINDRICAL_SURFACE('',#3408,2.20000000000001);
#115=CYLINDRICAL_SURFACE('',#3414,137.16);
#116=CYLINDRICAL_SURFACE('',#3439,118.11);
#117=CYLINDRICAL_SURFACE('',#3443,2.);
#118=CYLINDRICAL_SURFACE('',#3446,2.);
#119=CYLINDRICAL_SURFACE('',#3448,2.);
#120=CYLINDRICAL_SURFACE('',#3450,2.);
#121=CYLINDRICAL_SURFACE('',#3453,2.);
#122=CYLINDRICAL_SURFACE('',#3454,2.);
#123=CYLINDRICAL_SURFACE('',#3457,2.);
#124=CYLINDRICAL_SURFACE('',#3460,2.);
#125=CYLINDRICAL_SURFACE('',#3461,2.);
#126=CYLINDRICAL_SURFACE('',#3462,2.);
#127=CYLINDRICAL_SURFACE('',#3465,2.);
#128=CYLINDRICAL_SURFACE('',#3467,2.);
#129=CYLINDRICAL_SURFACE('',#3470,2.);
#130=CYLINDRICAL_SURFACE('',#3471,2.);
#131=CYLINDRICAL_SURFACE('',#3474,2.);
#132=CYLINDRICAL_SURFACE('',#3478,2.);
#133=CYLINDRICAL_SURFACE('',#3481,2.);
#134=CYLINDRICAL_SURFACE('',#3484,2.);
#135=CYLINDRICAL_SURFACE('',#3485,2.);
#136=CYLINDRICAL_SURFACE('',#3488,2.);
#137=CYLINDRICAL_SURFACE('',#3489,118.11);
#138=CYLINDRICAL_SURFACE('',#3490,118.11);
#139=CYLINDRICAL_SURFACE('',#3491,118.11);
#140=CYLINDRICAL_SURFACE('',#3492,118.11);
#141=CYLINDRICAL_SURFACE('',#3513,1.);
#142=CYLINDRICAL_SURFACE('',#3519,1.);
#143=CYLINDRICAL_SURFACE('',#3522,2.);
#144=CYLINDRICAL_SURFACE('',#3525,2.);
#145=CYLINDRICAL_SURFACE('',#3526,2.);
#146=CYLINDRICAL_SURFACE('',#3527,2.);
#147=CYLINDRICAL_SURFACE('',#3530,2.);
#148=CYLINDRICAL_SURFACE('',#3534,2.);
#149=CYLINDRICAL_SURFACE('',#3536,2.);
#150=CYLINDRICAL_SURFACE('',#3537,2.);
#151=CYLINDRICAL_SURFACE('',#3539,2.);
#152=CYLINDRICAL_SURFACE('',#3542,2.);
#153=CYLINDRICAL_SURFACE('',#3545,2.);
#154=CYLINDRICAL_SURFACE('',#3548,2.);
#155=CYLINDRICAL_SURFACE('',#3550,2.);
#156=CYLINDRICAL_SURFACE('',#3553,2.);
#157=CYLINDRICAL_SURFACE('',#3555,2.);
#158=CYLINDRICAL_SURFACE('',#3557,2.);
#159=CYLINDRICAL_SURFACE('',#3558,2.);
#160=CYLINDRICAL_SURFACE('',#3559,2.);
#161=CYLINDRICAL_SURFACE('',#3561,2.);
#162=CYLINDRICAL_SURFACE('',#3563,2.);
#163=CYLINDRICAL_SURFACE('',#3564,2.);
#164=CYLINDRICAL_SURFACE('',#3567,2.);
#165=CYLINDRICAL_SURFACE('',#3568,5.5);
#166=CYLINDRICAL_SURFACE('',#3570,5.5);
#167=CYLINDRICAL_SURFACE('',#3572,5.5);
#168=CYLINDRICAL_SURFACE('',#3575,3.81);
#169=CYLINDRICAL_SURFACE('',#3577,5.5);
#170=CYLINDRICAL_SURFACE('',#3584,118.11);
#171=CYLINDRICAL_SURFACE('',#3585,118.11);
#172=CYLINDRICAL_SURFACE('',#3588,137.227208867046);
#173=CYLINDRICAL_SURFACE('',#3595,137.16);
#174=CYLINDRICAL_SURFACE('',#3597,137.16);
#175=CYLINDRICAL_SURFACE('',#3603,118.11);
#176=CYLINDRICAL_SURFACE('',#3604,118.11);
#177=FACE_BOUND('',#469,.T.);
#178=FACE_BOUND('',#470,.T.);
#179=FACE_BOUND('',#476,.T.);
#180=FACE_BOUND('',#477,.T.);
#181=FACE_BOUND('',#478,.T.);
#182=FACE_BOUND('',#479,.T.);
#183=FACE_BOUND('',#480,.T.);
#184=FACE_BOUND('',#481,.T.);
#185=FACE_BOUND('',#485,.T.);
#186=FACE_BOUND('',#486,.T.);
#187=FACE_BOUND('',#487,.T.);
#188=FACE_BOUND('',#488,.T.);
#189=FACE_BOUND('',#489,.T.);
#190=FACE_BOUND('',#495,.T.);
#191=FACE_BOUND('',#496,.T.);
#192=FACE_BOUND('',#497,.T.);
#193=FACE_BOUND('',#498,.T.);
#194=FACE_BOUND('',#499,.T.);
#195=FACE_BOUND('',#507,.T.);
#196=FACE_BOUND('',#508,.T.);
#197=FACE_BOUND('',#509,.T.);
#198=FACE_BOUND('',#510,.T.);
#199=FACE_BOUND('',#511,.T.);
#200=FACE_BOUND('',#529,.T.);
#201=FACE_BOUND('',#530,.T.);
#202=FACE_BOUND('',#531,.T.);
#203=FACE_BOUND('',#532,.T.);
#204=FACE_BOUND('',#533,.T.);
#205=FACE_BOUND('',#534,.T.);
#206=FACE_BOUND('',#540,.T.);
#207=FACE_BOUND('',#541,.T.);
#208=FACE_BOUND('',#542,.T.);
#209=FACE_BOUND('',#543,.T.);
#210=FACE_BOUND('',#544,.T.);
#211=FACE_BOUND('',#550,.T.);
#212=FACE_BOUND('',#551,.T.);
#213=FACE_BOUND('',#552,.T.);
#214=FACE_BOUND('',#575,.T.);
#215=FACE_BOUND('',#589,.T.);
#216=FACE_BOUND('',#595,.T.);
#217=FACE_BOUND('',#596,.T.);
#218=FACE_BOUND('',#599,.T.);
#219=FACE_BOUND('',#600,.T.);
#220=FACE_BOUND('',#610,.T.);
#221=FACE_BOUND('',#611,.T.);
#222=FACE_BOUND('',#618,.T.);
#223=FACE_BOUND('',#631,.T.);
#224=FACE_BOUND('',#632,.T.);
#225=FACE_BOUND('',#650,.T.);
#226=FACE_BOUND('',#651,.T.);
#227=FACE_BOUND('',#652,.T.);
#228=FACE_BOUND('',#653,.T.);
#229=FACE_BOUND('',#654,.T.);
#230=PLANE('',#3319);
#231=PLANE('',#3330);
#232=PLANE('',#3341);
#233=PLANE('',#3355);
#234=PLANE('',#3370);
#235=PLANE('',#3371);
#236=PLANE('',#3377);
#237=PLANE('',#3396);
#238=PLANE('',#3397);
#239=PLANE('',#3410);
#240=PLANE('',#3412);
#241=PLANE('',#3436);
#242=PLANE('',#3437);
#243=PLANE('',#3438);
#244=PLANE('',#3441);
#245=PLANE('',#3442);
#246=PLANE('',#3444);
#247=PLANE('',#3447);
#248=PLANE('',#3449);
#249=PLANE('',#3451);
#250=PLANE('',#3455);
#251=PLANE('',#3458);
#252=PLANE('',#3463);
#253=PLANE('',#3466);
#254=PLANE('',#3468);
#255=PLANE('',#3472);
#256=PLANE('',#3475);
#257=PLANE('',#3479);
#258=PLANE('',#3482);
#259=PLANE('',#3486);
#260=PLANE('',#3493);
#261=PLANE('',#3496);
#262=PLANE('',#3497);
#263=PLANE('',#3499);
#264=PLANE('',#3501);
#265=PLANE('',#3502);
#266=PLANE('',#3504);
#267=PLANE('',#3505);
#268=PLANE('',#3509);
#269=PLANE('',#3510);
#270=PLANE('',#3512);
#271=PLANE('',#3516);
#272=PLANE('',#3517);
#273=PLANE('',#3523);
#274=PLANE('',#3528);
#275=PLANE('',#3532);
#276=PLANE('',#3535);
#277=PLANE('',#3556);
#278=PLANE('',#3565);
#279=PLANE('',#3574);
#280=PLANE('',#3579);
#281=PLANE('',#3580);
#282=PLANE('',#3581);
#283=PLANE('',#3582);
#284=PLANE('',#3583);
#285=PLANE('',#3586);
#286=PLANE('',#3587);
#287=PLANE('',#3589);
#288=PLANE('',#3590);
#289=PLANE('',#3591);
#290=PLANE('',#3592);
#291=PLANE('',#3593);
#292=PLANE('',#3594);
#293=PLANE('',#3599);
#294=PLANE('',#3600);
#295=PLANE('',#3601);
#296=PLANE('',#3602);
#297=PLANE('',#3605);
#298=PLANE('',#3606);
#299=PLANE('',#3607);
#300=PLANE('',#3608);
#301=PLANE('',#3609);
#302=PLANE('',#3610);
#303=PLANE('',#3611);
#304=FACE_OUTER_BOUND('',#467,.T.);
#305=FACE_OUTER_BOUND('',#468,.T.);
#306=FACE_OUTER_BOUND('',#471,.T.);
#307=FACE_OUTER_BOUND('',#472,.T.);
#308=FACE_OUTER_BOUND('',#473,.T.);
#309=FACE_OUTER_BOUND('',#474,.T.);
#310=FACE_OUTER_BOUND('',#475,.T.);
#311=FACE_OUTER_BOUND('',#482,.T.);
#312=FACE_OUTER_BOUND('',#483,.T.);
#313=FACE_OUTER_BOUND('',#484,.T.);
#314=FACE_OUTER_BOUND('',#490,.T.);
#315=FACE_OUTER_BOUND('',#491,.T.);
#316=FACE_OUTER_BOUND('',#492,.T.);
#317=FACE_OUTER_BOUND('',#493,.T.);
#318=FACE_OUTER_BOUND('',#494,.T.);
#319=FACE_OUTER_BOUND('',#500,.T.);
#320=FACE_OUTER_BOUND('',#501,.T.);
#321=FACE_OUTER_BOUND('',#502,.T.);
#322=FACE_OUTER_BOUND('',#503,.T.);
#323=FACE_OUTER_BOUND('',#504,.T.);
#324=FACE_OUTER_BOUND('',#505,.T.);
#325=FACE_OUTER_BOUND('',#506,.T.);
#326=FACE_OUTER_BOUND('',#512,.T.);
#327=FACE_OUTER_BOUND('',#513,.T.);
#328=FACE_OUTER_BOUND('',#514,.T.);
#329=FACE_OUTER_BOUND('',#515,.T.);
#330=FACE_OUTER_BOUND('',#516,.T.);
#331=FACE_OUTER_BOUND('',#517,.T.);
#332=FACE_OUTER_BOUND('',#518,.T.);
#333=FACE_OUTER_BOUND('',#519,.T.);
#334=FACE_OUTER_BOUND('',#520,.T.);
#335=FACE_OUTER_BOUND('',#521,.T.);
#336=FACE_OUTER_BOUND('',#522,.T.);
#337=FACE_OUTER_BOUND('',#523,.T.);
#338=FACE_OUTER_BOUND('',#524,.T.);
#339=FACE_OUTER_BOUND('',#525,.T.);
#340=FACE_OUTER_BOUND('',#526,.T.);
#341=FACE_OUTER_BOUND('',#527,.T.);
#342=FACE_OUTER_BOUND('',#528,.T.);
#343=FACE_OUTER_BOUND('',#535,.T.);
#344=FACE_OUTER_BOUND('',#536,.T.);
#345=FACE_OUTER_BOUND('',#537,.T.);
#346=FACE_OUTER_BOUND('',#538,.T.);
#347=FACE_OUTER_BOUND('',#539,.T.);
#348=FACE_OUTER_BOUND('',#545,.T.);
#349=FACE_OUTER_BOUND('',#546,.T.);
#350=FACE_OUTER_BOUND('',#547,.T.);
#351=FACE_OUTER_BOUND('',#548,.T.);
#352=FACE_OUTER_BOUND('',#549,.T.);
#353=FACE_OUTER_BOUND('',#553,.T.);
#354=FACE_OUTER_BOUND('',#554,.T.);
#355=FACE_OUTER_BOUND('',#555,.T.);
#356=FACE_OUTER_BOUND('',#556,.T.);
#357=FACE_OUTER_BOUND('',#557,.T.);
#358=FACE_OUTER_BOUND('',#558,.T.);
#359=FACE_OUTER_BOUND('',#559,.T.);
#360=FACE_OUTER_BOUND('',#560,.T.);
#361=FACE_OUTER_BOUND('',#561,.T.);
#362=FACE_OUTER_BOUND('',#562,.T.);
#363=FACE_OUTER_BOUND('',#563,.T.);
#364=FACE_OUTER_BOUND('',#564,.T.);
#365=FACE_OUTER_BOUND('',#565,.T.);
#366=FACE_OUTER_BOUND('',#566,.T.);
#367=FACE_OUTER_BOUND('',#567,.T.);
#368=FACE_OUTER_BOUND('',#568,.T.);
#369=FACE_OUTER_BOUND('',#569,.T.);
#370=FACE_OUTER_BOUND('',#570,.T.);
#371=FACE_OUTER_BOUND('',#571,.T.);
#372=FACE_OUTER_BOUND('',#572,.T.);
#373=FACE_OUTER_BOUND('',#573,.T.);
#374=FACE_OUTER_BOUND('',#574,.T.);
#375=FACE_OUTER_BOUND('',#576,.T.);
#376=FACE_OUTER_BOUND('',#577,.T.);
#377=FACE_OUTER_BOUND('',#578,.T.);
#378=FACE_OUTER_BOUND('',#579,.T.);
#379=FACE_OUTER_BOUND('',#580,.T.);
#380=FACE_OUTER_BOUND('',#581,.T.);
#381=FACE_OUTER_BOUND('',#582,.T.);
#382=FACE_OUTER_BOUND('',#583,.T.);
#383=FACE_OUTER_BOUND('',#584,.T.);
#384=FACE_OUTER_BOUND('',#585,.T.);
#385=FACE_OUTER_BOUND('',#586,.T.);
#386=FACE_OUTER_BOUND('',#587,.T.);
#387=FACE_OUTER_BOUND('',#588,.T.);
#388=FACE_OUTER_BOUND('',#590,.T.);
#389=FACE_OUTER_BOUND('',#591,.T.);
#390=FACE_OUTER_BOUND('',#592,.T.);
#391=FACE_OUTER_BOUND('',#593,.T.);
#392=FACE_OUTER_BOUND('',#594,.T.);
#393=FACE_OUTER_BOUND('',#597,.T.);
#394=FACE_OUTER_BOUND('',#598,.T.);
#395=FACE_OUTER_BOUND('',#601,.T.);
#396=FACE_OUTER_BOUND('',#602,.T.);
#397=FACE_OUTER_BOUND('',#603,.T.);
#398=FACE_OUTER_BOUND('',#604,.T.);
#399=FACE_OUTER_BOUND('',#605,.T.);
#400=FACE_OUTER_BOUND('',#606,.T.);
#401=FACE_OUTER_BOUND('',#607,.T.);
#402=FACE_OUTER_BOUND('',#608,.T.);
#403=FACE_OUTER_BOUND('',#609,.T.);
#404=FACE_OUTER_BOUND('',#612,.T.);
#405=FACE_OUTER_BOUND('',#613,.T.);
#406=FACE_OUTER_BOUND('',#614,.T.);
#407=FACE_OUTER_BOUND('',#615,.T.);
#408=FACE_OUTER_BOUND('',#616,.T.);
#409=FACE_OUTER_BOUND('',#617,.T.);
#410=FACE_OUTER_BOUND('',#619,.T.);
#411=FACE_OUTER_BOUND('',#620,.T.);
#412=FACE_OUTER_BOUND('',#621,.T.);
#413=FACE_OUTER_BOUND('',#622,.T.);
#414=FACE_OUTER_BOUND('',#623,.T.);
#415=FACE_OUTER_BOUND('',#624,.T.);
#416=FACE_OUTER_BOUND('',#625,.T.);
#417=FACE_OUTER_BOUND('',#626,.T.);
#418=FACE_OUTER_BOUND('',#627,.T.);
#419=FACE_OUTER_BOUND('',#628,.T.);
#420=FACE_OUTER_BOUND('',#629,.T.);
#421=FACE_OUTER_BOUND('',#630,.T.);
#422=FACE_OUTER_BOUND('',#633,.T.);
#423=FACE_OUTER_BOUND('',#634,.T.);
#424=FACE_OUTER_BOUND('',#635,.T.);
#425=FACE_OUTER_BOUND('',#636,.T.);
#426=FACE_OUTER_BOUND('',#637,.T.);
#427=FACE_OUTER_BOUND('',#638,.T.);
#428=FACE_OUTER_BOUND('',#639,.T.);
#429=FACE_OUTER_BOUND('',#640,.T.);
#430=FACE_OUTER_BOUND('',#641,.T.);
#431=FACE_OUTER_BOUND('',#642,.T.);
#432=FACE_OUTER_BOUND('',#643,.T.);
#433=FACE_OUTER_BOUND('',#644,.T.);
#434=FACE_OUTER_BOUND('',#645,.T.);
#435=FACE_OUTER_BOUND('',#646,.T.);
#436=FACE_OUTER_BOUND('',#647,.T.);
#437=FACE_OUTER_BOUND('',#648,.T.);
#438=FACE_OUTER_BOUND('',#649,.T.);
#439=FACE_OUTER_BOUND('',#655,.T.);
#440=FACE_OUTER_BOUND('',#656,.T.);
#441=FACE_OUTER_BOUND('',#657,.T.);
#442=FACE_OUTER_BOUND('',#658,.T.);
#443=FACE_OUTER_BOUND('',#659,.T.);
#444=FACE_OUTER_BOUND('',#660,.T.);
#445=FACE_OUTER_BOUND('',#661,.T.);
#446=FACE_OUTER_BOUND('',#662,.T.);
#447=FACE_OUTER_BOUND('',#663,.T.);
#448=FACE_OUTER_BOUND('',#664,.T.);
#449=FACE_OUTER_BOUND('',#665,.T.);
#450=FACE_OUTER_BOUND('',#666,.T.);
#451=FACE_OUTER_BOUND('',#667,.T.);
#452=FACE_OUTER_BOUND('',#668,.T.);
#453=FACE_OUTER_BOUND('',#669,.T.);
#454=FACE_OUTER_BOUND('',#670,.T.);
#455=FACE_OUTER_BOUND('',#671,.T.);
#456=FACE_OUTER_BOUND('',#672,.T.);
#457=FACE_OUTER_BOUND('',#673,.T.);
#458=FACE_OUTER_BOUND('',#674,.T.);
#459=FACE_OUTER_BOUND('',#675,.T.);
#460=FACE_OUTER_BOUND('',#676,.T.);
#461=FACE_OUTER_BOUND('',#677,.T.);
#462=FACE_OUTER_BOUND('',#678,.T.);
#463=FACE_OUTER_BOUND('',#679,.T.);
#464=FACE_OUTER_BOUND('',#680,.T.);
#465=FACE_OUTER_BOUND('',#681,.T.);
#466=FACE_OUTER_BOUND('',#682,.T.);
#467=EDGE_LOOP('',(#2166,#2167,#2168,#2169));
#468=EDGE_LOOP('',(#2170,#2171,#2172,#2173));
#469=EDGE_LOOP('',(#2174));
#470=EDGE_LOOP('',(#2175));
#471=EDGE_LOOP('',(#2176,#2177,#2178,#2179));
#472=EDGE_LOOP('',(#2180,#2181,#2182,#2183));
#473=EDGE_LOOP('',(#2184,#2185,#2186,#2187));
#474=EDGE_LOOP('',(#2188,#2189,#2190,#2191));
#475=EDGE_LOOP('',(#2192,#2193,#2194,#2195,#2196,#2197,#2198,#2199,#2200,
#2201,#2202));
#476=EDGE_LOOP('',(#2203,#2204,#2205,#2206));
#477=EDGE_LOOP('',(#2207));
#478=EDGE_LOOP('',(#2208));
#479=EDGE_LOOP('',(#2209));
#480=EDGE_LOOP('',(#2210));
#481=EDGE_LOOP('',(#2211));
#482=EDGE_LOOP('',(#2212,#2213,#2214,#2215));
#483=EDGE_LOOP('',(#2216,#2217,#2218,#2219));
#484=EDGE_LOOP('',(#2220,#2221,#2222,#2223));
#485=EDGE_LOOP('',(#2224));
#486=EDGE_LOOP('',(#2225));
#487=EDGE_LOOP('',(#2226));
#488=EDGE_LOOP('',(#2227));
#489=EDGE_LOOP('',(#2228));
#490=EDGE_LOOP('',(#2229,#2230,#2231,#2232));
#491=EDGE_LOOP('',(#2233,#2234,#2235,#2236));
#492=EDGE_LOOP('',(#2237,#2238,#2239,#2240));
#493=EDGE_LOOP('',(#2241,#2242,#2243,#2244));
#494=EDGE_LOOP('',(#2245,#2246,#2247,#2248,#2249,#2250,#2251,#2252,#2253,
#2254,#2255,#2256,#2257,#2258,#2259,#2260));
#495=EDGE_LOOP('',(#2261));
#496=EDGE_LOOP('',(#2262));
#497=EDGE_LOOP('',(#2263));
#498=EDGE_LOOP('',(#2264));
#499=EDGE_LOOP('',(#2265));
#500=EDGE_LOOP('',(#2266,#2267,#2268,#2269));
#501=EDGE_LOOP('',(#2270,#2271,#2272,#2273));
#502=EDGE_LOOP('',(#2274,#2275,#2276,#2277));
#503=EDGE_LOOP('',(#2278));
#504=EDGE_LOOP('',(#2279));
#505=EDGE_LOOP('',(#2280,#2281,#2282,#2283,#2284));
#506=EDGE_LOOP('',(#2285,#2286,#2287,#2288));
#507=EDGE_LOOP('',(#2289));
#508=EDGE_LOOP('',(#2290));
#509=EDGE_LOOP('',(#2291));
#510=EDGE_LOOP('',(#2292));
#511=EDGE_LOOP('',(#2293));
#512=EDGE_LOOP('',(#2294,#2295,#2296,#2297,#2298));
#513=EDGE_LOOP('',(#2299,#2300,#2301,#2302,#2303));
#514=EDGE_LOOP('',(#2304,#2305,#2306,#2307,#2308));
#515=EDGE_LOOP('',(#2309,#2310,#2311,#2312));
#516=EDGE_LOOP('',(#2313,#2314,#2315,#2316));
#517=EDGE_LOOP('',(#2317,#2318,#2319,#2320));
#518=EDGE_LOOP('',(#2321));
#519=EDGE_LOOP('',(#2322));
#520=EDGE_LOOP('',(#2323,#2324,#2325,#2326));
#521=EDGE_LOOP('',(#2327,#2328,#2329,#2330));
#522=EDGE_LOOP('',(#2331,#2332,#2333,#2334));
#523=EDGE_LOOP('',(#2335,#2336,#2337,#2338));
#524=EDGE_LOOP('',(#2339,#2340,#2341,#2342));
#525=EDGE_LOOP('',(#2343,#2344,#2345,#2346));
#526=EDGE_LOOP('',(#2347,#2348,#2349,#2350));
#527=EDGE_LOOP('',(#2351,#2352,#2353,#2354));
#528=EDGE_LOOP('',(#2355,#2356,#2357,#2358,#2359,#2360,#2361,#2362,#2363,
#2364,#2365,#2366,#2367,#2368,#2369,#2370,#2371,#2372,#2373,#2374,#2375,
#2376,#2377,#2378,#2379,#2380,#2381,#2382,#2383,#2384,#2385,#2386,#2387,
#2388));
#529=EDGE_LOOP('',(#2389,#2390,#2391,#2392,#2393,#2394,#2395,#2396));
#530=EDGE_LOOP('',(#2397,#2398,#2399,#2400,#2401,#2402,#2403,#2404));
#531=EDGE_LOOP('',(#2405,#2406,#2407,#2408,#2409,#2410,#2411,#2412));
#532=EDGE_LOOP('',(#2413,#2414,#2415,#2416,#2417,#2418,#2419,#2420));
#533=EDGE_LOOP('',(#2421,#2422,#2423,#2424,#2425,#2426,#2427,#2428));
#534=EDGE_LOOP('',(#2429,#2430,#2431,#2432,#2433,#2434,#2435,#2436));
#535=EDGE_LOOP('',(#2437,#2438,#2439,#2440));
#536=EDGE_LOOP('',(#2441,#2442,#2443,#2444));
#537=EDGE_LOOP('',(#2445,#2446,#2447,#2448,#2449,#2450,#2451,#2452,#2453,
#2454));
#538=EDGE_LOOP('',(#2455,#2456,#2457,#2458,#2459,#2460));
#539=EDGE_LOOP('',(#2461,#2462,#2463,#2464,#2465,#2466,#2467,#2468,#2469,
#2470,#2471,#2472,#2473,#2474,#2475,#2476,#2477,#2478));
#540=EDGE_LOOP('',(#2479));
#541=EDGE_LOOP('',(#2480));
#542=EDGE_LOOP('',(#2481));
#543=EDGE_LOOP('',(#2482));
#544=EDGE_LOOP('',(#2483));
#545=EDGE_LOOP('',(#2484,#2485,#2486,#2487));
#546=EDGE_LOOP('',(#2488,#2489,#2490,#2491));
#547=EDGE_LOOP('',(#2492,#2493,#2494,#2495));
#548=EDGE_LOOP('',(#2496,#2497,#2498,#2499));
#549=EDGE_LOOP('',(#2500,#2501,#2502,#2503,#2504,#2505,#2506,#2507,#2508,
#2509,#2510,#2511,#2512,#2513,#2514,#2515,#2516,#2517));
#550=EDGE_LOOP('',(#2518));
#551=EDGE_LOOP('',(#2519));
#552=EDGE_LOOP('',(#2520));
#553=EDGE_LOOP('',(#2521,#2522,#2523,#2524));
#554=EDGE_LOOP('',(#2525,#2526,#2527,#2528,#2529,#2530,#2531,#2532,#2533,
#2534,#2535,#2536,#2537,#2538));
#555=EDGE_LOOP('',(#2539,#2540,#2541,#2542));
#556=EDGE_LOOP('',(#2543,#2544,#2545,#2546));
#557=EDGE_LOOP('',(#2547,#2548,#2549,#2550));
#558=EDGE_LOOP('',(#2551,#2552,#2553,#2554));
#559=EDGE_LOOP('',(#2555,#2556,#2557,#2558));
#560=EDGE_LOOP('',(#2559,#2560,#2561,#2562));
#561=EDGE_LOOP('',(#2563,#2564,#2565,#2566));
#562=EDGE_LOOP('',(#2567,#2568,#2569,#2570));
#563=EDGE_LOOP('',(#2571,#2572,#2573,#2574));
#564=EDGE_LOOP('',(#2575,#2576,#2577,#2578));
#565=EDGE_LOOP('',(#2579,#2580,#2581,#2582));
#566=EDGE_LOOP('',(#2583,#2584,#2585,#2586));
#567=EDGE_LOOP('',(#2587,#2588,#2589,#2590,#2591,#2592,#2593,#2594,#2595,
#2596,#2597,#2598,#2599,#2600));
#568=EDGE_LOOP('',(#2601,#2602,#2603,#2604));
#569=EDGE_LOOP('',(#2605,#2606,#2607,#2608));
#570=EDGE_LOOP('',(#2609,#2610,#2611,#2612));
#571=EDGE_LOOP('',(#2613,#2614,#2615,#2616));
#572=EDGE_LOOP('',(#2617,#2618,#2619,#2620));
#573=EDGE_LOOP('',(#2621,#2622,#2623,#2624));
#574=EDGE_LOOP('',(#2625,#2626,#2627,#2628,#2629,#2630));
#575=EDGE_LOOP('',(#2631,#2632,#2633,#2634,#2635,#2636));
#576=EDGE_LOOP('',(#2637,#2638,#2639,#2640));
#577=EDGE_LOOP('',(#2641,#2642,#2643,#2644));
#578=EDGE_LOOP('',(#2645,#2646,#2647,#2648));
#579=EDGE_LOOP('',(#2649,#2650,#2651,#2652));
#580=EDGE_LOOP('',(#2653,#2654,#2655,#2656));
#581=EDGE_LOOP('',(#2657,#2658,#2659,#2660));
#582=EDGE_LOOP('',(#2661,#2662,#2663,#2664));
#583=EDGE_LOOP('',(#2665,#2666,#2667,#2668));
#584=EDGE_LOOP('',(#2669,#2670,#2671,#2672,#2673,#2674,#2675,#2676));
#585=EDGE_LOOP('',(#2677,#2678,#2679,#2680,#2681,#2682,#2683,#2684));
#586=EDGE_LOOP('',(#2685,#2686,#2687,#2688,#2689,#2690,#2691,#2692));
#587=EDGE_LOOP('',(#2693,#2694,#2695,#2696,#2697,#2698,#2699,#2700));
#588=EDGE_LOOP('',(#2701,#2702,#2703,#2704,#2705,#2706));
#589=EDGE_LOOP('',(#2707,#2708,#2709,#2710,#2711,#2712));
#590=EDGE_LOOP('',(#2713,#2714,#2715,#2716));
#591=EDGE_LOOP('',(#2717,#2718,#2719,#2720));
#592=EDGE_LOOP('',(#2721,#2722,#2723,#2724));
#593=EDGE_LOOP('',(#2725,#2726,#2727,#2728));
#594=EDGE_LOOP('',(#2729,#2730,#2731,#2732,#2733,#2734));
#595=EDGE_LOOP('',(#2735,#2736,#2737,#2738,#2739));
#596=EDGE_LOOP('',(#2740,#2741,#2742,#2743,#2744));
#597=EDGE_LOOP('',(#2745,#2746,#2747,#2748));
#598=EDGE_LOOP('',(#2749,#2750,#2751,#2752,#2753,#2754));
#599=EDGE_LOOP('',(#2755,#2756,#2757,#2758,#2759));
#600=EDGE_LOOP('',(#2760,#2761,#2762,#2763,#2764));
#601=EDGE_LOOP('',(#2765,#2766,#2767,#2768));
#602=EDGE_LOOP('',(#2769,#2770,#2771,#2772));
#603=EDGE_LOOP('',(#2773,#2774,#2775,#2776));
#604=EDGE_LOOP('',(#2777,#2778,#2779,#2780,#2781,#2782,#2783,#2784));
#605=EDGE_LOOP('',(#2785,#2786,#2787,#2788));
#606=EDGE_LOOP('',(#2789,#2790,#2791,#2792));
#607=EDGE_LOOP('',(#2793,#2794,#2795,#2796,#2797,#2798,#2799,#2800));
#608=EDGE_LOOP('',(#2801,#2802,#2803,#2804));
#609=EDGE_LOOP('',(#2805,#2806,#2807,#2808));
#610=EDGE_LOOP('',(#2809));
#611=EDGE_LOOP('',(#2810));
#612=EDGE_LOOP('',(#2811,#2812,#2813,#2814));
#613=EDGE_LOOP('',(#2815,#2816,#2817,#2818));
#614=EDGE_LOOP('',(#2819,#2820,#2821,#2822));
#615=EDGE_LOOP('',(#2823,#2824,#2825,#2826));
#616=EDGE_LOOP('',(#2827,#2828,#2829,#2830));
#617=EDGE_LOOP('',(#2831,#2832,#2833,#2834,#2835,#2836));
#618=EDGE_LOOP('',(#2837));
#619=EDGE_LOOP('',(#2838,#2839,#2840,#2841));
#620=EDGE_LOOP('',(#2842,#2843,#2844,#2845,#2846,#2847,#2848,#2849,#2850,
#2851));
#621=EDGE_LOOP('',(#2852,#2853,#2854,#2855));
#622=EDGE_LOOP('',(#2856,#2857,#2858,#2859));
#623=EDGE_LOOP('',(#2860,#2861,#2862,#2863));
#624=EDGE_LOOP('',(#2864,#2865,#2866,#2867));
#625=EDGE_LOOP('',(#2868,#2869,#2870,#2871));
#626=EDGE_LOOP('',(#2872,#2873,#2874,#2875));
#627=EDGE_LOOP('',(#2876,#2877,#2878,#2879));
#628=EDGE_LOOP('',(#2880,#2881,#2882,#2883));
#629=EDGE_LOOP('',(#2884,#2885,#2886,#2887));
#630=EDGE_LOOP('',(#2888,#2889,#2890,#2891));
#631=EDGE_LOOP('',(#2892));
#632=EDGE_LOOP('',(#2893));
#633=EDGE_LOOP('',(#2894,#2895,#2896,#2897));
#634=EDGE_LOOP('',(#2898,#2899,#2900,#2901));
#635=EDGE_LOOP('',(#2902,#2903,#2904,#2905));
#636=EDGE_LOOP('',(#2906,#2907,#2908,#2909));
#637=EDGE_LOOP('',(#2910,#2911,#2912,#2913));
#638=EDGE_LOOP('',(#2914,#2915,#2916,#2917));
#639=EDGE_LOOP('',(#2918,#2919,#2920,#2921));
#640=EDGE_LOOP('',(#2922,#2923,#2924,#2925));
#641=EDGE_LOOP('',(#2926,#2927,#2928,#2929));
#642=EDGE_LOOP('',(#2930,#2931,#2932,#2933));
#643=EDGE_LOOP('',(#2934,#2935,#2936,#2937));
#644=EDGE_LOOP('',(#2938,#2939,#2940,#2941));
#645=EDGE_LOOP('',(#2942,#2943,#2944,#2945));
#646=EDGE_LOOP('',(#2946,#2947,#2948,#2949));
#647=EDGE_LOOP('',(#2950,#2951,#2952,#2953));
#648=EDGE_LOOP('',(#2954,#2955,#2956,#2957));
#649=EDGE_LOOP('',(#2958,#2959,#2960,#2961,#2962,#2963,#2964,#2965,#2966,
#2967,#2968));
#650=EDGE_LOOP('',(#2969));
#651=EDGE_LOOP('',(#2970));
#652=EDGE_LOOP('',(#2971));
#653=EDGE_LOOP('',(#2972));
#654=EDGE_LOOP('',(#2973));
#655=EDGE_LOOP('',(#2974,#2975,#2976,#2977));
#656=EDGE_LOOP('',(#2978,#2979,#2980,#2981));
#657=EDGE_LOOP('',(#2982,#2983,#2984,#2985,#2986,#2987,#2988,#2989,#2990,
#2991,#2992,#2993,#2994,#2995));
#658=EDGE_LOOP('',(#2996,#2997,#2998,#2999,#3000,#3001,#3002,#3003,#3004,
#3005,#3006,#3007,#3008,#3009));
#659=EDGE_LOOP('',(#3010,#3011,#3012,#3013));
#660=EDGE_LOOP('',(#3014,#3015,#3016,#3017));
#661=EDGE_LOOP('',(#3018,#3019,#3020,#3021));
#662=EDGE_LOOP('',(#3022,#3023,#3024,#3025));
#663=EDGE_LOOP('',(#3026,#3027,#3028,#3029,#3030,#3031));
#664=EDGE_LOOP('',(#3032,#3033,#3034,#3035,#3036));
#665=EDGE_LOOP('',(#3037,#3038,#3039,#3040,#3041,#3042));
#666=EDGE_LOOP('',(#3043,#3044,#3045,#3046,#3047,#3048));
#667=EDGE_LOOP('',(#3049,#3050,#3051,#3052));
#668=EDGE_LOOP('',(#3053,#3054,#3055,#3056,#3057));
#669=EDGE_LOOP('',(#3058,#3059,#3060,#3061,#3062));
#670=EDGE_LOOP('',(#3063,#3064,#3065,#3066,#3067,#3068));
#671=EDGE_LOOP('',(#3069,#3070,#3071,#3072,#3073,#3074));
#672=EDGE_LOOP('',(#3075,#3076,#3077,#3078,#3079,#3080));
#673=EDGE_LOOP('',(#3081,#3082,#3083,#3084,#3085,#3086));
#674=EDGE_LOOP('',(#3087,#3088,#3089,#3090,#3091,#3092));
#675=EDGE_LOOP('',(#3093,#3094,#3095,#3096,#3097,#3098));
#676=EDGE_LOOP('',(#3099,#3100,#3101,#3102));
#677=EDGE_LOOP('',(#3103,#3104,#3105,#3106));
#678=EDGE_LOOP('',(#3107,#3108,#3109,#3110));
#679=EDGE_LOOP('',(#3111,#3112,#3113,#3114,#3115));
#680=EDGE_LOOP('',(#3116,#3117,#3118,#3119,#3120));
#681=EDGE_LOOP('',(#3121,#3122,#3123,#3124,#3125,#3126));
#682=EDGE_LOOP('',(#3127,#3128,#3129,#3130,#3131));
#683=LINE('',#4491,#963);
#684=LINE('',#4496,#964);
#685=LINE('',#4498,#965);
#686=LINE('',#4500,#966);
#687=LINE('',#4501,#967);
#688=LINE('',#4506,#968);
#689=LINE('',#4510,#969);
#690=LINE('',#4514,#970);
#691=LINE('',#4520,#971);
#692=LINE('',#4524,#972);
#693=LINE('',#4526,#973);
#694=LINE('',#4528,#974);
#695=LINE('',#4530,#975);
#696=LINE('',#4532,#976);
#697=LINE('',#4534,#977);
#698=LINE('',#4536,#978);
#699=LINE('',#4538,#979);
#700=LINE('',#4541,#980);
#701=LINE('',#4544,#981);
#702=LINE('',#4546,#982);
#703=LINE('',#4548,#983);
#704=LINE('',#4549,#984);
#705=LINE('',#4561,#985);
#706=LINE('',#4566,#986);
#707=LINE('',#4571,#987);
#708=LINE('',#4573,#988);
#709=LINE('',#4575,#989);
#710=LINE('',#4576,#990);
#711=LINE('',#4587,#991);
#712=LINE('',#4591,#992);
#713=LINE('',#4595,#993);
#714=LINE('',#4601,#994);
#715=LINE('',#4605,#995);
#716=LINE('',#4607,#996);
#717=LINE('',#4611,#997);
#718=LINE('',#4613,#998);
#719=LINE('',#4615,#999);
#720=LINE('',#4619,#1000);
#721=LINE('',#4621,#1001);
#722=LINE('',#4623,#1002);
#723=LINE('',#4627,#1003);
#724=LINE('',#4629,#1004);
#725=LINE('',#4631,#1005);
#726=LINE('',#4643,#1006);
#727=LINE('',#4647,#1007);
#728=LINE('',#4651,#1008);
#729=LINE('',#4665,#1009);
#730=LINE('',#4667,#1010);
#731=LINE('',#4668,#1011);
#732=LINE('',#4680,#1012);
#733=LINE('',#4690,#1013);
#734=LINE('',#4693,#1014);
#735=LINE('',#4697,#1015);
#736=LINE('',#4701,#1016);
#737=LINE('',#4707,#1017);
#738=LINE('',#4711,#1018);
#739=LINE('',#4715,#1019);
#740=LINE('',#4719,#1020);
#741=LINE('',#4723,#1021);
#742=LINE('',#4727,#1022);
#743=LINE('',#4733,#1023);
#744=LINE('',#4734,#1024);
#745=LINE('',#4737,#1025);
#746=LINE('',#4739,#1026);
#747=LINE('',#4743,#1027);
#748=LINE('',#4769,#1028);
#749=LINE('',#4773,#1029);
#750=LINE('',#4799,#1030);
#751=LINE('',#4814,#1031);
#752=LINE('',#4818,#1032);
#753=LINE('',#4833,#1033);
#754=LINE('',#4859,#1034);
#755=LINE('',#4863,#1035);
#756=LINE('',#4888,#1036);
#757=LINE('',#4904,#1037);
#758=LINE('',#4930,#1038);
#759=LINE('',#4943,#1039);
#760=LINE('',#4969,#1040);
#761=LINE('',#5008,#1041);
#762=LINE('',#5034,#1042);
#763=LINE('',#5060,#1043);
#764=LINE('',#5086,#1044);
#765=LINE('',#5110,#1045);
#766=LINE('',#5136,#1046);
#767=LINE('',#5162,#1047);
#768=LINE('',#5188,#1048);
#769=LINE('',#5202,#1049);
#770=LINE('',#5205,#1050);
#771=LINE('',#5206,#1051);
#772=LINE('',#5209,#1052);
#773=LINE('',#5210,#1053);
#774=LINE('',#5212,#1054);
#775=LINE('',#5214,#1055);
#776=LINE('',#5215,#1056);
#777=LINE('',#5217,#1057);
#778=LINE('',#5218,#1058);
#779=LINE('',#5221,#1059);
#780=LINE('',#5246,#1060);
#781=LINE('',#5248,#1061);
#782=LINE('',#5250,#1062);
#783=LINE('',#5251,#1063);
#784=LINE('',#5253,#1064);
#785=LINE('',#5255,#1065);
#786=LINE('',#5256,#1066);
#787=LINE('',#5258,#1067);
#788=LINE('',#5260,#1068);
#789=LINE('',#5261,#1069);
#790=LINE('',#5262,#1070);
#791=LINE('',#5277,#1071);
#792=LINE('',#5278,#1072);
#793=LINE('',#5282,#1073);
#794=LINE('',#5295,#1074);
#795=LINE('',#5298,#1075);
#796=LINE('',#5299,#1076);
#797=LINE('',#5301,#1077);
#798=LINE('',#5303,#1078);
#799=LINE('',#5304,#1079);
#800=LINE('',#5306,#1080);
#801=LINE('',#5308,#1081);
#802=LINE('',#5309,#1082);
#803=LINE('',#5311,#1083);
#804=LINE('',#5312,#1084);
#805=LINE('',#5326,#1085);
#806=LINE('',#5327,#1086);
#807=LINE('',#5330,#1087);
#808=LINE('',#5332,#1088);
#809=LINE('',#5333,#1089);
#810=LINE('',#5335,#1090);
#811=LINE('',#5337,#1091);
#812=LINE('',#5339,#1092);
#813=LINE('',#5341,#1093);
#814=LINE('',#5342,#1094);
#815=LINE('',#5343,#1095);
#816=LINE('',#5356,#1096);
#817=LINE('',#5371,#1097);
#818=LINE('',#5384,#1098);
#819=LINE('',#5388,#1099);
#820=LINE('',#5401,#1100);
#821=LINE('',#5427,#1101);
#822=LINE('',#5441,#1102);
#823=LINE('',#5442,#1103);
#824=LINE('',#5446,#1104);
#825=LINE('',#5460,#1105);
#826=LINE('',#5461,#1106);
#827=LINE('',#5464,#1107);
#828=LINE('',#5465,#1108);
#829=LINE('',#5467,#1109);
#830=LINE('',#5469,#1110);
#831=LINE('',#5471,#1111);
#832=LINE('',#5473,#1112);
#833=LINE('',#5474,#1113);
#834=LINE('',#5476,#1114);
#835=LINE('',#5478,#1115);
#836=LINE('',#5479,#1116);
#837=LINE('',#5492,#1117);
#838=LINE('',#5496,#1118);
#839=LINE('',#5509,#1119);
#840=LINE('',#5522,#1120);
#841=LINE('',#5526,#1121);
#842=LINE('',#5540,#1122);
#843=LINE('',#5541,#1123);
#844=LINE('',#5544,#1124);
#845=LINE('',#5545,#1125);
#846=LINE('',#5546,#1126);
#847=LINE('',#5551,#1127);
#848=LINE('',#5555,#1128);
#849=LINE('',#5557,#1129);
#850=LINE('',#5558,#1130);
#851=LINE('',#5571,#1131);
#852=LINE('',#5575,#1132);
#853=LINE('',#5588,#1133);
#854=LINE('',#5614,#1134);
#855=LINE('',#5633,#1135);
#856=LINE('',#5635,#1136);
#857=LINE('',#5636,#1137);
#858=LINE('',#5641,#1138);
#859=LINE('',#5643,#1139);
#860=LINE('',#5645,#1140);
#861=LINE('',#5648,#1141);
#862=LINE('',#5650,#1142);
#863=LINE('',#5653,#1143);
#864=LINE('',#5656,#1144);
#865=LINE('',#5659,#1145);
#866=LINE('',#5662,#1146);
#867=LINE('',#5665,#1147);
#868=LINE('',#5666,#1148);
#869=LINE('',#5668,#1149);
#870=LINE('',#5670,#1150);
#871=LINE('',#5672,#1151);
#872=LINE('',#5673,#1152);
#873=LINE('',#5676,#1153);
#874=LINE('',#5678,#1154);
#875=LINE('',#5679,#1155);
#876=LINE('',#5680,#1156);
#877=LINE('',#5683,#1157);
#878=LINE('',#5684,#1158);
#879=LINE('',#5686,#1159);
#880=LINE('',#5688,#1160);
#881=LINE('',#5692,#1161);
#882=LINE('',#5694,#1162);
#883=LINE('',#5696,#1163);
#884=LINE('',#5699,#1164);
#885=LINE('',#5702,#1165);
#886=LINE('',#5704,#1166);
#887=LINE('',#5706,#1167);
#888=LINE('',#5708,#1168);
#889=LINE('',#5711,#1169);
#890=LINE('',#5714,#1170);
#891=LINE('',#5717,#1171);
#892=LINE('',#5718,#1172);
#893=LINE('',#5721,#1173);
#894=LINE('',#5725,#1174);
#895=LINE('',#5728,#1175);
#896=LINE('',#5729,#1176);
#897=LINE('',#5732,#1177);
#898=LINE('',#5736,#1178);
#899=LINE('',#5751,#1179);
#900=LINE('',#5755,#1180);
#901=LINE('',#5779,#1181);
#902=LINE('',#5793,#1182);
#903=LINE('',#5794,#1183);
#904=LINE('',#5811,#1184);
#905=LINE('',#5814,#1185);
#906=LINE('',#5816,#1186);
#907=LINE('',#5820,#1187);
#908=LINE('',#5821,#1188);
#909=LINE('',#5834,#1189);
#910=LINE('',#5837,#1190);
#911=LINE('',#5838,#1191);
#912=LINE('',#5839,#1192);
#913=LINE('',#5841,#1193);
#914=LINE('',#5842,#1194);
#915=LINE('',#5868,#1195);
#916=LINE('',#5874,#1196);
#917=LINE('',#5880,#1197);
#918=LINE('',#5886,#1198);
#919=LINE('',#5894,#1199);
#920=LINE('',#5909,#1200);
#921=LINE('',#5911,#1201);
#922=LINE('',#5913,#1202);
#923=LINE('',#5926,#1203);
#924=LINE('',#5954,#1204);
#925=LINE('',#5968,#1205);
#926=LINE('',#5985,#1206);
#927=LINE('',#5989,#1207);
#928=LINE('',#5993,#1208);
#929=LINE('',#5996,#1209);
#930=LINE('',#5997,#1210);
#931=LINE('',#6003,#1211);
#932=LINE('',#6006,#1212);
#933=LINE('',#6007,#1213);
#934=LINE('',#6010,#1214);
#935=LINE('',#6011,#1215);
#936=LINE('',#6013,#1216);
#937=LINE('',#6019,#1217);
#938=LINE('',#6022,#1218);
#939=LINE('',#6025,#1219);
#940=LINE('',#6028,#1220);
#941=LINE('',#6030,#1221);
#942=LINE('',#6031,#1222);
#943=LINE('',#6033,#1223);
#944=LINE('',#6035,#1224);
#945=LINE('',#6038,#1225);
#946=LINE('',#6040,#1226);
#947=LINE('',#6041,#1227);
#948=LINE('',#6045,#1228);
#949=LINE('',#6049,#1229);
#950=LINE('',#6051,#1230);
#951=LINE('',#6054,#1231);
#952=LINE('',#6055,#1232);
#953=LINE('',#6057,#1233);
#954=LINE('',#6059,#1234);
#955=LINE('',#6064,#1235);
#956=LINE('',#6065,#1236);
#957=LINE('',#6068,#1237);
#958=LINE('',#6069,#1238);
#959=LINE('',#6072,#1239);
#960=LINE('',#6073,#1240);
#961=LINE('',#6075,#1241);
#962=LINE('',#6078,#1242);
#963=VECTOR('',#3618,2.70000000000001);
#964=VECTOR('',#3623,10.);
#965=VECTOR('',#3624,10.);
#966=VECTOR('',#3625,10.);
#967=VECTOR('',#3626,10.);
#968=VECTOR('',#3631,2.20000000000001);
#969=VECTOR('',#3636,2.70000000000001);
#970=VECTOR('',#3641,2.20000000000001);
#971=VECTOR('',#3648,13.75);
#972=VECTOR('',#3653,10.);
#973=VECTOR('',#3654,10.);
#974=VECTOR('',#3655,10.);
#975=VECTOR('',#3656,10.);
#976=VECTOR('',#3657,10.);
#977=VECTOR('',#3658,10.);
#978=VECTOR('',#3659,10.);
#979=VECTOR('',#3660,10.);
#980=VECTOR('',#3663,10.);
#981=VECTOR('',#3664,10.);
#982=VECTOR('',#3665,10.);
#983=VECTOR('',#3666,10.);
#984=VECTOR('',#3667,10.);
#985=VECTOR('',#3680,12.75);
#986=VECTOR('',#3685,3.7);
#987=VECTOR('',#3690,10.);
#988=VECTOR('',#3691,10.);
#989=VECTOR('',#3692,10.);
#990=VECTOR('',#3693,10.);
#991=VECTOR('',#3704,3.2);
#992=VECTOR('',#3709,3.7);
#993=VECTOR('',#3714,3.2);
#994=VECTOR('',#3721,3.7);
#995=VECTOR('',#3726,10.);
#996=VECTOR('',#3727,10.);
#997=VECTOR('',#3730,10.);
#998=VECTOR('',#3731,10.);
#999=VECTOR('',#3732,10.);
#1000=VECTOR('',#3735,10.);
#1001=VECTOR('',#3736,10.);
#1002=VECTOR('',#3737,10.);
#1003=VECTOR('',#3740,10.);
#1004=VECTOR('',#3741,10.);
#1005=VECTOR('',#3742,10.);
#1006=VECTOR('',#3755,3.2);
#1007=VECTOR('',#3760,3.7);
#1008=VECTOR('',#3765,3.2);
#1009=VECTOR('',#3784,10.);
#1010=VECTOR('',#3785,10.);
#1011=VECTOR('',#3786,10.);
#1012=VECTOR('',#3799,3.00000000000001);
#1013=VECTOR('',#3812,3.00000000000001);
#1014=VECTOR('',#3815,2.20000000000001);
#1015=VECTOR('',#3820,2.20000000000001);
#1016=VECTOR('',#3825,2.20000000000001);
#1017=VECTOR('',#3834,2.20000000000001);
#1018=VECTOR('',#3839,2.20000000000001);
#1019=VECTOR('',#3844,2.20000000000001);
#1020=VECTOR('',#3849,2.20000000000001);
#1021=VECTOR('',#3854,2.20000000000001);
#1022=VECTOR('',#3859,2.20000000000001);
#1023=VECTOR('',#3866,10.);
#1024=VECTOR('',#3867,10.);
#1025=VECTOR('',#3870,10.);
#1026=VECTOR('',#3871,10.);
#1027=VECTOR('',#3876,10.);
#1028=VECTOR('',#3879,10.);
#1029=VECTOR('',#3882,10.);
#1030=VECTOR('',#3885,10.);
#1031=VECTOR('',#3888,10.);
#1032=VECTOR('',#3891,10.);
#1033=VECTOR('',#3894,10.);
#1034=VECTOR('',#3897,10.);
#1035=VECTOR('',#3900,10.);
#1036=VECTOR('',#3903,10.);
#1037=VECTOR('',#3906,10.);
#1038=VECTOR('',#3909,10.);
#1039=VECTOR('',#3910,10.);
#1040=VECTOR('',#3913,10.);
#1041=VECTOR('',#3918,10.);
#1042=VECTOR('',#3921,10.);
#1043=VECTOR('',#3924,10.);
#1044=VECTOR('',#3927,10.);
#1045=VECTOR('',#3928,10.);
#1046=VECTOR('',#3931,10.);
#1047=VECTOR('',#3934,10.);
#1048=VECTOR('',#3937,10.);
#1049=VECTOR('',#3942,10.);
#1050=VECTOR('',#3945,10.);
#1051=VECTOR('',#3946,10.);
#1052=VECTOR('',#3949,10.);
#1053=VECTOR('',#3950,10.);
#1054=VECTOR('',#3951,10.);
#1055=VECTOR('',#3952,10.);
#1056=VECTOR('',#3953,10.);
#1057=VECTOR('',#3954,10.);
#1058=VECTOR('',#3955,10.);
#1059=VECTOR('',#3958,10.);
#1060=VECTOR('',#3963,10.);
#1061=VECTOR('',#3964,10.);
#1062=VECTOR('',#3965,10.);
#1063=VECTOR('',#3966,10.);
#1064=VECTOR('',#3967,10.);
#1065=VECTOR('',#3968,10.);
#1066=VECTOR('',#3969,10.);
#1067=VECTOR('',#3970,10.);
#1068=VECTOR('',#3971,10.);
#1069=VECTOR('',#3972,10.);
#1070=VECTOR('',#3973,10.);
#1071=VECTOR('',#3978,10.);
#1072=VECTOR('',#3979,10.);
#1073=VECTOR('',#3984,10.);
#1074=VECTOR('',#3987,10.);
#1075=VECTOR('',#3990,10.);
#1076=VECTOR('',#3991,10.);
#1077=VECTOR('',#3992,10.);
#1078=VECTOR('',#3993,10.);
#1079=VECTOR('',#3994,10.);
#1080=VECTOR('',#3995,10.);
#1081=VECTOR('',#3996,10.);
#1082=VECTOR('',#3997,10.);
#1083=VECTOR('',#3998,10.);
#1084=VECTOR('',#3999,10.);
#1085=VECTOR('',#4002,10.);
#1086=VECTOR('',#4003,10.);
#1087=VECTOR('',#4006,10.);
#1088=VECTOR('',#4007,10.);
#1089=VECTOR('',#4008,10.);
#1090=VECTOR('',#4009,10.);
#1091=VECTOR('',#4010,10.);
#1092=VECTOR('',#4011,10.);
#1093=VECTOR('',#4012,10.);
#1094=VECTOR('',#4013,10.);
#1095=VECTOR('',#4014,10.);
#1096=VECTOR('',#4017,10.);
#1097=VECTOR('',#4024,10.);
#1098=VECTOR('',#4027,10.);
#1099=VECTOR('',#4032,10.);
#1100=VECTOR('',#4035,10.);
#1101=VECTOR('',#4044,10.);
#1102=VECTOR('',#4047,10.);
#1103=VECTOR('',#4048,10.);
#1104=VECTOR('',#4053,10.);
#1105=VECTOR('',#4056,10.);
#1106=VECTOR('',#4057,10.);
#1107=VECTOR('',#4060,10.);
#1108=VECTOR('',#4061,10.);
#1109=VECTOR('',#4062,10.);
#1110=VECTOR('',#4063,10.);
#1111=VECTOR('',#4064,10.);
#1112=VECTOR('',#4065,10.);
#1113=VECTOR('',#4066,10.);
#1114=VECTOR('',#4067,10.);
#1115=VECTOR('',#4068,10.);
#1116=VECTOR('',#4069,10.);
#1117=VECTOR('',#4072,10.);
#1118=VECTOR('',#4077,10.);
#1119=VECTOR('',#4080,10.);
#1120=VECTOR('',#4083,10.);
#1121=VECTOR('',#4088,10.);
#1122=VECTOR('',#4091,10.);
#1123=VECTOR('',#4092,10.);
#1124=VECTOR('',#4095,10.);
#1125=VECTOR('',#4096,10.);
#1126=VECTOR('',#4097,10.);
#1127=VECTOR('',#4100,10.);
#1128=VECTOR('',#4103,10.);
#1129=VECTOR('',#4104,10.);
#1130=VECTOR('',#4105,10.);
#1131=VECTOR('',#4108,10.);
#1132=VECTOR('',#4113,10.);
#1133=VECTOR('',#4116,10.);
#1134=VECTOR('',#4125,10.);
#1135=VECTOR('',#4142,10.);
#1136=VECTOR('',#4143,10.);
#1137=VECTOR('',#4144,10.);
#1138=VECTOR('',#4147,10.);
#1139=VECTOR('',#4148,10.);
#1140=VECTOR('',#4149,10.);
#1141=VECTOR('',#4152,10.);
#1142=VECTOR('',#4155,10.);
#1143=VECTOR('',#4160,10.);
#1144=VECTOR('',#4163,10.);
#1145=VECTOR('',#4168,10.);
#1146=VECTOR('',#4171,10.);
#1147=VECTOR('',#4174,10.);
#1148=VECTOR('',#4175,10.);
#1149=VECTOR('',#4176,10.);
#1150=VECTOR('',#4177,10.);
#1151=VECTOR('',#4178,10.);
#1152=VECTOR('',#4179,10.);
#1153=VECTOR('',#4180,10.);
#1154=VECTOR('',#4181,10.);
#1155=VECTOR('',#4182,10.);
#1156=VECTOR('',#4183,10.);
#1157=VECTOR('',#4186,10.);
#1158=VECTOR('',#4187,10.);
#1159=VECTOR('',#4190,10.);
#1160=VECTOR('',#4191,10.);
#1161=VECTOR('',#4194,10.);
#1162=VECTOR('',#4195,10.);
#1163=VECTOR('',#4196,10.);
#1164=VECTOR('',#4199,10.);
#1165=VECTOR('',#4200,10.);
#1166=VECTOR('',#4201,10.);
#1167=VECTOR('',#4202,10.);
#1168=VECTOR('',#4203,10.);
#1169=VECTOR('',#4208,10.);
#1170=VECTOR('',#4213,10.);
#1171=VECTOR('',#4216,10.);
#1172=VECTOR('',#4217,10.);
#1173=VECTOR('',#4220,10.);
#1174=VECTOR('',#4225,10.);
#1175=VECTOR('',#4228,10.);
#1176=VECTOR('',#4229,10.);
#1177=VECTOR('',#4232,10.);
#1178=VECTOR('',#4237,10.);
#1179=VECTOR('',#4244,10.);
#1180=VECTOR('',#4249,10.);
#1181=VECTOR('',#4254,10.);
#1182=VECTOR('',#4257,10.);
#1183=VECTOR('',#4258,10.);
#1184=VECTOR('',#4265,10.);
#1185=VECTOR('',#4268,10.);
#1186=VECTOR('',#4271,10.);
#1187=VECTOR('',#4274,10.);
#1188=VECTOR('',#4275,10.);
#1189=VECTOR('',#4278,10.);
#1190=VECTOR('',#4281,10.);
#1191=VECTOR('',#4282,10.);
#1192=VECTOR('',#4283,10.);
#1193=VECTOR('',#4284,10.);
#1194=VECTOR('',#4285,10.);
#1195=VECTOR('',#4292,10.);
#1196=VECTOR('',#4299,10.);
#1197=VECTOR('',#4306,10.);
#1198=VECTOR('',#4313,10.);
#1199=VECTOR('',#4324,10.);
#1200=VECTOR('',#4329,10.);
#1201=VECTOR('',#4332,10.);
#1202=VECTOR('',#4335,10.);
#1203=VECTOR('',#4338,10.);
#1204=VECTOR('',#4349,10.);
#1205=VECTOR('',#4354,10.);
#1206=VECTOR('',#4365,5.5);
#1207=VECTOR('',#4370,5.5);
#1208=VECTOR('',#4375,5.5);
#1209=VECTOR('',#4378,10.);
#1210=VECTOR('',#4379,10.);
#1211=VECTOR('',#4388,5.5);
#1212=VECTOR('',#4391,10.);
#1213=VECTOR('',#4392,10.);
#1214=VECTOR('',#4395,10.);
#1215=VECTOR('',#4396,10.);
#1216=VECTOR('',#4399,10.);
#1217=VECTOR('',#4410,10.);
#1218=VECTOR('',#4415,10.);
#1219=VECTOR('',#4420,10.);
#1220=VECTOR('',#4423,10.);
#1221=VECTOR('',#4424,10.);
#1222=VECTOR('',#4425,10.);
#1223=VECTOR('',#4428,10.);
#1224=VECTOR('',#4431,10.);
#1225=VECTOR('',#4434,10.);
#1226=VECTOR('',#4435,10.);
#1227=VECTOR('',#4436,10.);
#1228=VECTOR('',#4441,10.);
#1229=VECTOR('',#4446,10.);
#1230=VECTOR('',#4449,10.);
#1231=VECTOR('',#4452,10.);
#1232=VECTOR('',#4453,10.);
#1233=VECTOR('',#4456,10.);
#1234=VECTOR('',#4459,10.);
#1235=VECTOR('',#4466,10.);
#1236=VECTOR('',#4467,10.);
#1237=VECTOR('',#4470,10.);
#1238=VECTOR('',#4471,10.);
#1239=VECTOR('',#4474,10.);
#1240=VECTOR('',#4475,10.);
#1241=VECTOR('',#4478,10.);
#1242=VECTOR('',#4483,10.);
#1243=CIRCLE('',#3317,3.2);
#1244=CIRCLE('',#3318,2.20000000000001);
#1245=CIRCLE('',#3320,3.2);
#1246=CIRCLE('',#3322,2.20000000000001);
#1247=CIRCLE('',#3324,2.20000000000001);
#1248=CIRCLE('',#3326,2.20000000000001);
#1249=CIRCLE('',#3328,14.75);
#1250=CIRCLE('',#3329,12.75);
#1251=CIRCLE('',#3331,3.81);
#1252=CIRCLE('',#3332,5.5);
#1253=CIRCLE('',#3333,5.5);
#1254=CIRCLE('',#3334,5.5);
#1255=CIRCLE('',#3335,5.5);
#1256=CIRCLE('',#3337,12.75);
#1257=CIRCLE('',#3339,4.2);
#1258=CIRCLE('',#3340,3.2);
#1259=CIRCLE('',#3342,4.2);
#1260=CIRCLE('',#3343,2.20000000000001);
#1261=CIRCLE('',#3344,2.20000000000001);
#1262=CIRCLE('',#3345,2.20000000000001);
#1263=CIRCLE('',#3347,3.2);
#1264=CIRCLE('',#3349,3.2);
#1265=CIRCLE('',#3351,3.2);
#1266=CIRCLE('',#3353,4.2);
#1267=CIRCLE('',#3354,3.2);
#1268=CIRCLE('',#3356,118.11);
#1269=CIRCLE('',#3357,118.11);
#1270=CIRCLE('',#3358,118.11);
#1271=CIRCLE('',#3359,137.16);
#1272=CIRCLE('',#3360,4.2);
#1273=CIRCLE('',#3361,2.20000000000001);
#1274=CIRCLE('',#3362,2.20000000000001);
#1275=CIRCLE('',#3363,2.20000000000001);
#1276=CIRCLE('',#3365,3.2);
#1277=CIRCLE('',#3367,3.2);
#1278=CIRCLE('',#3369,3.2);
#1279=CIRCLE('',#3373,3.00000000000001);
#1280=CIRCLE('',#3374,1.);
#1281=CIRCLE('',#3375,4.00000000000001);
#1282=CIRCLE('',#3376,3.00000000000001);
#1283=CIRCLE('',#3378,4.00000000000001);
#1284=CIRCLE('',#3379,2.20000000000001);
#1285=CIRCLE('',#3380,2.20000000000001);
#1286=CIRCLE('',#3381,2.20000000000001);
#1287=CIRCLE('',#3383,3.00000000000001);
#1288=CIRCLE('',#3385,3.00000000000001);
#1289=CIRCLE('',#3386,1.);
#1290=CIRCLE('',#3387,3.00000000000001);
#1291=CIRCLE('',#3389,3.00000000000001);
#1292=CIRCLE('',#3391,2.20000000000001);
#1293=CIRCLE('',#3393,2.20000000000001);
#1294=CIRCLE('',#3395,2.20000000000001);
#1295=CIRCLE('',#3399,2.20000000000001);
#1296=CIRCLE('',#3401,2.20000000000001);
#1297=CIRCLE('',#3403,2.20000000000001);
#1298=CIRCLE('',#3405,2.20000000000001);
#1299=CIRCLE('',#3407,2.20000000000001);
#1300=CIRCLE('',#3409,2.20000000000001);
#1301=CIRCLE('',#3411,137.16);
#1302=CIRCLE('',#3413,137.16);
#1303=CIRCLE('',#3415,137.16);
#1304=CIRCLE('',#3416,137.160000000001);
#1305=CIRCLE('',#3417,137.16);
#1306=CIRCLE('',#3418,137.16);
#1307=CIRCLE('',#3419,137.16);
#1308=CIRCLE('',#3420,137.16);
#1309=CIRCLE('',#3421,137.16);
#1310=CIRCLE('',#3422,137.160000000001);
#1311=CIRCLE('',#3423,137.16);
#1312=CIRCLE('',#3424,137.16);
#1313=CIRCLE('',#3425,137.16);
#1314=CIRCLE('',#3426,137.16);
#1315=CIRCLE('',#3427,137.16);
#1316=CIRCLE('',#3428,137.16);
#1317=CIRCLE('',#3429,137.16);
#1318=CIRCLE('',#3430,137.16);
#1319=CIRCLE('',#3431,137.16);
#1320=CIRCLE('',#3432,137.16);
#1321=CIRCLE('',#3433,137.16);
#1322=CIRCLE('',#3434,137.16);
#1323=CIRCLE('',#3435,137.16);
#1324=CIRCLE('',#3440,118.11);
#1325=CIRCLE('',#3445,118.11);
#1326=CIRCLE('',#3452,118.11);
#1327=CIRCLE('',#3456,118.11);
#1328=CIRCLE('',#3459,118.11);
#1329=CIRCLE('',#3464,118.11);
#1330=CIRCLE('',#3469,118.11);
#1331=CIRCLE('',#3473,118.11);
#1332=CIRCLE('',#3480,118.11);
#1333=CIRCLE('',#3483,118.11);
#1334=CIRCLE('',#3487,118.11);
#1335=CIRCLE('',#3498,118.11);
#1336=CIRCLE('',#3500,118.11);
#1337=CIRCLE('',#3503,137.227208867046);
#1338=CIRCLE('',#3506,137.227208867046);
#1339=CIRCLE('',#3507,137.16);
#1340=CIRCLE('',#3508,137.16);
#1341=CIRCLE('',#3511,118.11);
#1342=CIRCLE('',#3514,1.);
#1343=CIRCLE('',#3515,1.);
#1344=CIRCLE('',#3518,118.11);
#1345=CIRCLE('',#3520,1.);
#1346=CIRCLE('',#3521,1.);
#1347=CIRCLE('',#3524,118.11);
#1348=CIRCLE('',#3529,118.11);
#1349=CIRCLE('',#3533,118.11);
#1350=CIRCLE('',#3540,2.);
#1351=CIRCLE('',#3544,2.);
#1352=CIRCLE('',#3547,2.);
#1353=CIRCLE('',#3549,2.);
#1354=CIRCLE('',#3551,2.);
#1355=CIRCLE('',#3554,2.);
#1356=CIRCLE('',#3560,2.);
#1357=CIRCLE('',#3562,2.);
#1358=CIRCLE('',#3566,118.11);
#1359=CIRCLE('',#3569,5.5);
#1360=CIRCLE('',#3571,5.5);
#1361=CIRCLE('',#3573,5.5);
#1362=CIRCLE('',#3576,3.81);
#1363=CIRCLE('',#3578,5.5);
#1364=CIRCLE('',#3596,137.16);
#1365=CIRCLE('',#3598,137.16);
#1366=VERTEX_POINT('',#4488);
#1367=VERTEX_POINT('',#4490);
#1368=VERTEX_POINT('',#4494);
#1369=VERTEX_POINT('',#4495);
#1370=VERTEX_POINT('',#4497);
#1371=VERTEX_POINT('',#4499);
#1372=VERTEX_POINT('',#4502);
#1373=VERTEX_POINT('',#4505);
#1374=VERTEX_POINT('',#4509);
#1375=VERTEX_POINT('',#4513);
#1376=VERTEX_POINT('',#4517);
#1377=VERTEX_POINT('',#4519);
#1378=VERTEX_POINT('',#4523);
#1379=VERTEX_POINT('',#4525);
#1380=VERTEX_POINT('',#4527);
#1381=VERTEX_POINT('',#4529);
#1382=VERTEX_POINT('',#4531);
#1383=VERTEX_POINT('',#4533);
#1384=VERTEX_POINT('',#4535);
#1385=VERTEX_POINT('',#4537);
#1386=VERTEX_POINT('',#4539);
#1387=VERTEX_POINT('',#4542);
#1388=VERTEX_POINT('',#4543);
#1389=VERTEX_POINT('',#4545);
#1390=VERTEX_POINT('',#4547);
#1391=VERTEX_POINT('',#4550);
#1392=VERTEX_POINT('',#4552);
#1393=VERTEX_POINT('',#4554);
#1394=VERTEX_POINT('',#4556);
#1395=VERTEX_POINT('',#4559);
#1396=VERTEX_POINT('',#4563);
#1397=VERTEX_POINT('',#4565);
#1398=VERTEX_POINT('',#4569);
#1399=VERTEX_POINT('',#4570);
#1400=VERTEX_POINT('',#4572);
#1401=VERTEX_POINT('',#4574);
#1402=VERTEX_POINT('',#4577);
#1403=VERTEX_POINT('',#4579);
#1404=VERTEX_POINT('',#4581);
#1405=VERTEX_POINT('',#4583);
#1406=VERTEX_POINT('',#4586);
#1407=VERTEX_POINT('',#4590);
#1408=VERTEX_POINT('',#4594);
#1409=VERTEX_POINT('',#4598);
#1410=VERTEX_POINT('',#4600);
#1411=VERTEX_POINT('',#4604);
#1412=VERTEX_POINT('',#4606);
#1413=VERTEX_POINT('',#4608);
#1414=VERTEX_POINT('',#4610);
#1415=VERTEX_POINT('',#4612);
#1416=VERTEX_POINT('',#4614);
#1417=VERTEX_POINT('',#4616);
#1418=VERTEX_POINT('',#4618);
#1419=VERTEX_POINT('',#4620);
#1420=VERTEX_POINT('',#4622);
#1421=VERTEX_POINT('',#4624);
#1422=VERTEX_POINT('',#4626);
#1423=VERTEX_POINT('',#4628);
#1424=VERTEX_POINT('',#4630);
#1425=VERTEX_POINT('',#4633);
#1426=VERTEX_POINT('',#4635);
#1427=VERTEX_POINT('',#4637);
#1428=VERTEX_POINT('',#4639);
#1429=VERTEX_POINT('',#4642);
#1430=VERTEX_POINT('',#4646);
#1431=VERTEX_POINT('',#4650);
#1432=VERTEX_POINT('',#4656);
#1433=VERTEX_POINT('',#4657);
#1434=VERTEX_POINT('',#4659);
#1435=VERTEX_POINT('',#4664);
#1436=VERTEX_POINT('',#4666);
#1437=VERTEX_POINT('',#4669);
#1438=VERTEX_POINT('',#4671);
#1439=VERTEX_POINT('',#4673);
#1440=VERTEX_POINT('',#4675);
#1441=VERTEX_POINT('',#4678);
#1442=VERTEX_POINT('',#4682);
#1443=VERTEX_POINT('',#4683);
#1444=VERTEX_POINT('',#4688);
#1445=VERTEX_POINT('',#4692);
#1446=VERTEX_POINT('',#4696);
#1447=VERTEX_POINT('',#4700);
#1448=VERTEX_POINT('',#4706);
#1449=VERTEX_POINT('',#4710);
#1450=VERTEX_POINT('',#4714);
#1451=VERTEX_POINT('',#4718);
#1452=VERTEX_POINT('',#4722);
#1453=VERTEX_POINT('',#4726);
#1454=VERTEX_POINT('',#4730);
#1455=VERTEX_POINT('',#4732);
#1456=VERTEX_POINT('',#4736);
#1457=VERTEX_POINT('',#4738);
#1458=VERTEX_POINT('',#4742);
#1459=VERTEX_POINT('',#4744);
#1460=VERTEX_POINT('',#4755);
#1461=VERTEX_POINT('',#4757);
#1462=VERTEX_POINT('',#4768);
#1463=VERTEX_POINT('',#4770);
#1464=VERTEX_POINT('',#4772);
#1465=VERTEX_POINT('',#4774);
#1466=VERTEX_POINT('',#4785);
#1467=VERTEX_POINT('',#4787);
#1468=VERTEX_POINT('',#4798);
#1469=VERTEX_POINT('',#4800);
#1470=VERTEX_POINT('',#4811);
#1471=VERTEX_POINT('',#4813);
#1472=VERTEX_POINT('',#4815);
#1473=VERTEX_POINT('',#4817);
#1474=VERTEX_POINT('',#4819);
#1475=VERTEX_POINT('',#4821);
#1476=VERTEX_POINT('',#4832);
#1477=VERTEX_POINT('',#4834);
#1478=VERTEX_POINT('',#4845);
#1479=VERTEX_POINT('',#4847);
#1480=VERTEX_POINT('',#4858);
#1481=VERTEX_POINT('',#4860);
#1482=VERTEX_POINT('',#4862);
#1483=VERTEX_POINT('',#4864);
#1484=VERTEX_POINT('',#4875);
#1485=VERTEX_POINT('',#4877);
#1486=VERTEX_POINT('',#4889);
#1487=VERTEX_POINT('',#4890);
#1488=VERTEX_POINT('',#4892);
#1489=VERTEX_POINT('',#4903);
#1490=VERTEX_POINT('',#4905);
#1491=VERTEX_POINT('',#4916);
#1492=VERTEX_POINT('',#4918);
#1493=VERTEX_POINT('',#4929);
#1494=VERTEX_POINT('',#4941);
#1495=VERTEX_POINT('',#4942);
#1496=VERTEX_POINT('',#4944);
#1497=VERTEX_POINT('',#4955);
#1498=VERTEX_POINT('',#4957);
#1499=VERTEX_POINT('',#4968);
#1500=VERTEX_POINT('',#4970);
#1501=VERTEX_POINT('',#4981);
#1502=VERTEX_POINT('',#4993);
#1503=VERTEX_POINT('',#4994);
#1504=VERTEX_POINT('',#4996);
#1505=VERTEX_POINT('',#5007);
#1506=VERTEX_POINT('',#5009);
#1507=VERTEX_POINT('',#5020);
#1508=VERTEX_POINT('',#5022);
#1509=VERTEX_POINT('',#5033);
#1510=VERTEX_POINT('',#5045);
#1511=VERTEX_POINT('',#5046);
#1512=VERTEX_POINT('',#5048);
#1513=VERTEX_POINT('',#5059);
#1514=VERTEX_POINT('',#5061);
#1515=VERTEX_POINT('',#5072);
#1516=VERTEX_POINT('',#5074);
#1517=VERTEX_POINT('',#5085);
#1518=VERTEX_POINT('',#5097);
#1519=VERTEX_POINT('',#5098);
#1520=VERTEX_POINT('',#5109);
#1521=VERTEX_POINT('',#5111);
#1522=VERTEX_POINT('',#5122);
#1523=VERTEX_POINT('',#5124);
#1524=VERTEX_POINT('',#5135);
#1525=VERTEX_POINT('',#5137);
#1526=VERTEX_POINT('',#5149);
#1527=VERTEX_POINT('',#5150);
#1528=VERTEX_POINT('',#5161);
#1529=VERTEX_POINT('',#5163);
#1530=VERTEX_POINT('',#5174);
#1531=VERTEX_POINT('',#5176);
#1532=VERTEX_POINT('',#5187);
#1533=VERTEX_POINT('',#5189);
#1534=VERTEX_POINT('',#5204);
#1535=VERTEX_POINT('',#5208);
#1536=VERTEX_POINT('',#5211);
#1537=VERTEX_POINT('',#5213);
#1538=VERTEX_POINT('',#5216);
#1539=VERTEX_POINT('',#5220);
#1540=VERTEX_POINT('',#5222);
#1541=VERTEX_POINT('',#5233);
#1542=VERTEX_POINT('',#5247);
#1543=VERTEX_POINT('',#5249);
#1544=VERTEX_POINT('',#5252);
#1545=VERTEX_POINT('',#5254);
#1546=VERTEX_POINT('',#5257);
#1547=VERTEX_POINT('',#5259);
#1548=VERTEX_POINT('',#5265);
#1549=VERTEX_POINT('',#5266);
#1550=VERTEX_POINT('',#5280);
#1551=VERTEX_POINT('',#5284);
#1552=VERTEX_POINT('',#5297);
#1553=VERTEX_POINT('',#5300);
#1554=VERTEX_POINT('',#5302);
#1555=VERTEX_POINT('',#5305);
#1556=VERTEX_POINT('',#5307);
#1557=VERTEX_POINT('',#5310);
#1558=VERTEX_POINT('',#5314);
#1559=VERTEX_POINT('',#5315);
#1560=VERTEX_POINT('',#5329);
#1561=VERTEX_POINT('',#5331);
#1562=VERTEX_POINT('',#5334);
#1563=VERTEX_POINT('',#5336);
#1564=VERTEX_POINT('',#5338);
#1565=VERTEX_POINT('',#5340);
#1566=VERTEX_POINT('',#5345);
#1567=VERTEX_POINT('',#5360);
#1568=VERTEX_POINT('',#5373);
#1569=VERTEX_POINT('',#5386);
#1570=VERTEX_POINT('',#5390);
#1571=VERTEX_POINT('',#5416);
#1572=VERTEX_POINT('',#5429);
#1573=VERTEX_POINT('',#5430);
#1574=VERTEX_POINT('',#5444);
#1575=VERTEX_POINT('',#5448);
#1576=VERTEX_POINT('',#5449);
#1577=VERTEX_POINT('',#5463);
#1578=VERTEX_POINT('',#5466);
#1579=VERTEX_POINT('',#5468);
#1580=VERTEX_POINT('',#5470);
#1581=VERTEX_POINT('',#5472);
#1582=VERTEX_POINT('',#5475);
#1583=VERTEX_POINT('',#5477);
#1584=VERTEX_POINT('',#5481);
#1585=VERTEX_POINT('',#5494);
#1586=VERTEX_POINT('',#5498);
#1587=VERTEX_POINT('',#5511);
#1588=VERTEX_POINT('',#5524);
#1589=VERTEX_POINT('',#5528);
#1590=VERTEX_POINT('',#5529);
#1591=VERTEX_POINT('',#5543);
#1592=VERTEX_POINT('',#5547);
#1593=VERTEX_POINT('',#5548);
#1594=VERTEX_POINT('',#5550);
#1595=VERTEX_POINT('',#5552);
#1596=VERTEX_POINT('',#5554);
#1597=VERTEX_POINT('',#5556);
#1598=VERTEX_POINT('',#5560);
#1599=VERTEX_POINT('',#5573);
#1600=VERTEX_POINT('',#5577);
#1601=VERTEX_POINT('',#5603);
#1602=VERTEX_POINT('',#5634);
#1603=VERTEX_POINT('',#5637);
#1604=VERTEX_POINT('',#5638);
#1605=VERTEX_POINT('',#5640);
#1606=VERTEX_POINT('',#5642);
#1607=VERTEX_POINT('',#5644);
#1608=VERTEX_POINT('',#5646);
#1609=VERTEX_POINT('',#5655);
#1610=VERTEX_POINT('',#5661);
#1611=VERTEX_POINT('',#5663);
#1612=VERTEX_POINT('',#5667);
#1613=VERTEX_POINT('',#5669);
#1614=VERTEX_POINT('',#5671);
#1615=VERTEX_POINT('',#5674);
#1616=VERTEX_POINT('',#5675);
#1617=VERTEX_POINT('',#5677);
#1618=VERTEX_POINT('',#5682);
#1619=VERTEX_POINT('',#5687);
#1620=VERTEX_POINT('',#5690);
#1621=VERTEX_POINT('',#5691);
#1622=VERTEX_POINT('',#5693);
#1623=VERTEX_POINT('',#5695);
#1624=VERTEX_POINT('',#5697);
#1625=VERTEX_POINT('',#5700);
#1626=VERTEX_POINT('',#5701);
#1627=VERTEX_POINT('',#5703);
#1628=VERTEX_POINT('',#5705);
#1629=VERTEX_POINT('',#5707);
#1630=VERTEX_POINT('',#5716);
#1631=VERTEX_POINT('',#5720);
#1632=VERTEX_POINT('',#5723);
#1633=VERTEX_POINT('',#5727);
#1634=VERTEX_POINT('',#5731);
#1635=VERTEX_POINT('',#5735);
#1636=VERTEX_POINT('',#5740);
#1637=VERTEX_POINT('',#5753);
#1638=VERTEX_POINT('',#5768);
#1639=VERTEX_POINT('',#5781);
#1640=VERTEX_POINT('',#5782);
#1641=VERTEX_POINT('',#5798);
#1642=VERTEX_POINT('',#5799);
#1643=VERTEX_POINT('',#5810);
#1644=VERTEX_POINT('',#5812);
#1645=VERTEX_POINT('',#5817);
#1646=VERTEX_POINT('',#5819);
#1647=VERTEX_POINT('',#5823);
#1648=VERTEX_POINT('',#5836);
#1649=VERTEX_POINT('',#5840);
#1650=VERTEX_POINT('',#5855);
#1651=VERTEX_POINT('',#5857);
#1652=VERTEX_POINT('',#5870);
#1653=VERTEX_POINT('',#5872);
#1654=VERTEX_POINT('',#5876);
#1655=VERTEX_POINT('',#5878);
#1656=VERTEX_POINT('',#5882);
#1657=VERTEX_POINT('',#5884);
#1658=VERTEX_POINT('',#5890);
#1659=VERTEX_POINT('',#5892);
#1660=VERTEX_POINT('',#5896);
#1661=VERTEX_POINT('',#5907);
#1662=VERTEX_POINT('',#5915);
#1663=VERTEX_POINT('',#5941);
#1664=VERTEX_POINT('',#5943);
#1665=VERTEX_POINT('',#5957);
#1666=VERTEX_POINT('',#5983);
#1667=VERTEX_POINT('',#5987);
#1668=VERTEX_POINT('',#5991);
#1669=VERTEX_POINT('',#5995);
#1670=VERTEX_POINT('',#6001);
#1671=VERTEX_POINT('',#6005);
#1672=VERTEX_POINT('',#6009);
#1673=VERTEX_POINT('',#6027);
#1674=VERTEX_POINT('',#6029);
#1675=VERTEX_POINT('',#6037);
#1676=VERTEX_POINT('',#6039);
#1677=VERTEX_POINT('',#6043);
#1678=VERTEX_POINT('',#6047);
#1679=VERTEX_POINT('',#6053);
#1680=VERTEX_POINT('',#6063);
#1681=VERTEX_POINT('',#6067);
#1682=VERTEX_POINT('',#6071);
#1683=EDGE_CURVE('',#1366,#1366,#1243,.T.);
#1684=EDGE_CURVE('',#1366,#1367,#683,.T.);
#1685=EDGE_CURVE('',#1367,#1367,#1244,.T.);
#1686=EDGE_CURVE('',#1368,#1369,#684,.T.);
#1687=EDGE_CURVE('',#1370,#1368,#685,.T.);
#1688=EDGE_CURVE('',#1371,#1370,#686,.T.);
#1689=EDGE_CURVE('',#1369,#1371,#687,.T.);
#1690=EDGE_CURVE('',#1372,#1372,#1245,.T.);
#1691=EDGE_CURVE('',#1367,#1373,#688,.T.);
#1692=EDGE_CURVE('',#1373,#1373,#1246,.T.);
#1693=EDGE_CURVE('',#1372,#1374,#689,.T.);
#1694=EDGE_CURVE('',#1374,#1374,#1247,.T.);
#1695=EDGE_CURVE('',#1374,#1375,#690,.T.);
#1696=EDGE_CURVE('',#1375,#1375,#1248,.T.);
#1697=EDGE_CURVE('',#1376,#1376,#1249,.T.);
#1698=EDGE_CURVE('',#1376,#1377,#691,.T.);
#1699=EDGE_CURVE('',#1377,#1377,#1250,.T.);
#1700=EDGE_CURVE('',#1368,#1378,#692,.T.);
#1701=EDGE_CURVE('',#1378,#1379,#693,.T.);
#1702=EDGE_CURVE('',#1379,#1380,#694,.T.);
#1703=EDGE_CURVE('',#1381,#1380,#695,.T.);
#1704=EDGE_CURVE('',#1382,#1381,#696,.T.);
#1705=EDGE_CURVE('',#1383,#1382,#697,.T.);
#1706=EDGE_CURVE('',#1384,#1383,#698,.T.);
#1707=EDGE_CURVE('',#1384,#1385,#699,.T.);
#1708=EDGE_CURVE('',#1385,#1386,#1251,.T.);
#1709=EDGE_CURVE('',#1386,#1370,#700,.T.);
#1710=EDGE_CURVE('',#1387,#1388,#701,.T.);
#1711=EDGE_CURVE('',#1389,#1387,#702,.T.);
#1712=EDGE_CURVE('',#1389,#1390,#703,.T.);
#1713=EDGE_CURVE('',#1388,#1390,#704,.T.);
#1714=EDGE_CURVE('',#1391,#1391,#1252,.T.);
#1715=EDGE_CURVE('',#1392,#1392,#1253,.T.);
#1716=EDGE_CURVE('',#1393,#1393,#1254,.T.);
#1717=EDGE_CURVE('',#1394,#1394,#1255,.T.);
#1718=EDGE_CURVE('',#1395,#1395,#1256,.T.);
#1719=EDGE_CURVE('',#1395,#1377,#705,.T.);
#1720=EDGE_CURVE('',#1396,#1396,#1257,.T.);
#1721=EDGE_CURVE('',#1396,#1397,#706,.T.);
#1722=EDGE_CURVE('',#1397,#1397,#1258,.T.);
#1723=EDGE_CURVE('',#1398,#1399,#707,.T.);
#1724=EDGE_CURVE('',#1400,#1398,#708,.T.);
#1725=EDGE_CURVE('',#1401,#1400,#709,.T.);
#1726=EDGE_CURVE('',#1399,#1401,#710,.T.);
#1727=EDGE_CURVE('',#1402,#1402,#1259,.T.);
#1728=EDGE_CURVE('',#1403,#1403,#1260,.T.);
#1729=EDGE_CURVE('',#1404,#1404,#1261,.T.);
#1730=EDGE_CURVE('',#1405,#1405,#1262,.T.);
#1731=EDGE_CURVE('',#1397,#1406,#711,.T.);
#1732=EDGE_CURVE('',#1406,#1406,#1263,.T.);
#1733=EDGE_CURVE('',#1402,#1407,#712,.T.);
#1734=EDGE_CURVE('',#1407,#1407,#1264,.T.);
#1735=EDGE_CURVE('',#1407,#1408,#713,.T.);
#1736=EDGE_CURVE('',#1408,#1408,#1265,.T.);
#1737=EDGE_CURVE('',#1409,#1409,#1266,.T.);
#1738=EDGE_CURVE('',#1409,#1410,#714,.T.);
#1739=EDGE_CURVE('',#1410,#1410,#1267,.T.);
#1740=EDGE_CURVE('',#1411,#1398,#715,.T.);
#1741=EDGE_CURVE('',#1412,#1411,#716,.T.);
#1742=EDGE_CURVE('',#1413,#1412,#1268,.T.);
#1743=EDGE_CURVE('',#1414,#1413,#717,.T.);
#1744=EDGE_CURVE('',#1415,#1414,#718,.T.);
#1745=EDGE_CURVE('',#1416,#1415,#719,.T.);
#1746=EDGE_CURVE('',#1417,#1416,#1269,.T.);
#1747=EDGE_CURVE('',#1418,#1417,#720,.T.);
#1748=EDGE_CURVE('',#1419,#1418,#721,.T.);
#1749=EDGE_CURVE('',#1420,#1419,#722,.T.);
#1750=EDGE_CURVE('',#1421,#1420,#1270,.T.);
#1751=EDGE_CURVE('',#1422,#1421,#723,.T.);
#1752=EDGE_CURVE('',#1423,#1422,#724,.T.);
#1753=EDGE_CURVE('',#1423,#1424,#725,.T.);
#1754=EDGE_CURVE('',#1400,#1424,#1271,.T.);
#1755=EDGE_CURVE('',#1425,#1425,#1272,.T.);
#1756=EDGE_CURVE('',#1426,#1426,#1273,.T.);
#1757=EDGE_CURVE('',#1427,#1427,#1274,.T.);
#1758=EDGE_CURVE('',#1428,#1428,#1275,.T.);
#1759=EDGE_CURVE('',#1410,#1429,#726,.T.);
#1760=EDGE_CURVE('',#1429,#1429,#1276,.T.);
#1761=EDGE_CURVE('',#1425,#1430,#727,.T.);
#1762=EDGE_CURVE('',#1430,#1430,#1277,.T.);
#1763=EDGE_CURVE('',#1430,#1431,#728,.T.);
#1764=EDGE_CURVE('',#1431,#1431,#1278,.T.);
#1765=EDGE_CURVE('',#1432,#1433,#1279,.T.);
#1766=EDGE_CURVE('',#1433,#1434,#1280,.T.);
#1767=EDGE_CURVE('',#1434,#1434,#1281,.T.);
#1768=EDGE_CURVE('',#1433,#1432,#1282,.T.);
#1769=EDGE_CURVE('',#1424,#1435,#729,.T.);
#1770=EDGE_CURVE('',#1436,#1423,#730,.T.);
#1771=EDGE_CURVE('',#1435,#1436,#731,.T.);
#1772=EDGE_CURVE('',#1437,#1437,#1283,.T.);
#1773=EDGE_CURVE('',#1438,#1438,#1284,.T.);
#1774=EDGE_CURVE('',#1439,#1439,#1285,.T.);
#1775=EDGE_CURVE('',#1440,#1440,#1286,.T.);
#1776=EDGE_CURVE('',#1441,#1441,#1287,.T.);
#1777=EDGE_CURVE('',#1441,#1432,#732,.T.);
#1778=EDGE_CURVE('',#1442,#1443,#1288,.T.);
#1779=EDGE_CURVE('',#1443,#1437,#1289,.T.);
#1780=EDGE_CURVE('',#1443,#1442,#1290,.T.);
#1781=EDGE_CURVE('',#1444,#1444,#1291,.T.);
#1782=EDGE_CURVE('',#1444,#1442,#733,.T.);
#1783=EDGE_CURVE('',#1438,#1445,#734,.T.);
#1784=EDGE_CURVE('',#1445,#1445,#1292,.T.);
#1785=EDGE_CURVE('',#1439,#1446,#735,.T.);
#1786=EDGE_CURVE('',#1446,#1446,#1293,.T.);
#1787=EDGE_CURVE('',#1440,#1447,#736,.T.);
#1788=EDGE_CURVE('',#1447,#1447,#1294,.T.);
#1789=EDGE_CURVE('',#1405,#1448,#737,.T.);
#1790=EDGE_CURVE('',#1448,#1448,#1295,.T.);
#1791=EDGE_CURVE('',#1404,#1449,#738,.T.);
#1792=EDGE_CURVE('',#1449,#1449,#1296,.T.);
#1793=EDGE_CURVE('',#1403,#1450,#739,.T.);
#1794=EDGE_CURVE('',#1450,#1450,#1297,.T.);
#1795=EDGE_CURVE('',#1428,#1451,#740,.T.);
#1796=EDGE_CURVE('',#1451,#1451,#1298,.T.);
#1797=EDGE_CURVE('',#1427,#1452,#741,.T.);
#1798=EDGE_CURVE('',#1452,#1452,#1299,.T.);
#1799=EDGE_CURVE('',#1426,#1453,#742,.T.);
#1800=EDGE_CURVE('',#1453,#1453,#1300,.T.);
#1801=EDGE_CURVE('',#1401,#1454,#1301,.T.);
#1802=EDGE_CURVE('',#1454,#1455,#743,.T.);
#1803=EDGE_CURVE('',#1455,#1399,#744,.T.);
#1804=EDGE_CURVE('',#1436,#1456,#745,.T.);
#1805=EDGE_CURVE('',#1456,#1457,#746,.T.);
#1806=EDGE_CURVE('',#1457,#1435,#1302,.T.);
#1807=EDGE_CURVE('',#1458,#1457,#747,.T.);
#1808=EDGE_CURVE('',#1459,#1458,#25,.T.);
#1809=EDGE_CURVE('',#1459,#1460,#1303,.T.);
#1810=EDGE_CURVE('',#1461,#1460,#26,.T.);
#1811=EDGE_CURVE('',#1461,#1462,#748,.T.);
#1812=EDGE_CURVE('',#1463,#1462,#1304,.T.);
#1813=EDGE_CURVE('',#1464,#1463,#749,.T.);
#1814=EDGE_CURVE('',#1465,#1464,#27,.T.);
#1815=EDGE_CURVE('',#1466,#1465,#1305,.T.);
#1816=EDGE_CURVE('',#1467,#1466,#28,.T.);
#1817=EDGE_CURVE('',#1467,#1468,#750,.T.);
#1818=EDGE_CURVE('',#1469,#1468,#29,.T.);
#1819=EDGE_CURVE('',#1469,#1470,#1306,.T.);
#1820=EDGE_CURVE('',#1471,#1470,#751,.T.);
#1821=EDGE_CURVE('',#1472,#1471,#1307,.T.);
#1822=EDGE_CURVE('',#1472,#1473,#752,.T.);
#1823=EDGE_CURVE('',#1473,#1474,#1308,.T.);
#1824=EDGE_CURVE('',#1475,#1474,#30,.T.);
#1825=EDGE_CURVE('',#1476,#1475,#753,.T.);
#1826=EDGE_CURVE('',#1477,#1476,#31,.T.);
#1827=EDGE_CURVE('',#1478,#1477,#1309,.T.);
#1828=EDGE_CURVE('',#1479,#1478,#32,.T.);
#1829=EDGE_CURVE('',#1479,#1480,#754,.T.);
#1830=EDGE_CURVE('',#1481,#1480,#1310,.T.);
#1831=EDGE_CURVE('',#1482,#1481,#755,.T.);
#1832=EDGE_CURVE('',#1483,#1482,#33,.T.);
#1833=EDGE_CURVE('',#1483,#1484,#1311,.T.);
#1834=EDGE_CURVE('',#1485,#1484,#34,.T.);
#1835=EDGE_CURVE('',#1485,#1454,#756,.T.);
#1836=EDGE_CURVE('',#1486,#1487,#1312,.T.);
#1837=EDGE_CURVE('',#1488,#1486,#35,.T.);
#1838=EDGE_CURVE('',#1488,#1489,#757,.T.);
#1839=EDGE_CURVE('',#1490,#1489,#36,.T.);
#1840=EDGE_CURVE('',#1491,#1490,#1313,.T.);
#1841=EDGE_CURVE('',#1492,#1491,#37,.T.);
#1842=EDGE_CURVE('',#1493,#1492,#758,.T.);
#1843=EDGE_CURVE('',#1487,#1493,#38,.T.);
#1844=EDGE_CURVE('',#1494,#1495,#759,.T.);
#1845=EDGE_CURVE('',#1496,#1494,#39,.T.);
#1846=EDGE_CURVE('',#1497,#1496,#1314,.T.);
#1847=EDGE_CURVE('',#1498,#1497,#40,.T.);
#1848=EDGE_CURVE('',#1498,#1499,#760,.T.);
#1849=EDGE_CURVE('',#1500,#1499,#41,.T.);
#1850=EDGE_CURVE('',#1501,#1500,#1315,.T.);
#1851=EDGE_CURVE('',#1495,#1501,#42,.T.);
#1852=EDGE_CURVE('',#1502,#1503,#1316,.T.);
#1853=EDGE_CURVE('',#1504,#1502,#43,.T.);
#1854=EDGE_CURVE('',#1504,#1505,#761,.T.);
#1855=EDGE_CURVE('',#1506,#1505,#44,.T.);
#1856=EDGE_CURVE('',#1506,#1507,#1317,.T.);
#1857=EDGE_CURVE('',#1508,#1507,#45,.T.);
#1858=EDGE_CURVE('',#1509,#1508,#762,.T.);
#1859=EDGE_CURVE('',#1503,#1509,#46,.T.);
#1860=EDGE_CURVE('',#1510,#1511,#1318,.T.);
#1861=EDGE_CURVE('',#1512,#1511,#47,.T.);
#1862=EDGE_CURVE('',#1513,#1512,#763,.T.);
#1863=EDGE_CURVE('',#1514,#1513,#48,.T.);
#1864=EDGE_CURVE('',#1515,#1514,#1319,.T.);
#1865=EDGE_CURVE('',#1516,#1515,#49,.T.);
#1866=EDGE_CURVE('',#1516,#1517,#764,.T.);
#1867=EDGE_CURVE('',#1510,#1517,#50,.T.);
#1868=EDGE_CURVE('',#1518,#1519,#51,.T.);
#1869=EDGE_CURVE('',#1520,#1518,#765,.T.);
#1870=EDGE_CURVE('',#1521,#1520,#52,.T.);
#1871=EDGE_CURVE('',#1521,#1522,#1320,.T.);
#1872=EDGE_CURVE('',#1523,#1522,#53,.T.);
#1873=EDGE_CURVE('',#1523,#1524,#766,.T.);
#1874=EDGE_CURVE('',#1525,#1524,#54,.T.);
#1875=EDGE_CURVE('',#1519,#1525,#1321,.T.);
#1876=EDGE_CURVE('',#1526,#1527,#55,.T.);
#1877=EDGE_CURVE('',#1528,#1526,#767,.T.);
#1878=EDGE_CURVE('',#1529,#1528,#56,.T.);
#1879=EDGE_CURVE('',#1529,#1530,#1322,.T.);
#1880=EDGE_CURVE('',#1531,#1530,#57,.T.);
#1881=EDGE_CURVE('',#1531,#1532,#768,.T.);
#1882=EDGE_CURVE('',#1533,#1532,#58,.T.);
#1883=EDGE_CURVE('',#1527,#1533,#1323,.T.);
#1884=EDGE_CURVE('',#1422,#1456,#769,.T.);
#1885=EDGE_CURVE('',#1534,#1386,#770,.T.);
#1886=EDGE_CURVE('',#1371,#1534,#771,.T.);
#1887=EDGE_CURVE('',#1413,#1535,#772,.T.);
#1888=EDGE_CURVE('',#1509,#1535,#773,.T.);
#1889=EDGE_CURVE('',#1536,#1508,#774,.T.);
#1890=EDGE_CURVE('',#1536,#1537,#775,.T.);
#1891=EDGE_CURVE('',#1476,#1537,#776,.T.);
#1892=EDGE_CURVE('',#1538,#1475,#777,.T.);
#1893=EDGE_CURVE('',#1414,#1538,#778,.T.);
#1894=EDGE_CURVE('',#1539,#1412,#779,.T.);
#1895=EDGE_CURVE('',#1540,#1539,#59,.T.);
#1896=EDGE_CURVE('',#1541,#1540,#1324,.T.);
#1897=EDGE_CURVE('',#1535,#1541,#60,.T.);
#1898=EDGE_CURVE('',#1411,#1455,#780,.T.);
#1899=EDGE_CURVE('',#1542,#1485,#781,.T.);
#1900=EDGE_CURVE('',#1542,#1543,#782,.T.);
#1901=EDGE_CURVE('',#1524,#1543,#783,.T.);
#1902=EDGE_CURVE('',#1544,#1523,#784,.T.);
#1903=EDGE_CURVE('',#1544,#1545,#785,.T.);
#1904=EDGE_CURVE('',#1489,#1545,#786,.T.);
#1905=EDGE_CURVE('',#1546,#1488,#787,.T.);
#1906=EDGE_CURVE('',#1546,#1547,#788,.T.);
#1907=EDGE_CURVE('',#1505,#1547,#789,.T.);
#1908=EDGE_CURVE('',#1539,#1504,#790,.T.);
#1909=EDGE_CURVE('',#1548,#1549,#61,.T.);
#1910=EDGE_CURVE('',#1549,#1533,#791,.T.);
#1911=EDGE_CURVE('',#1532,#1548,#792,.T.);
#1912=EDGE_CURVE('',#1549,#1550,#1325,.T.);
#1913=EDGE_CURVE('',#1527,#1550,#793,.T.);
#1914=EDGE_CURVE('',#1550,#1551,#62,.T.);
#1915=EDGE_CURVE('',#1551,#1526,#794,.T.);
#1916=EDGE_CURVE('',#1421,#1552,#795,.T.);
#1917=EDGE_CURVE('',#1513,#1552,#796,.T.);
#1918=EDGE_CURVE('',#1553,#1512,#797,.T.);
#1919=EDGE_CURVE('',#1553,#1554,#798,.T.);
#1920=EDGE_CURVE('',#1494,#1554,#799,.T.);
#1921=EDGE_CURVE('',#1555,#1495,#800,.T.);
#1922=EDGE_CURVE('',#1555,#1556,#801,.T.);
#1923=EDGE_CURVE('',#1528,#1556,#802,.T.);
#1924=EDGE_CURVE('',#1551,#1557,#803,.T.);
#1925=EDGE_CURVE('',#1458,#1557,#804,.T.);
#1926=EDGE_CURVE('',#1558,#1559,#63,.T.);
#1927=EDGE_CURVE('',#1559,#1461,#805,.T.);
#1928=EDGE_CURVE('',#1460,#1558,#806,.T.);
#1929=EDGE_CURVE('',#1560,#1531,#807,.T.);
#1930=EDGE_CURVE('',#1560,#1561,#808,.T.);
#1931=EDGE_CURVE('',#1499,#1561,#809,.T.);
#1932=EDGE_CURVE('',#1562,#1498,#810,.T.);
#1933=EDGE_CURVE('',#1562,#1563,#811,.T.);
#1934=EDGE_CURVE('',#1564,#1563,#812,.T.);
#1935=EDGE_CURVE('',#1564,#1565,#813,.T.);
#1936=EDGE_CURVE('',#1462,#1565,#814,.T.);
#1937=EDGE_CURVE('',#1559,#1548,#815,.T.);
#1938=EDGE_CURVE('',#1557,#1566,#64,.T.);
#1939=EDGE_CURVE('',#1566,#1459,#816,.T.);
#1940=EDGE_CURVE('',#1566,#1558,#1326,.T.);
#1941=EDGE_CURVE('',#1567,#1555,#65,.T.);
#1942=EDGE_CURVE('',#1501,#1567,#817,.T.);
#1943=EDGE_CURVE('',#1556,#1568,#66,.T.);
#1944=EDGE_CURVE('',#1568,#1529,#818,.T.);
#1945=EDGE_CURVE('',#1568,#1569,#1327,.T.);
#1946=EDGE_CURVE('',#1530,#1569,#819,.T.);
#1947=EDGE_CURVE('',#1561,#1570,#67,.T.);
#1948=EDGE_CURVE('',#1570,#1500,#820,.T.);
#1949=EDGE_CURVE('',#1570,#1567,#1328,.T.);
#1950=EDGE_CURVE('',#1569,#1560,#68,.T.);
#1951=EDGE_CURVE('',#1562,#1571,#69,.F.);
#1952=EDGE_CURVE('',#1497,#1571,#821,.T.);
#1953=EDGE_CURVE('',#1572,#1573,#70,.T.);
#1954=EDGE_CURVE('',#1573,#1465,#822,.T.);
#1955=EDGE_CURVE('',#1464,#1572,#823,.T.);
#1956=EDGE_CURVE('',#1573,#1574,#1329,.T.);
#1957=EDGE_CURVE('',#1466,#1574,#824,.T.);
#1958=EDGE_CURVE('',#1575,#1576,#71,.T.);
#1959=EDGE_CURVE('',#1576,#1518,#825,.T.);
#1960=EDGE_CURVE('',#1519,#1575,#826,.T.);
#1961=EDGE_CURVE('',#1576,#1577,#827,.T.);
#1962=EDGE_CURVE('',#1482,#1577,#828,.T.);
#1963=EDGE_CURVE('',#1578,#1481,#829,.T.);
#1964=EDGE_CURVE('',#1579,#1578,#830,.T.);
#1965=EDGE_CURVE('',#1579,#1580,#831,.T.);
#1966=EDGE_CURVE('',#1580,#1581,#832,.T.);
#1967=EDGE_CURVE('',#1493,#1581,#833,.T.);
#1968=EDGE_CURVE('',#1582,#1492,#834,.T.);
#1969=EDGE_CURVE('',#1582,#1583,#835,.T.);
#1970=EDGE_CURVE('',#1520,#1583,#836,.T.);
#1971=EDGE_CURVE('',#1577,#1584,#72,.T.);
#1972=EDGE_CURVE('',#1584,#1483,#837,.T.);
#1973=EDGE_CURVE('',#1584,#1585,#1330,.T.);
#1974=EDGE_CURVE('',#1484,#1585,#838,.T.);
#1975=EDGE_CURVE('',#1586,#1582,#73,.T.);
#1976=EDGE_CURVE('',#1491,#1586,#839,.T.);
#1977=EDGE_CURVE('',#1583,#1587,#74,.T.);
#1978=EDGE_CURVE('',#1587,#1521,#840,.T.);
#1979=EDGE_CURVE('',#1587,#1588,#1331,.T.);
#1980=EDGE_CURVE('',#1522,#1588,#841,.T.);
#1981=EDGE_CURVE('',#1589,#1590,#75,.F.);
#1982=EDGE_CURVE('',#1589,#1479,#842,.T.);
#1983=EDGE_CURVE('',#1478,#1590,#843,.T.);
#1984=EDGE_CURVE('',#1589,#1591,#844,.T.);
#1985=EDGE_CURVE('',#1591,#1383,#845,.T.);
#1986=EDGE_CURVE('',#1480,#1382,#846,.T.);
#1987=EDGE_CURVE('',#1592,#1593,#15,.T.);
#1988=EDGE_CURVE('',#1594,#1592,#847,.T.);
#1989=EDGE_CURVE('',#1595,#1594,#16,.T.);
#1990=EDGE_CURVE('',#1596,#1595,#848,.T.);
#1991=EDGE_CURVE('',#1597,#1596,#849,.T.);
#1992=EDGE_CURVE('',#1593,#1597,#850,.T.);
#1993=EDGE_CURVE('',#1581,#1598,#76,.T.);
#1994=EDGE_CURVE('',#1598,#1487,#851,.T.);
#1995=EDGE_CURVE('',#1598,#1599,#1332,.T.);
#1996=EDGE_CURVE('',#1486,#1599,#852,.T.);
#1997=EDGE_CURVE('',#1545,#1600,#77,.T.);
#1998=EDGE_CURVE('',#1600,#1490,#853,.T.);
#1999=EDGE_CURVE('',#1600,#1586,#1333,.T.);
#2000=EDGE_CURVE('',#1588,#1544,#78,.T.);
#2001=EDGE_CURVE('',#1543,#1601,#79,.T.);
#2002=EDGE_CURVE('',#1601,#1525,#854,.T.);
#2003=EDGE_CURVE('',#1601,#1575,#1334,.T.);
#2004=EDGE_CURVE('',#1585,#1542,#80,.T.);
#2005=EDGE_CURVE('',#1379,#1463,#855,.T.);
#2006=EDGE_CURVE('',#1378,#1602,#856,.T.);
#2007=EDGE_CURVE('',#1602,#1572,#857,.T.);
#2008=EDGE_CURVE('',#1603,#1604,#17,.T.);
#2009=EDGE_CURVE('',#1605,#1603,#858,.T.);
#2010=EDGE_CURVE('',#1606,#1605,#859,.T.);
#2011=EDGE_CURVE('',#1607,#1606,#860,.T.);
#2012=EDGE_CURVE('',#1608,#1607,#18,.T.);
#2013=EDGE_CURVE('',#1604,#1608,#861,.T.);
#2014=EDGE_CURVE('',#1379,#1565,#862,.T.);
#2015=EDGE_CURVE('',#1563,#1602,#1335,.T.);
#2016=EDGE_CURVE('',#1564,#1378,#863,.T.);
#2017=EDGE_CURVE('',#1609,#1496,#864,.T.);
#2018=EDGE_CURVE('',#1609,#1571,#1336,.T.);
#2019=EDGE_CURVE('',#1369,#1564,#865,.T.);
#2020=EDGE_CURVE('',#1606,#1610,#866,.T.);
#2021=EDGE_CURVE('',#1611,#1610,#1337,.T.);
#2022=EDGE_CURVE('',#1596,#1611,#867,.T.);
#2023=EDGE_CURVE('',#1607,#1595,#868,.T.);
#2024=EDGE_CURVE('',#1612,#1473,#869,.T.);
#2025=EDGE_CURVE('',#1613,#1612,#870,.T.);
#2026=EDGE_CURVE('',#1614,#1613,#871,.T.);
#2027=EDGE_CURVE('',#1474,#1614,#872,.T.);
#2028=EDGE_CURVE('',#1615,#1616,#873,.T.);
#2029=EDGE_CURVE('',#1617,#1615,#874,.T.);
#2030=EDGE_CURVE('',#1470,#1617,#875,.T.);
#2031=EDGE_CURVE('',#1616,#1469,#876,.T.);
#2032=EDGE_CURVE('',#1618,#1605,#877,.T.);
#2033=EDGE_CURVE('',#1610,#1618,#878,.T.);
#2034=EDGE_CURVE('',#1593,#1603,#879,.T.);
#2035=EDGE_CURVE('',#1597,#1619,#880,.T.);
#2036=EDGE_CURVE('',#1619,#1618,#1338,.T.);
#2037=EDGE_CURVE('',#1620,#1621,#881,.T.);
#2038=EDGE_CURVE('',#1622,#1620,#882,.T.);
#2039=EDGE_CURVE('',#1623,#1622,#883,.T.);
#2040=EDGE_CURVE('',#1624,#1623,#1339,.T.);
#2041=EDGE_CURVE('',#1621,#1624,#884,.T.);
#2042=EDGE_CURVE('',#1625,#1626,#885,.T.);
#2043=EDGE_CURVE('',#1627,#1625,#886,.T.);
#2044=EDGE_CURVE('',#1628,#1627,#887,.T.);
#2045=EDGE_CURVE('',#1629,#1628,#888,.T.);
#2046=EDGE_CURVE('',#1626,#1629,#1340,.T.);
#2047=EDGE_CURVE('',#1578,#1382,#889,.T.);
#2048=EDGE_CURVE('',#1591,#1580,#1341,.T.);
#2049=EDGE_CURVE('',#1383,#1579,#890,.T.);
#2050=EDGE_CURVE('',#1630,#1579,#891,.T.);
#2051=EDGE_CURVE('',#1630,#1384,#892,.T.);
#2052=EDGE_CURVE('',#1631,#1594,#893,.F.);
#2053=EDGE_CURVE('',#1631,#1389,#1342,.T.);
#2054=EDGE_CURVE('',#1632,#1387,#1343,.F.);
#2055=EDGE_CURVE('',#1632,#1608,#894,.T.);
#2056=EDGE_CURVE('',#1633,#1592,#895,.T.);
#2057=EDGE_CURVE('',#1631,#1633,#896,.T.);
#2058=EDGE_CURVE('',#1634,#1477,#897,.T.);
#2059=EDGE_CURVE('',#1634,#1590,#1344,.T.);
#2060=EDGE_CURVE('',#1635,#1604,#898,.F.);
#2061=EDGE_CURVE('',#1635,#1388,#1345,.T.);
#2062=EDGE_CURVE('',#1633,#1390,#1346,.F.);
#2063=EDGE_CURVE('',#1552,#1636,#81,.T.);
#2064=EDGE_CURVE('',#1636,#1514,#899,.T.);
#2065=EDGE_CURVE('',#1636,#1637,#1347,.T.);
#2066=EDGE_CURVE('',#1515,#1637,#900,.T.);
#2067=EDGE_CURVE('',#1554,#1609,#82,.T.);
#2068=EDGE_CURVE('',#1638,#1553,#83,.T.);
#2069=EDGE_CURVE('',#1511,#1638,#901,.T.);
#2070=EDGE_CURVE('',#1639,#1640,#84,.T.);
#2071=EDGE_CURVE('',#1640,#1510,#902,.T.);
#2072=EDGE_CURVE('',#1517,#1639,#903,.T.);
#2073=EDGE_CURVE('',#1640,#1638,#1348,.T.);
#2074=EDGE_CURVE('',#1641,#1642,#85,.T.);
#2075=EDGE_CURVE('',#1642,#1643,#904,.T.);
#2076=EDGE_CURVE('',#1643,#1644,#19,.T.);
#2077=EDGE_CURVE('',#1644,#1641,#905,.T.);
#2078=EDGE_CURVE('',#1643,#1471,#906,.T.);
#2079=EDGE_CURVE('',#1642,#1645,#1349,.T.);
#2080=EDGE_CURVE('',#1646,#1645,#907,.T.);
#2081=EDGE_CURVE('',#1472,#1646,#908,.T.);
#2082=EDGE_CURVE('',#1574,#1647,#86,.T.);
#2083=EDGE_CURVE('',#1647,#1467,#909,.T.);
#2084=EDGE_CURVE('',#1419,#1648,#910,.T.);
#2085=EDGE_CURVE('',#1468,#1648,#911,.T.);
#2086=EDGE_CURVE('',#1647,#1639,#912,.T.);
#2087=EDGE_CURVE('',#1649,#1516,#913,.T.);
#2088=EDGE_CURVE('',#1649,#1420,#914,.T.);
#2089=EDGE_CURVE('',#1637,#1649,#87,.T.);
#2090=EDGE_CURVE('',#1650,#1646,#20,.T.);
#2091=EDGE_CURVE('',#1645,#1651,#88,.T.);
#2092=EDGE_CURVE('',#1651,#1650,#915,.T.);
#2093=EDGE_CURVE('',#1652,#1613,#1350,.T.);
#2094=EDGE_CURVE('',#1612,#1653,#21,.T.);
#2095=EDGE_CURVE('',#1653,#1652,#916,.T.);
#2096=EDGE_CURVE('',#1654,#1622,#22,.T.);
#2097=EDGE_CURVE('',#1620,#1655,#1351,.T.);
#2098=EDGE_CURVE('',#1655,#1654,#917,.T.);
#2099=EDGE_CURVE('',#1656,#1617,#23,.T.);
#2100=EDGE_CURVE('',#1615,#1657,#1352,.T.);
#2101=EDGE_CURVE('',#1657,#1656,#918,.T.);
#2102=EDGE_CURVE('',#1648,#1616,#1353,.T.);
#2103=EDGE_CURVE('',#1658,#1627,#1354,.T.);
#2104=EDGE_CURVE('',#1625,#1659,#24,.T.);
#2105=EDGE_CURVE('',#1659,#1658,#919,.T.);
#2106=EDGE_CURVE('',#1660,#1629,#89,.T.);
#2107=EDGE_CURVE('',#1628,#1661,#1355,.T.);
#2108=EDGE_CURVE('',#1661,#1660,#920,.T.);
#2109=EDGE_CURVE('',#1541,#1503,#921,.T.);
#2110=EDGE_CURVE('',#1502,#1540,#922,.T.);
#2111=EDGE_CURVE('',#1662,#1536,#90,.T.);
#2112=EDGE_CURVE('',#1507,#1662,#923,.T.);
#2113=EDGE_CURVE('',#1537,#1634,#91,.T.);
#2114=EDGE_CURVE('',#1614,#1538,#1356,.T.);
#2115=EDGE_CURVE('',#1663,#1621,#1357,.T.);
#2116=EDGE_CURVE('',#1624,#1664,#92,.T.);
#2117=EDGE_CURVE('',#1664,#1663,#924,.T.);
#2118=EDGE_CURVE('',#1547,#1665,#93,.T.);
#2119=EDGE_CURVE('',#1665,#1506,#925,.T.);
#2120=EDGE_CURVE('',#1665,#1662,#1358,.T.);
#2121=EDGE_CURVE('',#1599,#1546,#94,.T.);
#2122=EDGE_CURVE('',#1666,#1666,#1359,.T.);
#2123=EDGE_CURVE('',#1666,#1394,#926,.T.);
#2124=EDGE_CURVE('',#1667,#1667,#1360,.T.);
#2125=EDGE_CURVE('',#1667,#1393,#927,.T.);
#2126=EDGE_CURVE('',#1668,#1668,#1361,.T.);
#2127=EDGE_CURVE('',#1668,#1392,#928,.T.);
#2128=EDGE_CURVE('',#1669,#1630,#929,.T.);
#2129=EDGE_CURVE('',#1669,#1385,#930,.T.);
#2130=EDGE_CURVE('',#1534,#1669,#1362,.T.);
#2131=EDGE_CURVE('',#1670,#1670,#1363,.T.);
#2132=EDGE_CURVE('',#1670,#1391,#931,.T.);
#2133=EDGE_CURVE('',#1565,#1671,#932,.T.);
#2134=EDGE_CURVE('',#1380,#1671,#933,.T.);
#2135=EDGE_CURVE('',#1672,#1381,#934,.T.);
#2136=EDGE_CURVE('',#1578,#1672,#935,.T.);
#2137=EDGE_CURVE('',#1671,#1672,#936,.T.);
#2138=EDGE_CURVE('',#1632,#1635,#937,.T.);
#2139=EDGE_CURVE('',#1611,#1619,#938,.T.);
#2140=EDGE_CURVE('',#1650,#1653,#939,.T.);
#2141=EDGE_CURVE('',#1654,#1673,#940,.T.);
#2142=EDGE_CURVE('',#1674,#1673,#941,.T.);
#2143=EDGE_CURVE('',#1623,#1674,#942,.T.);
#2144=EDGE_CURVE('',#1415,#1652,#943,.T.);
#2145=EDGE_CURVE('',#1651,#1416,#944,.T.);
#2146=EDGE_CURVE('',#1661,#1675,#945,.T.);
#2147=EDGE_CURVE('',#1676,#1675,#946,.T.);
#2148=EDGE_CURVE('',#1660,#1676,#947,.T.);
#2149=EDGE_CURVE('',#1677,#1676,#1364,.T.);
#2150=EDGE_CURVE('',#1626,#1677,#948,.T.);
#2151=EDGE_CURVE('',#1678,#1674,#1365,.T.);
#2152=EDGE_CURVE('',#1664,#1678,#949,.T.);
#2153=EDGE_CURVE('',#1418,#1657,#950,.T.);
#2154=EDGE_CURVE('',#1658,#1679,#951,.T.);
#2155=EDGE_CURVE('',#1675,#1679,#952,.T.);
#2156=EDGE_CURVE('',#1644,#1656,#953,.T.);
#2157=EDGE_CURVE('',#1417,#1641,#954,.T.);
#2158=EDGE_CURVE('',#1680,#1678,#955,.T.);
#2159=EDGE_CURVE('',#1663,#1680,#956,.T.);
#2160=EDGE_CURVE('',#1655,#1681,#957,.T.);
#2161=EDGE_CURVE('',#1673,#1681,#958,.T.);
#2162=EDGE_CURVE('',#1659,#1682,#959,.T.);
#2163=EDGE_CURVE('',#1679,#1682,#960,.T.);
#2164=EDGE_CURVE('',#1682,#1677,#961,.T.);
#2165=EDGE_CURVE('',#1681,#1680,#962,.T.);
#2166=ORIENTED_EDGE('',*,*,#1683,.T.);
#2167=ORIENTED_EDGE('',*,*,#1684,.T.);
#2168=ORIENTED_EDGE('',*,*,#1685,.T.);
#2169=ORIENTED_EDGE('',*,*,#1684,.F.);
#2170=ORIENTED_EDGE('',*,*,#1686,.F.);
#2171=ORIENTED_EDGE('',*,*,#1687,.F.);
#2172=ORIENTED_EDGE('',*,*,#1688,.F.);
#2173=ORIENTED_EDGE('',*,*,#1689,.F.);
#2174=ORIENTED_EDGE('',*,*,#1690,.F.);
#2175=ORIENTED_EDGE('',*,*,#1683,.F.);
#2176=ORIENTED_EDGE('',*,*,#1685,.F.);
#2177=ORIENTED_EDGE('',*,*,#1691,.T.);
#2178=ORIENTED_EDGE('',*,*,#1692,.T.);
#2179=ORIENTED_EDGE('',*,*,#1691,.F.);
#2180=ORIENTED_EDGE('',*,*,#1690,.T.);
#2181=ORIENTED_EDGE('',*,*,#1693,.T.);
#2182=ORIENTED_EDGE('',*,*,#1694,.T.);
#2183=ORIENTED_EDGE('',*,*,#1693,.F.);
#2184=ORIENTED_EDGE('',*,*,#1694,.F.);
#2185=ORIENTED_EDGE('',*,*,#1695,.T.);
#2186=ORIENTED_EDGE('',*,*,#1696,.T.);
#2187=ORIENTED_EDGE('',*,*,#1695,.F.);
#2188=ORIENTED_EDGE('',*,*,#1697,.T.);
#2189=ORIENTED_EDGE('',*,*,#1698,.T.);
#2190=ORIENTED_EDGE('',*,*,#1699,.T.);
#2191=ORIENTED_EDGE('',*,*,#1698,.F.);
#2192=ORIENTED_EDGE('',*,*,#1687,.T.);
#2193=ORIENTED_EDGE('',*,*,#1700,.T.);
#2194=ORIENTED_EDGE('',*,*,#1701,.T.);
#2195=ORIENTED_EDGE('',*,*,#1702,.T.);
#2196=ORIENTED_EDGE('',*,*,#1703,.F.);
#2197=ORIENTED_EDGE('',*,*,#1704,.F.);
#2198=ORIENTED_EDGE('',*,*,#1705,.F.);
#2199=ORIENTED_EDGE('',*,*,#1706,.F.);
#2200=ORIENTED_EDGE('',*,*,#1707,.T.);
#2201=ORIENTED_EDGE('',*,*,#1708,.T.);
#2202=ORIENTED_EDGE('',*,*,#1709,.T.);
#2203=ORIENTED_EDGE('',*,*,#1710,.F.);
#2204=ORIENTED_EDGE('',*,*,#1711,.F.);
#2205=ORIENTED_EDGE('',*,*,#1712,.T.);
#2206=ORIENTED_EDGE('',*,*,#1713,.F.);
#2207=ORIENTED_EDGE('',*,*,#1714,.T.);
#2208=ORIENTED_EDGE('',*,*,#1715,.T.);
#2209=ORIENTED_EDGE('',*,*,#1716,.T.);
#2210=ORIENTED_EDGE('',*,*,#1717,.T.);
#2211=ORIENTED_EDGE('',*,*,#1697,.F.);
#2212=ORIENTED_EDGE('',*,*,#1718,.F.);
#2213=ORIENTED_EDGE('',*,*,#1719,.T.);
#2214=ORIENTED_EDGE('',*,*,#1699,.F.);
#2215=ORIENTED_EDGE('',*,*,#1719,.F.);
#2216=ORIENTED_EDGE('',*,*,#1720,.T.);
#2217=ORIENTED_EDGE('',*,*,#1721,.T.);
#2218=ORIENTED_EDGE('',*,*,#1722,.T.);
#2219=ORIENTED_EDGE('',*,*,#1721,.F.);
#2220=ORIENTED_EDGE('',*,*,#1723,.F.);
#2221=ORIENTED_EDGE('',*,*,#1724,.F.);
#2222=ORIENTED_EDGE('',*,*,#1725,.F.);
#2223=ORIENTED_EDGE('',*,*,#1726,.F.);
#2224=ORIENTED_EDGE('',*,*,#1727,.F.);
#2225=ORIENTED_EDGE('',*,*,#1728,.T.);
#2226=ORIENTED_EDGE('',*,*,#1729,.T.);
#2227=ORIENTED_EDGE('',*,*,#1730,.T.);
#2228=ORIENTED_EDGE('',*,*,#1720,.F.);
#2229=ORIENTED_EDGE('',*,*,#1722,.F.);
#2230=ORIENTED_EDGE('',*,*,#1731,.T.);
#2231=ORIENTED_EDGE('',*,*,#1732,.F.);
#2232=ORIENTED_EDGE('',*,*,#1731,.F.);
#2233=ORIENTED_EDGE('',*,*,#1727,.T.);
#2234=ORIENTED_EDGE('',*,*,#1733,.T.);
#2235=ORIENTED_EDGE('',*,*,#1734,.T.);
#2236=ORIENTED_EDGE('',*,*,#1733,.F.);
#2237=ORIENTED_EDGE('',*,*,#1734,.F.);
#2238=ORIENTED_EDGE('',*,*,#1735,.T.);
#2239=ORIENTED_EDGE('',*,*,#1736,.F.);
#2240=ORIENTED_EDGE('',*,*,#1735,.F.);
#2241=ORIENTED_EDGE('',*,*,#1737,.T.);
#2242=ORIENTED_EDGE('',*,*,#1738,.T.);
#2243=ORIENTED_EDGE('',*,*,#1739,.T.);
#2244=ORIENTED_EDGE('',*,*,#1738,.F.);
#2245=ORIENTED_EDGE('',*,*,#1724,.T.);
#2246=ORIENTED_EDGE('',*,*,#1740,.F.);
#2247=ORIENTED_EDGE('',*,*,#1741,.F.);
#2248=ORIENTED_EDGE('',*,*,#1742,.F.);
#2249=ORIENTED_EDGE('',*,*,#1743,.F.);
#2250=ORIENTED_EDGE('',*,*,#1744,.F.);
#2251=ORIENTED_EDGE('',*,*,#1745,.F.);
#2252=ORIENTED_EDGE('',*,*,#1746,.F.);
#2253=ORIENTED_EDGE('',*,*,#1747,.F.);
#2254=ORIENTED_EDGE('',*,*,#1748,.F.);
#2255=ORIENTED_EDGE('',*,*,#1749,.F.);
#2256=ORIENTED_EDGE('',*,*,#1750,.F.);
#2257=ORIENTED_EDGE('',*,*,#1751,.F.);
#2258=ORIENTED_EDGE('',*,*,#1752,.F.);
#2259=ORIENTED_EDGE('',*,*,#1753,.T.);
#2260=ORIENTED_EDGE('',*,*,#1754,.F.);
#2261=ORIENTED_EDGE('',*,*,#1755,.F.);
#2262=ORIENTED_EDGE('',*,*,#1756,.T.);
#2263=ORIENTED_EDGE('',*,*,#1757,.T.);
#2264=ORIENTED_EDGE('',*,*,#1758,.T.);
#2265=ORIENTED_EDGE('',*,*,#1737,.F.);
#2266=ORIENTED_EDGE('',*,*,#1739,.F.);
#2267=ORIENTED_EDGE('',*,*,#1759,.T.);
#2268=ORIENTED_EDGE('',*,*,#1760,.F.);
#2269=ORIENTED_EDGE('',*,*,#1759,.F.);
#2270=ORIENTED_EDGE('',*,*,#1755,.T.);
#2271=ORIENTED_EDGE('',*,*,#1761,.T.);
#2272=ORIENTED_EDGE('',*,*,#1762,.T.);
#2273=ORIENTED_EDGE('',*,*,#1761,.F.);
#2274=ORIENTED_EDGE('',*,*,#1762,.F.);
#2275=ORIENTED_EDGE('',*,*,#1763,.T.);
#2276=ORIENTED_EDGE('',*,*,#1764,.F.);
#2277=ORIENTED_EDGE('',*,*,#1763,.F.);
#2278=ORIENTED_EDGE('',*,*,#1696,.F.);
#2279=ORIENTED_EDGE('',*,*,#1692,.F.);
#2280=ORIENTED_EDGE('',*,*,#1765,.T.);
#2281=ORIENTED_EDGE('',*,*,#1766,.T.);
#2282=ORIENTED_EDGE('',*,*,#1767,.T.);
#2283=ORIENTED_EDGE('',*,*,#1766,.F.);
#2284=ORIENTED_EDGE('',*,*,#1768,.T.);
#2285=ORIENTED_EDGE('',*,*,#1769,.F.);
#2286=ORIENTED_EDGE('',*,*,#1753,.F.);
#2287=ORIENTED_EDGE('',*,*,#1770,.F.);
#2288=ORIENTED_EDGE('',*,*,#1771,.F.);
#2289=ORIENTED_EDGE('',*,*,#1772,.F.);
#2290=ORIENTED_EDGE('',*,*,#1773,.T.);
#2291=ORIENTED_EDGE('',*,*,#1774,.T.);
#2292=ORIENTED_EDGE('',*,*,#1775,.T.);
#2293=ORIENTED_EDGE('',*,*,#1767,.F.);
#2294=ORIENTED_EDGE('',*,*,#1776,.F.);
#2295=ORIENTED_EDGE('',*,*,#1777,.T.);
#2296=ORIENTED_EDGE('',*,*,#1768,.F.);
#2297=ORIENTED_EDGE('',*,*,#1765,.F.);
#2298=ORIENTED_EDGE('',*,*,#1777,.F.);
#2299=ORIENTED_EDGE('',*,*,#1778,.T.);
#2300=ORIENTED_EDGE('',*,*,#1779,.T.);
#2301=ORIENTED_EDGE('',*,*,#1772,.T.);
#2302=ORIENTED_EDGE('',*,*,#1779,.F.);
#2303=ORIENTED_EDGE('',*,*,#1780,.T.);
#2304=ORIENTED_EDGE('',*,*,#1781,.F.);
#2305=ORIENTED_EDGE('',*,*,#1782,.T.);
#2306=ORIENTED_EDGE('',*,*,#1780,.F.);
#2307=ORIENTED_EDGE('',*,*,#1778,.F.);
#2308=ORIENTED_EDGE('',*,*,#1782,.F.);
#2309=ORIENTED_EDGE('',*,*,#1773,.F.);
#2310=ORIENTED_EDGE('',*,*,#1783,.T.);
#2311=ORIENTED_EDGE('',*,*,#1784,.F.);
#2312=ORIENTED_EDGE('',*,*,#1783,.F.);
#2313=ORIENTED_EDGE('',*,*,#1774,.F.);
#2314=ORIENTED_EDGE('',*,*,#1785,.T.);
#2315=ORIENTED_EDGE('',*,*,#1786,.F.);
#2316=ORIENTED_EDGE('',*,*,#1785,.F.);
#2317=ORIENTED_EDGE('',*,*,#1775,.F.);
#2318=ORIENTED_EDGE('',*,*,#1787,.T.);
#2319=ORIENTED_EDGE('',*,*,#1788,.F.);
#2320=ORIENTED_EDGE('',*,*,#1787,.F.);
#2321=ORIENTED_EDGE('',*,*,#1776,.T.);
#2322=ORIENTED_EDGE('',*,*,#1781,.T.);
#2323=ORIENTED_EDGE('',*,*,#1730,.F.);
#2324=ORIENTED_EDGE('',*,*,#1789,.T.);
#2325=ORIENTED_EDGE('',*,*,#1790,.F.);
#2326=ORIENTED_EDGE('',*,*,#1789,.F.);
#2327=ORIENTED_EDGE('',*,*,#1729,.F.);
#2328=ORIENTED_EDGE('',*,*,#1791,.T.);
#2329=ORIENTED_EDGE('',*,*,#1792,.F.);
#2330=ORIENTED_EDGE('',*,*,#1791,.F.);
#2331=ORIENTED_EDGE('',*,*,#1728,.F.);
#2332=ORIENTED_EDGE('',*,*,#1793,.T.);
#2333=ORIENTED_EDGE('',*,*,#1794,.F.);
#2334=ORIENTED_EDGE('',*,*,#1793,.F.);
#2335=ORIENTED_EDGE('',*,*,#1758,.F.);
#2336=ORIENTED_EDGE('',*,*,#1795,.T.);
#2337=ORIENTED_EDGE('',*,*,#1796,.F.);
#2338=ORIENTED_EDGE('',*,*,#1795,.F.);
#2339=ORIENTED_EDGE('',*,*,#1757,.F.);
#2340=ORIENTED_EDGE('',*,*,#1797,.T.);
#2341=ORIENTED_EDGE('',*,*,#1798,.F.);
#2342=ORIENTED_EDGE('',*,*,#1797,.F.);
#2343=ORIENTED_EDGE('',*,*,#1756,.F.);
#2344=ORIENTED_EDGE('',*,*,#1799,.T.);
#2345=ORIENTED_EDGE('',*,*,#1800,.F.);
#2346=ORIENTED_EDGE('',*,*,#1799,.F.);
#2347=ORIENTED_EDGE('',*,*,#1726,.T.);
#2348=ORIENTED_EDGE('',*,*,#1801,.T.);
#2349=ORIENTED_EDGE('',*,*,#1802,.T.);
#2350=ORIENTED_EDGE('',*,*,#1803,.T.);
#2351=ORIENTED_EDGE('',*,*,#1771,.T.);
#2352=ORIENTED_EDGE('',*,*,#1804,.T.);
#2353=ORIENTED_EDGE('',*,*,#1805,.T.);
#2354=ORIENTED_EDGE('',*,*,#1806,.T.);
#2355=ORIENTED_EDGE('',*,*,#1725,.T.);
#2356=ORIENTED_EDGE('',*,*,#1754,.T.);
#2357=ORIENTED_EDGE('',*,*,#1769,.T.);
#2358=ORIENTED_EDGE('',*,*,#1806,.F.);
#2359=ORIENTED_EDGE('',*,*,#1807,.F.);
#2360=ORIENTED_EDGE('',*,*,#1808,.F.);
#2361=ORIENTED_EDGE('',*,*,#1809,.T.);
#2362=ORIENTED_EDGE('',*,*,#1810,.F.);
#2363=ORIENTED_EDGE('',*,*,#1811,.T.);
#2364=ORIENTED_EDGE('',*,*,#1812,.F.);
#2365=ORIENTED_EDGE('',*,*,#1813,.F.);
#2366=ORIENTED_EDGE('',*,*,#1814,.F.);
#2367=ORIENTED_EDGE('',*,*,#1815,.F.);
#2368=ORIENTED_EDGE('',*,*,#1816,.F.);
#2369=ORIENTED_EDGE('',*,*,#1817,.T.);
#2370=ORIENTED_EDGE('',*,*,#1818,.F.);
#2371=ORIENTED_EDGE('',*,*,#1819,.T.);
#2372=ORIENTED_EDGE('',*,*,#1820,.F.);
#2373=ORIENTED_EDGE('',*,*,#1821,.F.);
#2374=ORIENTED_EDGE('',*,*,#1822,.T.);
#2375=ORIENTED_EDGE('',*,*,#1823,.T.);
#2376=ORIENTED_EDGE('',*,*,#1824,.F.);
#2377=ORIENTED_EDGE('',*,*,#1825,.F.);
#2378=ORIENTED_EDGE('',*,*,#1826,.F.);
#2379=ORIENTED_EDGE('',*,*,#1827,.F.);
#2380=ORIENTED_EDGE('',*,*,#1828,.F.);
#2381=ORIENTED_EDGE('',*,*,#1829,.T.);
#2382=ORIENTED_EDGE('',*,*,#1830,.F.);
#2383=ORIENTED_EDGE('',*,*,#1831,.F.);
#2384=ORIENTED_EDGE('',*,*,#1832,.F.);
#2385=ORIENTED_EDGE('',*,*,#1833,.T.);
#2386=ORIENTED_EDGE('',*,*,#1834,.F.);
#2387=ORIENTED_EDGE('',*,*,#1835,.T.);
#2388=ORIENTED_EDGE('',*,*,#1801,.F.);
#2389=ORIENTED_EDGE('',*,*,#1836,.F.);
#2390=ORIENTED_EDGE('',*,*,#1837,.F.);
#2391=ORIENTED_EDGE('',*,*,#1838,.T.);
#2392=ORIENTED_EDGE('',*,*,#1839,.F.);
#2393=ORIENTED_EDGE('',*,*,#1840,.F.);
#2394=ORIENTED_EDGE('',*,*,#1841,.F.);
#2395=ORIENTED_EDGE('',*,*,#1842,.F.);
#2396=ORIENTED_EDGE('',*,*,#1843,.F.);
#2397=ORIENTED_EDGE('',*,*,#1844,.F.);
#2398=ORIENTED_EDGE('',*,*,#1845,.F.);
#2399=ORIENTED_EDGE('',*,*,#1846,.F.);
#2400=ORIENTED_EDGE('',*,*,#1847,.F.);
#2401=ORIENTED_EDGE('',*,*,#1848,.T.);
#2402=ORIENTED_EDGE('',*,*,#1849,.F.);
#2403=ORIENTED_EDGE('',*,*,#1850,.F.);
#2404=ORIENTED_EDGE('',*,*,#1851,.F.);
#2405=ORIENTED_EDGE('',*,*,#1852,.F.);
#2406=ORIENTED_EDGE('',*,*,#1853,.F.);
#2407=ORIENTED_EDGE('',*,*,#1854,.T.);
#2408=ORIENTED_EDGE('',*,*,#1855,.F.);
#2409=ORIENTED_EDGE('',*,*,#1856,.T.);
#2410=ORIENTED_EDGE('',*,*,#1857,.F.);
#2411=ORIENTED_EDGE('',*,*,#1858,.F.);
#2412=ORIENTED_EDGE('',*,*,#1859,.F.);
#2413=ORIENTED_EDGE('',*,*,#1860,.T.);
#2414=ORIENTED_EDGE('',*,*,#1861,.F.);
#2415=ORIENTED_EDGE('',*,*,#1862,.F.);
#2416=ORIENTED_EDGE('',*,*,#1863,.F.);
#2417=ORIENTED_EDGE('',*,*,#1864,.F.);
#2418=ORIENTED_EDGE('',*,*,#1865,.F.);
#2419=ORIENTED_EDGE('',*,*,#1866,.T.);
#2420=ORIENTED_EDGE('',*,*,#1867,.F.);
#2421=ORIENTED_EDGE('',*,*,#1868,.F.);
#2422=ORIENTED_EDGE('',*,*,#1869,.F.);
#2423=ORIENTED_EDGE('',*,*,#1870,.F.);
#2424=ORIENTED_EDGE('',*,*,#1871,.T.);
#2425=ORIENTED_EDGE('',*,*,#1872,.F.);
#2426=ORIENTED_EDGE('',*,*,#1873,.T.);
#2427=ORIENTED_EDGE('',*,*,#1874,.F.);
#2428=ORIENTED_EDGE('',*,*,#1875,.F.);
#2429=ORIENTED_EDGE('',*,*,#1876,.F.);
#2430=ORIENTED_EDGE('',*,*,#1877,.F.);
#2431=ORIENTED_EDGE('',*,*,#1878,.F.);
#2432=ORIENTED_EDGE('',*,*,#1879,.T.);
#2433=ORIENTED_EDGE('',*,*,#1880,.F.);
#2434=ORIENTED_EDGE('',*,*,#1881,.T.);
#2435=ORIENTED_EDGE('',*,*,#1882,.F.);
#2436=ORIENTED_EDGE('',*,*,#1883,.F.);
#2437=ORIENTED_EDGE('',*,*,#1770,.T.);
#2438=ORIENTED_EDGE('',*,*,#1752,.T.);
#2439=ORIENTED_EDGE('',*,*,#1884,.T.);
#2440=ORIENTED_EDGE('',*,*,#1804,.F.);
#2441=ORIENTED_EDGE('',*,*,#1688,.T.);
#2442=ORIENTED_EDGE('',*,*,#1709,.F.);
#2443=ORIENTED_EDGE('',*,*,#1885,.F.);
#2444=ORIENTED_EDGE('',*,*,#1886,.F.);
#2445=ORIENTED_EDGE('',*,*,#1743,.T.);
#2446=ORIENTED_EDGE('',*,*,#1887,.T.);
#2447=ORIENTED_EDGE('',*,*,#1888,.F.);
#2448=ORIENTED_EDGE('',*,*,#1858,.T.);
#2449=ORIENTED_EDGE('',*,*,#1889,.F.);
#2450=ORIENTED_EDGE('',*,*,#1890,.T.);
#2451=ORIENTED_EDGE('',*,*,#1891,.F.);
#2452=ORIENTED_EDGE('',*,*,#1825,.T.);
#2453=ORIENTED_EDGE('',*,*,#1892,.F.);
#2454=ORIENTED_EDGE('',*,*,#1893,.F.);
#2455=ORIENTED_EDGE('',*,*,#1742,.T.);
#2456=ORIENTED_EDGE('',*,*,#1894,.F.);
#2457=ORIENTED_EDGE('',*,*,#1895,.F.);
#2458=ORIENTED_EDGE('',*,*,#1896,.F.);
#2459=ORIENTED_EDGE('',*,*,#1897,.F.);
#2460=ORIENTED_EDGE('',*,*,#1887,.F.);
#2461=ORIENTED_EDGE('',*,*,#1741,.T.);
#2462=ORIENTED_EDGE('',*,*,#1898,.T.);
#2463=ORIENTED_EDGE('',*,*,#1802,.F.);
#2464=ORIENTED_EDGE('',*,*,#1835,.F.);
#2465=ORIENTED_EDGE('',*,*,#1899,.F.);
#2466=ORIENTED_EDGE('',*,*,#1900,.T.);
#2467=ORIENTED_EDGE('',*,*,#1901,.F.);
#2468=ORIENTED_EDGE('',*,*,#1873,.F.);
#2469=ORIENTED_EDGE('',*,*,#1902,.F.);
#2470=ORIENTED_EDGE('',*,*,#1903,.T.);
#2471=ORIENTED_EDGE('',*,*,#1904,.F.);
#2472=ORIENTED_EDGE('',*,*,#1838,.F.);
#2473=ORIENTED_EDGE('',*,*,#1905,.F.);
#2474=ORIENTED_EDGE('',*,*,#1906,.T.);
#2475=ORIENTED_EDGE('',*,*,#1907,.F.);
#2476=ORIENTED_EDGE('',*,*,#1854,.F.);
#2477=ORIENTED_EDGE('',*,*,#1908,.F.);
#2478=ORIENTED_EDGE('',*,*,#1894,.T.);
#2479=ORIENTED_EDGE('',*,*,#1736,.T.);
#2480=ORIENTED_EDGE('',*,*,#1732,.T.);
#2481=ORIENTED_EDGE('',*,*,#1794,.T.);
#2482=ORIENTED_EDGE('',*,*,#1792,.T.);
#2483=ORIENTED_EDGE('',*,*,#1790,.T.);
#2484=ORIENTED_EDGE('',*,*,#1723,.T.);
#2485=ORIENTED_EDGE('',*,*,#1803,.F.);
#2486=ORIENTED_EDGE('',*,*,#1898,.F.);
#2487=ORIENTED_EDGE('',*,*,#1740,.T.);
#2488=ORIENTED_EDGE('',*,*,#1909,.T.);
#2489=ORIENTED_EDGE('',*,*,#1910,.T.);
#2490=ORIENTED_EDGE('',*,*,#1882,.T.);
#2491=ORIENTED_EDGE('',*,*,#1911,.T.);
#2492=ORIENTED_EDGE('',*,*,#1910,.F.);
#2493=ORIENTED_EDGE('',*,*,#1912,.T.);
#2494=ORIENTED_EDGE('',*,*,#1913,.F.);
#2495=ORIENTED_EDGE('',*,*,#1883,.T.);
#2496=ORIENTED_EDGE('',*,*,#1914,.T.);
#2497=ORIENTED_EDGE('',*,*,#1915,.T.);
#2498=ORIENTED_EDGE('',*,*,#1876,.T.);
#2499=ORIENTED_EDGE('',*,*,#1913,.T.);
#2500=ORIENTED_EDGE('',*,*,#1751,.T.);
#2501=ORIENTED_EDGE('',*,*,#1916,.T.);
#2502=ORIENTED_EDGE('',*,*,#1917,.F.);
#2503=ORIENTED_EDGE('',*,*,#1862,.T.);
#2504=ORIENTED_EDGE('',*,*,#1918,.F.);
#2505=ORIENTED_EDGE('',*,*,#1919,.T.);
#2506=ORIENTED_EDGE('',*,*,#1920,.F.);
#2507=ORIENTED_EDGE('',*,*,#1844,.T.);
#2508=ORIENTED_EDGE('',*,*,#1921,.F.);
#2509=ORIENTED_EDGE('',*,*,#1922,.T.);
#2510=ORIENTED_EDGE('',*,*,#1923,.F.);
#2511=ORIENTED_EDGE('',*,*,#1877,.T.);
#2512=ORIENTED_EDGE('',*,*,#1915,.F.);
#2513=ORIENTED_EDGE('',*,*,#1924,.T.);
#2514=ORIENTED_EDGE('',*,*,#1925,.F.);
#2515=ORIENTED_EDGE('',*,*,#1807,.T.);
#2516=ORIENTED_EDGE('',*,*,#1805,.F.);
#2517=ORIENTED_EDGE('',*,*,#1884,.F.);
#2518=ORIENTED_EDGE('',*,*,#1784,.T.);
#2519=ORIENTED_EDGE('',*,*,#1786,.T.);
#2520=ORIENTED_EDGE('',*,*,#1788,.T.);
#2521=ORIENTED_EDGE('',*,*,#1926,.T.);
#2522=ORIENTED_EDGE('',*,*,#1927,.T.);
#2523=ORIENTED_EDGE('',*,*,#1810,.T.);
#2524=ORIENTED_EDGE('',*,*,#1928,.T.);
#2525=ORIENTED_EDGE('',*,*,#1911,.F.);
#2526=ORIENTED_EDGE('',*,*,#1881,.F.);
#2527=ORIENTED_EDGE('',*,*,#1929,.F.);
#2528=ORIENTED_EDGE('',*,*,#1930,.T.);
#2529=ORIENTED_EDGE('',*,*,#1931,.F.);
#2530=ORIENTED_EDGE('',*,*,#1848,.F.);
#2531=ORIENTED_EDGE('',*,*,#1932,.F.);
#2532=ORIENTED_EDGE('',*,*,#1933,.T.);
#2533=ORIENTED_EDGE('',*,*,#1934,.F.);
#2534=ORIENTED_EDGE('',*,*,#1935,.T.);
#2535=ORIENTED_EDGE('',*,*,#1936,.F.);
#2536=ORIENTED_EDGE('',*,*,#1811,.F.);
#2537=ORIENTED_EDGE('',*,*,#1927,.F.);
#2538=ORIENTED_EDGE('',*,*,#1937,.T.);
#2539=ORIENTED_EDGE('',*,*,#1938,.T.);
#2540=ORIENTED_EDGE('',*,*,#1939,.T.);
#2541=ORIENTED_EDGE('',*,*,#1808,.T.);
#2542=ORIENTED_EDGE('',*,*,#1925,.T.);
#2543=ORIENTED_EDGE('',*,*,#1928,.F.);
#2544=ORIENTED_EDGE('',*,*,#1809,.F.);
#2545=ORIENTED_EDGE('',*,*,#1939,.F.);
#2546=ORIENTED_EDGE('',*,*,#1940,.T.);
#2547=ORIENTED_EDGE('',*,*,#1941,.T.);
#2548=ORIENTED_EDGE('',*,*,#1921,.T.);
#2549=ORIENTED_EDGE('',*,*,#1851,.T.);
#2550=ORIENTED_EDGE('',*,*,#1942,.T.);
#2551=ORIENTED_EDGE('',*,*,#1943,.T.);
#2552=ORIENTED_EDGE('',*,*,#1944,.T.);
#2553=ORIENTED_EDGE('',*,*,#1878,.T.);
#2554=ORIENTED_EDGE('',*,*,#1923,.T.);
#2555=ORIENTED_EDGE('',*,*,#1944,.F.);
#2556=ORIENTED_EDGE('',*,*,#1945,.T.);
#2557=ORIENTED_EDGE('',*,*,#1946,.F.);
#2558=ORIENTED_EDGE('',*,*,#1879,.F.);
#2559=ORIENTED_EDGE('',*,*,#1947,.T.);
#2560=ORIENTED_EDGE('',*,*,#1948,.T.);
#2561=ORIENTED_EDGE('',*,*,#1849,.T.);
#2562=ORIENTED_EDGE('',*,*,#1931,.T.);
#2563=ORIENTED_EDGE('',*,*,#1942,.F.);
#2564=ORIENTED_EDGE('',*,*,#1850,.T.);
#2565=ORIENTED_EDGE('',*,*,#1948,.F.);
#2566=ORIENTED_EDGE('',*,*,#1949,.T.);
#2567=ORIENTED_EDGE('',*,*,#1950,.T.);
#2568=ORIENTED_EDGE('',*,*,#1929,.T.);
#2569=ORIENTED_EDGE('',*,*,#1880,.T.);
#2570=ORIENTED_EDGE('',*,*,#1946,.T.);
#2571=ORIENTED_EDGE('',*,*,#1951,.F.);
#2572=ORIENTED_EDGE('',*,*,#1932,.T.);
#2573=ORIENTED_EDGE('',*,*,#1847,.T.);
#2574=ORIENTED_EDGE('',*,*,#1952,.T.);
#2575=ORIENTED_EDGE('',*,*,#1953,.T.);
#2576=ORIENTED_EDGE('',*,*,#1954,.T.);
#2577=ORIENTED_EDGE('',*,*,#1814,.T.);
#2578=ORIENTED_EDGE('',*,*,#1955,.T.);
#2579=ORIENTED_EDGE('',*,*,#1954,.F.);
#2580=ORIENTED_EDGE('',*,*,#1956,.T.);
#2581=ORIENTED_EDGE('',*,*,#1957,.F.);
#2582=ORIENTED_EDGE('',*,*,#1815,.T.);
#2583=ORIENTED_EDGE('',*,*,#1958,.T.);
#2584=ORIENTED_EDGE('',*,*,#1959,.T.);
#2585=ORIENTED_EDGE('',*,*,#1868,.T.);
#2586=ORIENTED_EDGE('',*,*,#1960,.T.);
#2587=ORIENTED_EDGE('',*,*,#1959,.F.);
#2588=ORIENTED_EDGE('',*,*,#1961,.T.);
#2589=ORIENTED_EDGE('',*,*,#1962,.F.);
#2590=ORIENTED_EDGE('',*,*,#1831,.T.);
#2591=ORIENTED_EDGE('',*,*,#1963,.F.);
#2592=ORIENTED_EDGE('',*,*,#1964,.F.);
#2593=ORIENTED_EDGE('',*,*,#1965,.T.);
#2594=ORIENTED_EDGE('',*,*,#1966,.T.);
#2595=ORIENTED_EDGE('',*,*,#1967,.F.);
#2596=ORIENTED_EDGE('',*,*,#1842,.T.);
#2597=ORIENTED_EDGE('',*,*,#1968,.F.);
#2598=ORIENTED_EDGE('',*,*,#1969,.T.);
#2599=ORIENTED_EDGE('',*,*,#1970,.F.);
#2600=ORIENTED_EDGE('',*,*,#1869,.T.);
#2601=ORIENTED_EDGE('',*,*,#1971,.T.);
#2602=ORIENTED_EDGE('',*,*,#1972,.T.);
#2603=ORIENTED_EDGE('',*,*,#1832,.T.);
#2604=ORIENTED_EDGE('',*,*,#1962,.T.);
#2605=ORIENTED_EDGE('',*,*,#1972,.F.);
#2606=ORIENTED_EDGE('',*,*,#1973,.T.);
#2607=ORIENTED_EDGE('',*,*,#1974,.F.);
#2608=ORIENTED_EDGE('',*,*,#1833,.F.);
#2609=ORIENTED_EDGE('',*,*,#1975,.T.);
#2610=ORIENTED_EDGE('',*,*,#1968,.T.);
#2611=ORIENTED_EDGE('',*,*,#1841,.T.);
#2612=ORIENTED_EDGE('',*,*,#1976,.T.);
#2613=ORIENTED_EDGE('',*,*,#1977,.T.);
#2614=ORIENTED_EDGE('',*,*,#1978,.T.);
#2615=ORIENTED_EDGE('',*,*,#1870,.T.);
#2616=ORIENTED_EDGE('',*,*,#1970,.T.);
#2617=ORIENTED_EDGE('',*,*,#1978,.F.);
#2618=ORIENTED_EDGE('',*,*,#1979,.T.);
#2619=ORIENTED_EDGE('',*,*,#1980,.F.);
#2620=ORIENTED_EDGE('',*,*,#1871,.F.);
#2621=ORIENTED_EDGE('',*,*,#1981,.F.);
#2622=ORIENTED_EDGE('',*,*,#1982,.T.);
#2623=ORIENTED_EDGE('',*,*,#1828,.T.);
#2624=ORIENTED_EDGE('',*,*,#1983,.T.);
#2625=ORIENTED_EDGE('',*,*,#1982,.F.);
#2626=ORIENTED_EDGE('',*,*,#1984,.T.);
#2627=ORIENTED_EDGE('',*,*,#1985,.T.);
#2628=ORIENTED_EDGE('',*,*,#1705,.T.);
#2629=ORIENTED_EDGE('',*,*,#1986,.F.);
#2630=ORIENTED_EDGE('',*,*,#1829,.F.);
#2631=ORIENTED_EDGE('',*,*,#1987,.F.);
#2632=ORIENTED_EDGE('',*,*,#1988,.F.);
#2633=ORIENTED_EDGE('',*,*,#1989,.F.);
#2634=ORIENTED_EDGE('',*,*,#1990,.F.);
#2635=ORIENTED_EDGE('',*,*,#1991,.F.);
#2636=ORIENTED_EDGE('',*,*,#1992,.F.);
#2637=ORIENTED_EDGE('',*,*,#1993,.T.);
#2638=ORIENTED_EDGE('',*,*,#1994,.T.);
#2639=ORIENTED_EDGE('',*,*,#1843,.T.);
#2640=ORIENTED_EDGE('',*,*,#1967,.T.);
#2641=ORIENTED_EDGE('',*,*,#1994,.F.);
#2642=ORIENTED_EDGE('',*,*,#1995,.T.);
#2643=ORIENTED_EDGE('',*,*,#1996,.F.);
#2644=ORIENTED_EDGE('',*,*,#1836,.T.);
#2645=ORIENTED_EDGE('',*,*,#1997,.T.);
#2646=ORIENTED_EDGE('',*,*,#1998,.T.);
#2647=ORIENTED_EDGE('',*,*,#1839,.T.);
#2648=ORIENTED_EDGE('',*,*,#1904,.T.);
#2649=ORIENTED_EDGE('',*,*,#1976,.F.);
#2650=ORIENTED_EDGE('',*,*,#1840,.T.);
#2651=ORIENTED_EDGE('',*,*,#1998,.F.);
#2652=ORIENTED_EDGE('',*,*,#1999,.T.);
#2653=ORIENTED_EDGE('',*,*,#2000,.T.);
#2654=ORIENTED_EDGE('',*,*,#1902,.T.);
#2655=ORIENTED_EDGE('',*,*,#1872,.T.);
#2656=ORIENTED_EDGE('',*,*,#1980,.T.);
#2657=ORIENTED_EDGE('',*,*,#2001,.T.);
#2658=ORIENTED_EDGE('',*,*,#2002,.T.);
#2659=ORIENTED_EDGE('',*,*,#1874,.T.);
#2660=ORIENTED_EDGE('',*,*,#1901,.T.);
#2661=ORIENTED_EDGE('',*,*,#1960,.F.);
#2662=ORIENTED_EDGE('',*,*,#1875,.T.);
#2663=ORIENTED_EDGE('',*,*,#2002,.F.);
#2664=ORIENTED_EDGE('',*,*,#2003,.T.);
#2665=ORIENTED_EDGE('',*,*,#2004,.T.);
#2666=ORIENTED_EDGE('',*,*,#1899,.T.);
#2667=ORIENTED_EDGE('',*,*,#1834,.T.);
#2668=ORIENTED_EDGE('',*,*,#1974,.T.);
#2669=ORIENTED_EDGE('',*,*,#1937,.F.);
#2670=ORIENTED_EDGE('',*,*,#1926,.F.);
#2671=ORIENTED_EDGE('',*,*,#1940,.F.);
#2672=ORIENTED_EDGE('',*,*,#1938,.F.);
#2673=ORIENTED_EDGE('',*,*,#1924,.F.);
#2674=ORIENTED_EDGE('',*,*,#1914,.F.);
#2675=ORIENTED_EDGE('',*,*,#1912,.F.);
#2676=ORIENTED_EDGE('',*,*,#1909,.F.);
#2677=ORIENTED_EDGE('',*,*,#1900,.F.);
#2678=ORIENTED_EDGE('',*,*,#2004,.F.);
#2679=ORIENTED_EDGE('',*,*,#1973,.F.);
#2680=ORIENTED_EDGE('',*,*,#1971,.F.);
#2681=ORIENTED_EDGE('',*,*,#1961,.F.);
#2682=ORIENTED_EDGE('',*,*,#1958,.F.);
#2683=ORIENTED_EDGE('',*,*,#2003,.F.);
#2684=ORIENTED_EDGE('',*,*,#2001,.F.);
#2685=ORIENTED_EDGE('',*,*,#1969,.F.);
#2686=ORIENTED_EDGE('',*,*,#1975,.F.);
#2687=ORIENTED_EDGE('',*,*,#1999,.F.);
#2688=ORIENTED_EDGE('',*,*,#1997,.F.);
#2689=ORIENTED_EDGE('',*,*,#1903,.F.);
#2690=ORIENTED_EDGE('',*,*,#2000,.F.);
#2691=ORIENTED_EDGE('',*,*,#1979,.F.);
#2692=ORIENTED_EDGE('',*,*,#1977,.F.);
#2693=ORIENTED_EDGE('',*,*,#1930,.F.);
#2694=ORIENTED_EDGE('',*,*,#1950,.F.);
#2695=ORIENTED_EDGE('',*,*,#1945,.F.);
#2696=ORIENTED_EDGE('',*,*,#1943,.F.);
#2697=ORIENTED_EDGE('',*,*,#1922,.F.);
#2698=ORIENTED_EDGE('',*,*,#1941,.F.);
#2699=ORIENTED_EDGE('',*,*,#1949,.F.);
#2700=ORIENTED_EDGE('',*,*,#1947,.F.);
#2701=ORIENTED_EDGE('',*,*,#1955,.F.);
#2702=ORIENTED_EDGE('',*,*,#1813,.T.);
#2703=ORIENTED_EDGE('',*,*,#2005,.F.);
#2704=ORIENTED_EDGE('',*,*,#1701,.F.);
#2705=ORIENTED_EDGE('',*,*,#2006,.T.);
#2706=ORIENTED_EDGE('',*,*,#2007,.T.);
#2707=ORIENTED_EDGE('',*,*,#2008,.F.);
#2708=ORIENTED_EDGE('',*,*,#2009,.F.);
#2709=ORIENTED_EDGE('',*,*,#2010,.F.);
#2710=ORIENTED_EDGE('',*,*,#2011,.F.);
#2711=ORIENTED_EDGE('',*,*,#2012,.F.);
#2712=ORIENTED_EDGE('',*,*,#2013,.F.);
#2713=ORIENTED_EDGE('',*,*,#2014,.F.);
#2714=ORIENTED_EDGE('',*,*,#2005,.T.);
#2715=ORIENTED_EDGE('',*,*,#1812,.T.);
#2716=ORIENTED_EDGE('',*,*,#1936,.T.);
#2717=ORIENTED_EDGE('',*,*,#2015,.T.);
#2718=ORIENTED_EDGE('',*,*,#2006,.F.);
#2719=ORIENTED_EDGE('',*,*,#2016,.F.);
#2720=ORIENTED_EDGE('',*,*,#1934,.T.);
#2721=ORIENTED_EDGE('',*,*,#1952,.F.);
#2722=ORIENTED_EDGE('',*,*,#1846,.T.);
#2723=ORIENTED_EDGE('',*,*,#2017,.F.);
#2724=ORIENTED_EDGE('',*,*,#2018,.T.);
#2725=ORIENTED_EDGE('',*,*,#1686,.T.);
#2726=ORIENTED_EDGE('',*,*,#2019,.T.);
#2727=ORIENTED_EDGE('',*,*,#2016,.T.);
#2728=ORIENTED_EDGE('',*,*,#1700,.F.);
#2729=ORIENTED_EDGE('',*,*,#2011,.T.);
#2730=ORIENTED_EDGE('',*,*,#2020,.T.);
#2731=ORIENTED_EDGE('',*,*,#2021,.F.);
#2732=ORIENTED_EDGE('',*,*,#2022,.F.);
#2733=ORIENTED_EDGE('',*,*,#1990,.T.);
#2734=ORIENTED_EDGE('',*,*,#2023,.F.);
#2735=ORIENTED_EDGE('',*,*,#2024,.F.);
#2736=ORIENTED_EDGE('',*,*,#2025,.F.);
#2737=ORIENTED_EDGE('',*,*,#2026,.F.);
#2738=ORIENTED_EDGE('',*,*,#2027,.F.);
#2739=ORIENTED_EDGE('',*,*,#1823,.F.);
#2740=ORIENTED_EDGE('',*,*,#2028,.F.);
#2741=ORIENTED_EDGE('',*,*,#2029,.F.);
#2742=ORIENTED_EDGE('',*,*,#2030,.F.);
#2743=ORIENTED_EDGE('',*,*,#1819,.F.);
#2744=ORIENTED_EDGE('',*,*,#2031,.F.);
#2745=ORIENTED_EDGE('',*,*,#2010,.T.);
#2746=ORIENTED_EDGE('',*,*,#2032,.F.);
#2747=ORIENTED_EDGE('',*,*,#2033,.F.);
#2748=ORIENTED_EDGE('',*,*,#2020,.F.);
#2749=ORIENTED_EDGE('',*,*,#2009,.T.);
#2750=ORIENTED_EDGE('',*,*,#2034,.F.);
#2751=ORIENTED_EDGE('',*,*,#1992,.T.);
#2752=ORIENTED_EDGE('',*,*,#2035,.T.);
#2753=ORIENTED_EDGE('',*,*,#2036,.T.);
#2754=ORIENTED_EDGE('',*,*,#2032,.T.);
#2755=ORIENTED_EDGE('',*,*,#2037,.F.);
#2756=ORIENTED_EDGE('',*,*,#2038,.F.);
#2757=ORIENTED_EDGE('',*,*,#2039,.F.);
#2758=ORIENTED_EDGE('',*,*,#2040,.F.);
#2759=ORIENTED_EDGE('',*,*,#2041,.F.);
#2760=ORIENTED_EDGE('',*,*,#2042,.F.);
#2761=ORIENTED_EDGE('',*,*,#2043,.F.);
#2762=ORIENTED_EDGE('',*,*,#2044,.F.);
#2763=ORIENTED_EDGE('',*,*,#2045,.F.);
#2764=ORIENTED_EDGE('',*,*,#2046,.F.);
#2765=ORIENTED_EDGE('',*,*,#1963,.T.);
#2766=ORIENTED_EDGE('',*,*,#1830,.T.);
#2767=ORIENTED_EDGE('',*,*,#1986,.T.);
#2768=ORIENTED_EDGE('',*,*,#2047,.F.);
#2769=ORIENTED_EDGE('',*,*,#2048,.T.);
#2770=ORIENTED_EDGE('',*,*,#1965,.F.);
#2771=ORIENTED_EDGE('',*,*,#2049,.F.);
#2772=ORIENTED_EDGE('',*,*,#1985,.F.);
#2773=ORIENTED_EDGE('',*,*,#2049,.T.);
#2774=ORIENTED_EDGE('',*,*,#2050,.F.);
#2775=ORIENTED_EDGE('',*,*,#2051,.T.);
#2776=ORIENTED_EDGE('',*,*,#1706,.T.);
#2777=ORIENTED_EDGE('',*,*,#2012,.T.);
#2778=ORIENTED_EDGE('',*,*,#2023,.T.);
#2779=ORIENTED_EDGE('',*,*,#1989,.T.);
#2780=ORIENTED_EDGE('',*,*,#2052,.F.);
#2781=ORIENTED_EDGE('',*,*,#2053,.T.);
#2782=ORIENTED_EDGE('',*,*,#1711,.T.);
#2783=ORIENTED_EDGE('',*,*,#2054,.F.);
#2784=ORIENTED_EDGE('',*,*,#2055,.T.);
#2785=ORIENTED_EDGE('',*,*,#1988,.T.);
#2786=ORIENTED_EDGE('',*,*,#2056,.F.);
#2787=ORIENTED_EDGE('',*,*,#2057,.F.);
#2788=ORIENTED_EDGE('',*,*,#2052,.T.);
#2789=ORIENTED_EDGE('',*,*,#1983,.F.);
#2790=ORIENTED_EDGE('',*,*,#1827,.T.);
#2791=ORIENTED_EDGE('',*,*,#2058,.F.);
#2792=ORIENTED_EDGE('',*,*,#2059,.T.);
#2793=ORIENTED_EDGE('',*,*,#2008,.T.);
#2794=ORIENTED_EDGE('',*,*,#2060,.F.);
#2795=ORIENTED_EDGE('',*,*,#2061,.T.);
#2796=ORIENTED_EDGE('',*,*,#1713,.T.);
#2797=ORIENTED_EDGE('',*,*,#2062,.F.);
#2798=ORIENTED_EDGE('',*,*,#2056,.T.);
#2799=ORIENTED_EDGE('',*,*,#1987,.T.);
#2800=ORIENTED_EDGE('',*,*,#2034,.T.);
#2801=ORIENTED_EDGE('',*,*,#2063,.T.);
#2802=ORIENTED_EDGE('',*,*,#2064,.T.);
#2803=ORIENTED_EDGE('',*,*,#1863,.T.);
#2804=ORIENTED_EDGE('',*,*,#1917,.T.);
#2805=ORIENTED_EDGE('',*,*,#2064,.F.);
#2806=ORIENTED_EDGE('',*,*,#2065,.T.);
#2807=ORIENTED_EDGE('',*,*,#2066,.F.);
#2808=ORIENTED_EDGE('',*,*,#1864,.T.);
#2809=ORIENTED_EDGE('',*,*,#1800,.T.);
#2810=ORIENTED_EDGE('',*,*,#1764,.T.);
#2811=ORIENTED_EDGE('',*,*,#2067,.T.);
#2812=ORIENTED_EDGE('',*,*,#2017,.T.);
#2813=ORIENTED_EDGE('',*,*,#1845,.T.);
#2814=ORIENTED_EDGE('',*,*,#1920,.T.);
#2815=ORIENTED_EDGE('',*,*,#2068,.T.);
#2816=ORIENTED_EDGE('',*,*,#1918,.T.);
#2817=ORIENTED_EDGE('',*,*,#1861,.T.);
#2818=ORIENTED_EDGE('',*,*,#2069,.T.);
#2819=ORIENTED_EDGE('',*,*,#2070,.T.);
#2820=ORIENTED_EDGE('',*,*,#2071,.T.);
#2821=ORIENTED_EDGE('',*,*,#1867,.T.);
#2822=ORIENTED_EDGE('',*,*,#2072,.T.);
#2823=ORIENTED_EDGE('',*,*,#2069,.F.);
#2824=ORIENTED_EDGE('',*,*,#1860,.F.);
#2825=ORIENTED_EDGE('',*,*,#2071,.F.);
#2826=ORIENTED_EDGE('',*,*,#2073,.T.);
#2827=ORIENTED_EDGE('',*,*,#2074,.T.);
#2828=ORIENTED_EDGE('',*,*,#2075,.T.);
#2829=ORIENTED_EDGE('',*,*,#2076,.T.);
#2830=ORIENTED_EDGE('',*,*,#2077,.T.);
#2831=ORIENTED_EDGE('',*,*,#2078,.F.);
#2832=ORIENTED_EDGE('',*,*,#2075,.F.);
#2833=ORIENTED_EDGE('',*,*,#2079,.T.);
#2834=ORIENTED_EDGE('',*,*,#2080,.F.);
#2835=ORIENTED_EDGE('',*,*,#2081,.F.);
#2836=ORIENTED_EDGE('',*,*,#1821,.T.);
#2837=ORIENTED_EDGE('',*,*,#1796,.T.);
#2838=ORIENTED_EDGE('',*,*,#2082,.T.);
#2839=ORIENTED_EDGE('',*,*,#2083,.T.);
#2840=ORIENTED_EDGE('',*,*,#1816,.T.);
#2841=ORIENTED_EDGE('',*,*,#1957,.T.);
#2842=ORIENTED_EDGE('',*,*,#1749,.T.);
#2843=ORIENTED_EDGE('',*,*,#2084,.T.);
#2844=ORIENTED_EDGE('',*,*,#2085,.F.);
#2845=ORIENTED_EDGE('',*,*,#1817,.F.);
#2846=ORIENTED_EDGE('',*,*,#2083,.F.);
#2847=ORIENTED_EDGE('',*,*,#2086,.T.);
#2848=ORIENTED_EDGE('',*,*,#2072,.F.);
#2849=ORIENTED_EDGE('',*,*,#1866,.F.);
#2850=ORIENTED_EDGE('',*,*,#2087,.F.);
#2851=ORIENTED_EDGE('',*,*,#2088,.T.);
#2852=ORIENTED_EDGE('',*,*,#2089,.T.);
#2853=ORIENTED_EDGE('',*,*,#2087,.T.);
#2854=ORIENTED_EDGE('',*,*,#1865,.T.);
#2855=ORIENTED_EDGE('',*,*,#2066,.T.);
#2856=ORIENTED_EDGE('',*,*,#2090,.T.);
#2857=ORIENTED_EDGE('',*,*,#2080,.T.);
#2858=ORIENTED_EDGE('',*,*,#2091,.T.);
#2859=ORIENTED_EDGE('',*,*,#2092,.T.);
#2860=ORIENTED_EDGE('',*,*,#2093,.T.);
#2861=ORIENTED_EDGE('',*,*,#2025,.T.);
#2862=ORIENTED_EDGE('',*,*,#2094,.T.);
#2863=ORIENTED_EDGE('',*,*,#2095,.T.);
#2864=ORIENTED_EDGE('',*,*,#2096,.T.);
#2865=ORIENTED_EDGE('',*,*,#2038,.T.);
#2866=ORIENTED_EDGE('',*,*,#2097,.T.);
#2867=ORIENTED_EDGE('',*,*,#2098,.T.);
#2868=ORIENTED_EDGE('',*,*,#2099,.T.);
#2869=ORIENTED_EDGE('',*,*,#2029,.T.);
#2870=ORIENTED_EDGE('',*,*,#2100,.T.);
#2871=ORIENTED_EDGE('',*,*,#2101,.T.);
#2872=ORIENTED_EDGE('',*,*,#2102,.T.);
#2873=ORIENTED_EDGE('',*,*,#2031,.T.);
#2874=ORIENTED_EDGE('',*,*,#1818,.T.);
#2875=ORIENTED_EDGE('',*,*,#2085,.T.);
#2876=ORIENTED_EDGE('',*,*,#2103,.T.);
#2877=ORIENTED_EDGE('',*,*,#2043,.T.);
#2878=ORIENTED_EDGE('',*,*,#2104,.T.);
#2879=ORIENTED_EDGE('',*,*,#2105,.T.);
#2880=ORIENTED_EDGE('',*,*,#2106,.T.);
#2881=ORIENTED_EDGE('',*,*,#2045,.T.);
#2882=ORIENTED_EDGE('',*,*,#2107,.T.);
#2883=ORIENTED_EDGE('',*,*,#2108,.T.);
#2884=ORIENTED_EDGE('',*,*,#1897,.T.);
#2885=ORIENTED_EDGE('',*,*,#2109,.T.);
#2886=ORIENTED_EDGE('',*,*,#1859,.T.);
#2887=ORIENTED_EDGE('',*,*,#1888,.T.);
#2888=ORIENTED_EDGE('',*,*,#2109,.F.);
#2889=ORIENTED_EDGE('',*,*,#1896,.T.);
#2890=ORIENTED_EDGE('',*,*,#2110,.F.);
#2891=ORIENTED_EDGE('',*,*,#1852,.T.);
#2892=ORIENTED_EDGE('',*,*,#1798,.T.);
#2893=ORIENTED_EDGE('',*,*,#1760,.T.);
#2894=ORIENTED_EDGE('',*,*,#2111,.T.);
#2895=ORIENTED_EDGE('',*,*,#1889,.T.);
#2896=ORIENTED_EDGE('',*,*,#1857,.T.);
#2897=ORIENTED_EDGE('',*,*,#2112,.T.);
#2898=ORIENTED_EDGE('',*,*,#2113,.T.);
#2899=ORIENTED_EDGE('',*,*,#2058,.T.);
#2900=ORIENTED_EDGE('',*,*,#1826,.T.);
#2901=ORIENTED_EDGE('',*,*,#1891,.T.);
#2902=ORIENTED_EDGE('',*,*,#1824,.T.);
#2903=ORIENTED_EDGE('',*,*,#2027,.T.);
#2904=ORIENTED_EDGE('',*,*,#2114,.T.);
#2905=ORIENTED_EDGE('',*,*,#1892,.T.);
#2906=ORIENTED_EDGE('',*,*,#2115,.T.);
#2907=ORIENTED_EDGE('',*,*,#2041,.T.);
#2908=ORIENTED_EDGE('',*,*,#2116,.T.);
#2909=ORIENTED_EDGE('',*,*,#2117,.T.);
#2910=ORIENTED_EDGE('',*,*,#1895,.T.);
#2911=ORIENTED_EDGE('',*,*,#1908,.T.);
#2912=ORIENTED_EDGE('',*,*,#1853,.T.);
#2913=ORIENTED_EDGE('',*,*,#2110,.T.);
#2914=ORIENTED_EDGE('',*,*,#2118,.T.);
#2915=ORIENTED_EDGE('',*,*,#2119,.T.);
#2916=ORIENTED_EDGE('',*,*,#1855,.T.);
#2917=ORIENTED_EDGE('',*,*,#1907,.T.);
#2918=ORIENTED_EDGE('',*,*,#2112,.F.);
#2919=ORIENTED_EDGE('',*,*,#1856,.F.);
#2920=ORIENTED_EDGE('',*,*,#2119,.F.);
#2921=ORIENTED_EDGE('',*,*,#2120,.T.);
#2922=ORIENTED_EDGE('',*,*,#2121,.T.);
#2923=ORIENTED_EDGE('',*,*,#1905,.T.);
#2924=ORIENTED_EDGE('',*,*,#1837,.T.);
#2925=ORIENTED_EDGE('',*,*,#1996,.T.);
#2926=ORIENTED_EDGE('',*,*,#2122,.F.);
#2927=ORIENTED_EDGE('',*,*,#2123,.T.);
#2928=ORIENTED_EDGE('',*,*,#1717,.F.);
#2929=ORIENTED_EDGE('',*,*,#2123,.F.);
#2930=ORIENTED_EDGE('',*,*,#2124,.F.);
#2931=ORIENTED_EDGE('',*,*,#2125,.T.);
#2932=ORIENTED_EDGE('',*,*,#1716,.F.);
#2933=ORIENTED_EDGE('',*,*,#2125,.F.);
#2934=ORIENTED_EDGE('',*,*,#2126,.F.);
#2935=ORIENTED_EDGE('',*,*,#2127,.T.);
#2936=ORIENTED_EDGE('',*,*,#1715,.F.);
#2937=ORIENTED_EDGE('',*,*,#2127,.F.);
#2938=ORIENTED_EDGE('',*,*,#2128,.F.);
#2939=ORIENTED_EDGE('',*,*,#2129,.T.);
#2940=ORIENTED_EDGE('',*,*,#1707,.F.);
#2941=ORIENTED_EDGE('',*,*,#2051,.F.);
#2942=ORIENTED_EDGE('',*,*,#2130,.F.);
#2943=ORIENTED_EDGE('',*,*,#1885,.T.);
#2944=ORIENTED_EDGE('',*,*,#1708,.F.);
#2945=ORIENTED_EDGE('',*,*,#2129,.F.);
#2946=ORIENTED_EDGE('',*,*,#2131,.F.);
#2947=ORIENTED_EDGE('',*,*,#2132,.T.);
#2948=ORIENTED_EDGE('',*,*,#1714,.F.);
#2949=ORIENTED_EDGE('',*,*,#2132,.F.);
#2950=ORIENTED_EDGE('',*,*,#2014,.T.);
#2951=ORIENTED_EDGE('',*,*,#2133,.T.);
#2952=ORIENTED_EDGE('',*,*,#2134,.F.);
#2953=ORIENTED_EDGE('',*,*,#1702,.F.);
#2954=ORIENTED_EDGE('',*,*,#2047,.T.);
#2955=ORIENTED_EDGE('',*,*,#1704,.T.);
#2956=ORIENTED_EDGE('',*,*,#2135,.F.);
#2957=ORIENTED_EDGE('',*,*,#2136,.F.);
#2958=ORIENTED_EDGE('',*,*,#1689,.T.);
#2959=ORIENTED_EDGE('',*,*,#1886,.T.);
#2960=ORIENTED_EDGE('',*,*,#2130,.T.);
#2961=ORIENTED_EDGE('',*,*,#2128,.T.);
#2962=ORIENTED_EDGE('',*,*,#2050,.T.);
#2963=ORIENTED_EDGE('',*,*,#1964,.T.);
#2964=ORIENTED_EDGE('',*,*,#2136,.T.);
#2965=ORIENTED_EDGE('',*,*,#2137,.F.);
#2966=ORIENTED_EDGE('',*,*,#2133,.F.);
#2967=ORIENTED_EDGE('',*,*,#1935,.F.);
#2968=ORIENTED_EDGE('',*,*,#2019,.F.);
#2969=ORIENTED_EDGE('',*,*,#2131,.T.);
#2970=ORIENTED_EDGE('',*,*,#2126,.T.);
#2971=ORIENTED_EDGE('',*,*,#2124,.T.);
#2972=ORIENTED_EDGE('',*,*,#1718,.T.);
#2973=ORIENTED_EDGE('',*,*,#2122,.T.);
#2974=ORIENTED_EDGE('',*,*,#2137,.T.);
#2975=ORIENTED_EDGE('',*,*,#2135,.T.);
#2976=ORIENTED_EDGE('',*,*,#1703,.T.);
#2977=ORIENTED_EDGE('',*,*,#2134,.T.);
#2978=ORIENTED_EDGE('',*,*,#1712,.F.);
#2979=ORIENTED_EDGE('',*,*,#2053,.F.);
#2980=ORIENTED_EDGE('',*,*,#2057,.T.);
#2981=ORIENTED_EDGE('',*,*,#2062,.T.);
#2982=ORIENTED_EDGE('',*,*,#2086,.F.);
#2983=ORIENTED_EDGE('',*,*,#2082,.F.);
#2984=ORIENTED_EDGE('',*,*,#1956,.F.);
#2985=ORIENTED_EDGE('',*,*,#1953,.F.);
#2986=ORIENTED_EDGE('',*,*,#2007,.F.);
#2987=ORIENTED_EDGE('',*,*,#2015,.F.);
#2988=ORIENTED_EDGE('',*,*,#1933,.F.);
#2989=ORIENTED_EDGE('',*,*,#1951,.T.);
#2990=ORIENTED_EDGE('',*,*,#2018,.F.);
#2991=ORIENTED_EDGE('',*,*,#2067,.F.);
#2992=ORIENTED_EDGE('',*,*,#1919,.F.);
#2993=ORIENTED_EDGE('',*,*,#2068,.F.);
#2994=ORIENTED_EDGE('',*,*,#2073,.F.);
#2995=ORIENTED_EDGE('',*,*,#2070,.F.);
#2996=ORIENTED_EDGE('',*,*,#1890,.F.);
#2997=ORIENTED_EDGE('',*,*,#2111,.F.);
#2998=ORIENTED_EDGE('',*,*,#2120,.F.);
#2999=ORIENTED_EDGE('',*,*,#2118,.F.);
#3000=ORIENTED_EDGE('',*,*,#1906,.F.);
#3001=ORIENTED_EDGE('',*,*,#2121,.F.);
#3002=ORIENTED_EDGE('',*,*,#1995,.F.);
#3003=ORIENTED_EDGE('',*,*,#1993,.F.);
#3004=ORIENTED_EDGE('',*,*,#1966,.F.);
#3005=ORIENTED_EDGE('',*,*,#2048,.F.);
#3006=ORIENTED_EDGE('',*,*,#1984,.F.);
#3007=ORIENTED_EDGE('',*,*,#1981,.T.);
#3008=ORIENTED_EDGE('',*,*,#2059,.F.);
#3009=ORIENTED_EDGE('',*,*,#2113,.F.);
#3010=ORIENTED_EDGE('',*,*,#1710,.T.);
#3011=ORIENTED_EDGE('',*,*,#2061,.F.);
#3012=ORIENTED_EDGE('',*,*,#2138,.F.);
#3013=ORIENTED_EDGE('',*,*,#2054,.T.);
#3014=ORIENTED_EDGE('',*,*,#2013,.T.);
#3015=ORIENTED_EDGE('',*,*,#2055,.F.);
#3016=ORIENTED_EDGE('',*,*,#2138,.T.);
#3017=ORIENTED_EDGE('',*,*,#2060,.T.);
#3018=ORIENTED_EDGE('',*,*,#2021,.T.);
#3019=ORIENTED_EDGE('',*,*,#2033,.T.);
#3020=ORIENTED_EDGE('',*,*,#2036,.F.);
#3021=ORIENTED_EDGE('',*,*,#2139,.F.);
#3022=ORIENTED_EDGE('',*,*,#1991,.T.);
#3023=ORIENTED_EDGE('',*,*,#2022,.T.);
#3024=ORIENTED_EDGE('',*,*,#2139,.T.);
#3025=ORIENTED_EDGE('',*,*,#2035,.F.);
#3026=ORIENTED_EDGE('',*,*,#2024,.T.);
#3027=ORIENTED_EDGE('',*,*,#1822,.F.);
#3028=ORIENTED_EDGE('',*,*,#2081,.T.);
#3029=ORIENTED_EDGE('',*,*,#2090,.F.);
#3030=ORIENTED_EDGE('',*,*,#2140,.T.);
#3031=ORIENTED_EDGE('',*,*,#2094,.F.);
#3032=ORIENTED_EDGE('',*,*,#2039,.T.);
#3033=ORIENTED_EDGE('',*,*,#2096,.F.);
#3034=ORIENTED_EDGE('',*,*,#2141,.T.);
#3035=ORIENTED_EDGE('',*,*,#2142,.F.);
#3036=ORIENTED_EDGE('',*,*,#2143,.F.);
#3037=ORIENTED_EDGE('',*,*,#1744,.T.);
#3038=ORIENTED_EDGE('',*,*,#1893,.T.);
#3039=ORIENTED_EDGE('',*,*,#2114,.F.);
#3040=ORIENTED_EDGE('',*,*,#2026,.T.);
#3041=ORIENTED_EDGE('',*,*,#2093,.F.);
#3042=ORIENTED_EDGE('',*,*,#2144,.F.);
#3043=ORIENTED_EDGE('',*,*,#1745,.T.);
#3044=ORIENTED_EDGE('',*,*,#2144,.T.);
#3045=ORIENTED_EDGE('',*,*,#2095,.F.);
#3046=ORIENTED_EDGE('',*,*,#2140,.F.);
#3047=ORIENTED_EDGE('',*,*,#2092,.F.);
#3048=ORIENTED_EDGE('',*,*,#2145,.T.);
#3049=ORIENTED_EDGE('',*,*,#2108,.F.);
#3050=ORIENTED_EDGE('',*,*,#2146,.T.);
#3051=ORIENTED_EDGE('',*,*,#2147,.F.);
#3052=ORIENTED_EDGE('',*,*,#2148,.F.);
#3053=ORIENTED_EDGE('',*,*,#2046,.T.);
#3054=ORIENTED_EDGE('',*,*,#2106,.F.);
#3055=ORIENTED_EDGE('',*,*,#2148,.T.);
#3056=ORIENTED_EDGE('',*,*,#2149,.F.);
#3057=ORIENTED_EDGE('',*,*,#2150,.F.);
#3058=ORIENTED_EDGE('',*,*,#2040,.T.);
#3059=ORIENTED_EDGE('',*,*,#2143,.T.);
#3060=ORIENTED_EDGE('',*,*,#2151,.F.);
#3061=ORIENTED_EDGE('',*,*,#2152,.F.);
#3062=ORIENTED_EDGE('',*,*,#2116,.F.);
#3063=ORIENTED_EDGE('',*,*,#1748,.T.);
#3064=ORIENTED_EDGE('',*,*,#2153,.T.);
#3065=ORIENTED_EDGE('',*,*,#2100,.F.);
#3066=ORIENTED_EDGE('',*,*,#2028,.T.);
#3067=ORIENTED_EDGE('',*,*,#2102,.F.);
#3068=ORIENTED_EDGE('',*,*,#2084,.F.);
#3069=ORIENTED_EDGE('',*,*,#2044,.T.);
#3070=ORIENTED_EDGE('',*,*,#2103,.F.);
#3071=ORIENTED_EDGE('',*,*,#2154,.T.);
#3072=ORIENTED_EDGE('',*,*,#2155,.F.);
#3073=ORIENTED_EDGE('',*,*,#2146,.F.);
#3074=ORIENTED_EDGE('',*,*,#2107,.F.);
#3075=ORIENTED_EDGE('',*,*,#2030,.T.);
#3076=ORIENTED_EDGE('',*,*,#2099,.F.);
#3077=ORIENTED_EDGE('',*,*,#2156,.F.);
#3078=ORIENTED_EDGE('',*,*,#2076,.F.);
#3079=ORIENTED_EDGE('',*,*,#2078,.T.);
#3080=ORIENTED_EDGE('',*,*,#1820,.T.);
#3081=ORIENTED_EDGE('',*,*,#1747,.T.);
#3082=ORIENTED_EDGE('',*,*,#2157,.T.);
#3083=ORIENTED_EDGE('',*,*,#2077,.F.);
#3084=ORIENTED_EDGE('',*,*,#2156,.T.);
#3085=ORIENTED_EDGE('',*,*,#2101,.F.);
#3086=ORIENTED_EDGE('',*,*,#2153,.F.);
#3087=ORIENTED_EDGE('',*,*,#1746,.T.);
#3088=ORIENTED_EDGE('',*,*,#2145,.F.);
#3089=ORIENTED_EDGE('',*,*,#2091,.F.);
#3090=ORIENTED_EDGE('',*,*,#2079,.F.);
#3091=ORIENTED_EDGE('',*,*,#2074,.F.);
#3092=ORIENTED_EDGE('',*,*,#2157,.F.);
#3093=ORIENTED_EDGE('',*,*,#1750,.T.);
#3094=ORIENTED_EDGE('',*,*,#2088,.F.);
#3095=ORIENTED_EDGE('',*,*,#2089,.F.);
#3096=ORIENTED_EDGE('',*,*,#2065,.F.);
#3097=ORIENTED_EDGE('',*,*,#2063,.F.);
#3098=ORIENTED_EDGE('',*,*,#1916,.F.);
#3099=ORIENTED_EDGE('',*,*,#2117,.F.);
#3100=ORIENTED_EDGE('',*,*,#2152,.T.);
#3101=ORIENTED_EDGE('',*,*,#2158,.F.);
#3102=ORIENTED_EDGE('',*,*,#2159,.F.);
#3103=ORIENTED_EDGE('',*,*,#2098,.F.);
#3104=ORIENTED_EDGE('',*,*,#2160,.T.);
#3105=ORIENTED_EDGE('',*,*,#2161,.F.);
#3106=ORIENTED_EDGE('',*,*,#2141,.F.);
#3107=ORIENTED_EDGE('',*,*,#2105,.F.);
#3108=ORIENTED_EDGE('',*,*,#2162,.T.);
#3109=ORIENTED_EDGE('',*,*,#2163,.F.);
#3110=ORIENTED_EDGE('',*,*,#2154,.F.);
#3111=ORIENTED_EDGE('',*,*,#2042,.T.);
#3112=ORIENTED_EDGE('',*,*,#2150,.T.);
#3113=ORIENTED_EDGE('',*,*,#2164,.F.);
#3114=ORIENTED_EDGE('',*,*,#2162,.F.);
#3115=ORIENTED_EDGE('',*,*,#2104,.F.);
#3116=ORIENTED_EDGE('',*,*,#2164,.T.);
#3117=ORIENTED_EDGE('',*,*,#2149,.T.);
#3118=ORIENTED_EDGE('',*,*,#2147,.T.);
#3119=ORIENTED_EDGE('',*,*,#2155,.T.);
#3120=ORIENTED_EDGE('',*,*,#2163,.T.);
#3121=ORIENTED_EDGE('',*,*,#2037,.T.);
#3122=ORIENTED_EDGE('',*,*,#2115,.F.);
#3123=ORIENTED_EDGE('',*,*,#2159,.T.);
#3124=ORIENTED_EDGE('',*,*,#2165,.F.);
#3125=ORIENTED_EDGE('',*,*,#2160,.F.);
#3126=ORIENTED_EDGE('',*,*,#2097,.F.);
#3127=ORIENTED_EDGE('',*,*,#2151,.T.);
#3128=ORIENTED_EDGE('',*,*,#2142,.T.);
#3129=ORIENTED_EDGE('',*,*,#2161,.T.);
#3130=ORIENTED_EDGE('',*,*,#2165,.T.);
#3131=ORIENTED_EDGE('',*,*,#2158,.T.);
#3132=CONICAL_SURFACE('',#3316,2.7,0.785398163397448);
#3133=CONICAL_SURFACE('',#3323,2.7,0.785398163397448);
#3134=CONICAL_SURFACE('',#3327,13.75,0.78539816339745);
#3135=CONICAL_SURFACE('',#3338,3.7,0.785398163397437);
#3136=CONICAL_SURFACE('',#3348,3.7,0.785398163397437);
#3137=CONICAL_SURFACE('',#3352,3.7,0.785398163397448);
#3138=CONICAL_SURFACE('',#3366,3.7,0.785398163397448);
#3139=ADVANCED_FACE('',(#304),#3132,.F.);
#3140=ADVANCED_FACE('',(#305,#177,#178),#230,.F.);
#3141=ADVANCED_FACE('',(#306),#97,.F.);
#3142=ADVANCED_FACE('',(#307),#3133,.F.);
#3143=ADVANCED_FACE('',(#308),#98,.F.);
#3144=ADVANCED_FACE('',(#309),#3134,.F.);
#3145=ADVANCED_FACE('',(#310,#179,#180,#181,#182,#183,#184),#231,.T.);
#3146=ADVANCED_FACE('',(#311),#99,.F.);
#3147=ADVANCED_FACE('',(#312),#3135,.F.);
#3148=ADVANCED_FACE('',(#313,#185,#186,#187,#188,#189),#232,.F.);
#3149=ADVANCED_FACE('',(#314),#100,.F.);
#3150=ADVANCED_FACE('',(#315),#3136,.F.);
#3151=ADVANCED_FACE('',(#316),#101,.F.);
#3152=ADVANCED_FACE('',(#317),#3137,.F.);
#3153=ADVANCED_FACE('',(#318,#190,#191,#192,#193,#194),#233,.F.);
#3154=ADVANCED_FACE('',(#319),#102,.F.);
#3155=ADVANCED_FACE('',(#320),#3138,.F.);
#3156=ADVANCED_FACE('',(#321),#103,.F.);
#3157=ADVANCED_FACE('',(#322),#234,.T.);
#3158=ADVANCED_FACE('',(#323),#235,.T.);
#3159=ADVANCED_FACE('',(#324),#95,.F.);
#3160=ADVANCED_FACE('',(#325,#195,#196,#197,#198,#199),#236,.F.);
#3161=ADVANCED_FACE('',(#326),#104,.T.);
#3162=ADVANCED_FACE('',(#327),#96,.F.);
#3163=ADVANCED_FACE('',(#328),#105,.T.);
#3164=ADVANCED_FACE('',(#329),#106,.F.);
#3165=ADVANCED_FACE('',(#330),#107,.F.);
#3166=ADVANCED_FACE('',(#331),#108,.F.);
#3167=ADVANCED_FACE('',(#332),#237,.T.);
#3168=ADVANCED_FACE('',(#333),#238,.T.);
#3169=ADVANCED_FACE('',(#334),#109,.F.);
#3170=ADVANCED_FACE('',(#335),#110,.F.);
#3171=ADVANCED_FACE('',(#336),#111,.F.);
#3172=ADVANCED_FACE('',(#337),#112,.F.);
#3173=ADVANCED_FACE('',(#338),#113,.F.);
#3174=ADVANCED_FACE('',(#339),#114,.F.);
#3175=ADVANCED_FACE('',(#340),#239,.T.);
#3176=ADVANCED_FACE('',(#341),#240,.T.);
#3177=ADVANCED_FACE('',(#342,#200,#201,#202,#203,#204,#205),#115,.T.);
#3178=ADVANCED_FACE('',(#343),#241,.T.);
#3179=ADVANCED_FACE('',(#344),#242,.F.);
#3180=ADVANCED_FACE('',(#345),#243,.T.);
#3181=ADVANCED_FACE('',(#346),#116,.F.);
#3182=ADVANCED_FACE('',(#347,#206,#207,#208,#209,#210),#244,.T.);
#3183=ADVANCED_FACE('',(#348),#245,.T.);
#3184=ADVANCED_FACE('',(#349),#117,.F.);
#3185=ADVANCED_FACE('',(#350),#246,.T.);
#3186=ADVANCED_FACE('',(#351),#118,.F.);
#3187=ADVANCED_FACE('',(#352,#211,#212,#213),#247,.T.);
#3188=ADVANCED_FACE('',(#353),#119,.F.);
#3189=ADVANCED_FACE('',(#354),#248,.T.);
#3190=ADVANCED_FACE('',(#355),#120,.F.);
#3191=ADVANCED_FACE('',(#356),#249,.F.);
#3192=ADVANCED_FACE('',(#357),#121,.F.);
#3193=ADVANCED_FACE('',(#358),#122,.F.);
#3194=ADVANCED_FACE('',(#359),#250,.F.);
#3195=ADVANCED_FACE('',(#360),#123,.F.);
#3196=ADVANCED_FACE('',(#361),#251,.T.);
#3197=ADVANCED_FACE('',(#362),#124,.F.);
#3198=ADVANCED_FACE('',(#363),#125,.F.);
#3199=ADVANCED_FACE('',(#364),#126,.F.);
#3200=ADVANCED_FACE('',(#365),#252,.T.);
#3201=ADVANCED_FACE('',(#366),#127,.F.);
#3202=ADVANCED_FACE('',(#367),#253,.T.);
#3203=ADVANCED_FACE('',(#368),#128,.F.);
#3204=ADVANCED_FACE('',(#369),#254,.F.);
#3205=ADVANCED_FACE('',(#370),#129,.F.);
#3206=ADVANCED_FACE('',(#371),#130,.F.);
#3207=ADVANCED_FACE('',(#372),#255,.F.);
#3208=ADVANCED_FACE('',(#373),#131,.F.);
#3209=ADVANCED_FACE('',(#374,#214),#256,.T.);
#3210=ADVANCED_FACE('',(#375),#132,.F.);
#3211=ADVANCED_FACE('',(#376),#257,.T.);
#3212=ADVANCED_FACE('',(#377),#133,.F.);
#3213=ADVANCED_FACE('',(#378),#258,.T.);
#3214=ADVANCED_FACE('',(#379),#134,.F.);
#3215=ADVANCED_FACE('',(#380),#135,.F.);
#3216=ADVANCED_FACE('',(#381),#259,.T.);
#3217=ADVANCED_FACE('',(#382),#136,.F.);
#3218=ADVANCED_FACE('',(#383),#137,.F.);
#3219=ADVANCED_FACE('',(#384),#138,.F.);
#3220=ADVANCED_FACE('',(#385),#139,.F.);
#3221=ADVANCED_FACE('',(#386),#140,.F.);
#3222=ADVANCED_FACE('',(#387,#215),#260,.T.);
#3223=ADVANCED_FACE('',(#388),#261,.T.);
#3224=ADVANCED_FACE('',(#389),#262,.F.);
#3225=ADVANCED_FACE('',(#390),#263,.T.);
#3226=ADVANCED_FACE('',(#391),#264,.T.);
#3227=ADVANCED_FACE('',(#392,#216,#217),#265,.F.);
#3228=ADVANCED_FACE('',(#393),#266,.T.);
#3229=ADVANCED_FACE('',(#394,#218,#219),#267,.T.);
#3230=ADVANCED_FACE('',(#395),#268,.T.);
#3231=ADVANCED_FACE('',(#396),#269,.F.);
#3232=ADVANCED_FACE('',(#397),#270,.T.);
#3233=ADVANCED_FACE('',(#398),#141,.F.);
#3234=ADVANCED_FACE('',(#399),#271,.T.);
#3235=ADVANCED_FACE('',(#400),#272,.T.);
#3236=ADVANCED_FACE('',(#401),#142,.F.);
#3237=ADVANCED_FACE('',(#402),#143,.F.);
#3238=ADVANCED_FACE('',(#403,#220,#221),#273,.T.);
#3239=ADVANCED_FACE('',(#404),#144,.F.);
#3240=ADVANCED_FACE('',(#405),#145,.F.);
#3241=ADVANCED_FACE('',(#406),#146,.F.);
#3242=ADVANCED_FACE('',(#407),#274,.F.);
#3243=ADVANCED_FACE('',(#408),#147,.F.);
#3244=ADVANCED_FACE('',(#409,#222),#275,.T.);
#3245=ADVANCED_FACE('',(#410),#148,.F.);
#3246=ADVANCED_FACE('',(#411),#276,.T.);
#3247=ADVANCED_FACE('',(#412),#149,.F.);
#3248=ADVANCED_FACE('',(#413),#150,.F.);
#3249=ADVANCED_FACE('',(#414),#151,.F.);
#3250=ADVANCED_FACE('',(#415),#152,.F.);
#3251=ADVANCED_FACE('',(#416),#153,.F.);
#3252=ADVANCED_FACE('',(#417),#154,.F.);
#3253=ADVANCED_FACE('',(#418),#155,.F.);
#3254=ADVANCED_FACE('',(#419),#156,.F.);
#3255=ADVANCED_FACE('',(#420),#157,.F.);
#3256=ADVANCED_FACE('',(#421,#223,#224),#277,.T.);
#3257=ADVANCED_FACE('',(#422),#158,.F.);
#3258=ADVANCED_FACE('',(#423),#159,.F.);
#3259=ADVANCED_FACE('',(#424),#160,.F.);
#3260=ADVANCED_FACE('',(#425),#161,.F.);
#3261=ADVANCED_FACE('',(#426),#162,.F.);
#3262=ADVANCED_FACE('',(#427),#163,.F.);
#3263=ADVANCED_FACE('',(#428),#278,.F.);
#3264=ADVANCED_FACE('',(#429),#164,.F.);
#3265=ADVANCED_FACE('',(#430),#165,.F.);
#3266=ADVANCED_FACE('',(#431),#166,.F.);
#3267=ADVANCED_FACE('',(#432),#167,.F.);
#3268=ADVANCED_FACE('',(#433),#279,.F.);
#3269=ADVANCED_FACE('',(#434),#168,.F.);
#3270=ADVANCED_FACE('',(#435),#169,.F.);
#3271=ADVANCED_FACE('',(#436),#280,.T.);
#3272=ADVANCED_FACE('',(#437),#281,.T.);
#3273=ADVANCED_FACE('',(#438,#225,#226,#227,#228,#229),#282,.T.);
#3274=ADVANCED_FACE('',(#439),#283,.T.);
#3275=ADVANCED_FACE('',(#440),#284,.T.);
#3276=ADVANCED_FACE('',(#441),#170,.F.);
#3277=ADVANCED_FACE('',(#442),#171,.F.);
#3278=ADVANCED_FACE('',(#443),#285,.T.);
#3279=ADVANCED_FACE('',(#444),#286,.T.);
#3280=ADVANCED_FACE('',(#445),#172,.T.);
#3281=ADVANCED_FACE('',(#446),#287,.T.);
#3282=ADVANCED_FACE('',(#447),#288,.T.);
#3283=ADVANCED_FACE('',(#448),#289,.T.);
#3284=ADVANCED_FACE('',(#449),#290,.T.);
#3285=ADVANCED_FACE('',(#450),#291,.T.);
#3286=ADVANCED_FACE('',(#451),#292,.T.);
#3287=ADVANCED_FACE('',(#452),#173,.T.);
#3288=ADVANCED_FACE('',(#453),#174,.T.);
#3289=ADVANCED_FACE('',(#454),#293,.T.);
#3290=ADVANCED_FACE('',(#455),#294,.T.);
#3291=ADVANCED_FACE('',(#456),#295,.T.);
#3292=ADVANCED_FACE('',(#457),#296,.T.);
#3293=ADVANCED_FACE('',(#458),#175,.F.);
#3294=ADVANCED_FACE('',(#459),#176,.F.);
#3295=ADVANCED_FACE('',(#460),#297,.T.);
#3296=ADVANCED_FACE('',(#461),#298,.T.);
#3297=ADVANCED_FACE('',(#462),#299,.T.);
#3298=ADVANCED_FACE('',(#463),#300,.T.);
#3299=ADVANCED_FACE('',(#464),#301,.T.);
#3300=ADVANCED_FACE('',(#465),#302,.T.);
#3301=ADVANCED_FACE('',(#466),#303,.T.);
#3302=CLOSED_SHELL('',(#3139,#3140,#3141,#3142,#3143,#3144,#3145,#3146,
#3147,#3148,#3149,#3150,#3151,#3152,#3153,#3154,#3155,#3156,#3157,#3158,
#3159,#3160,#3161,#3162,#3163,#3164,#3165,#3166,#3167,#3168,#3169,#3170,
#3171,#3172,#3173,#3174,#3175,#3176,#3177,#3178,#3179,#3180,#3181,#3182,
#3183,#3184,#3185,#3186,#3187,#3188,#3189,#3190,#3191,#3192,#3193,#3194,
#3195,#3196,#3197,#3198,#3199,#3200,#3201,#3202,#3203,#3204,#3205,#3206,
#3207,#3208,#3209,#3210,#3211,#3212,#3213,#3214,#3215,#3216,#3217,#3218,
#3219,#3220,#3221,#3222,#3223,#3224,#3225,#3226,#3227,#3228,#3229,#3230,
#3231,#3232,#3233,#3234,#3235,#3236,#3237,#3238,#3239,#3240,#3241,#3242,
#3243,#3244,#3245,#3246,#3247,#3248,#3249,#3250,#3251,#3252,#3253,#3254,
#3255,#3256,#3257,#3258,#3259,#3260,#3261,#3262,#3263,#3264,#3265,#3266,
#3267,#3268,#3269,#3270,#3271,#3272,#3273,#3274,#3275,#3276,#3277,#3278,
#3279,#3280,#3281,#3282,#3283,#3284,#3285,#3286,#3287,#3288,#3289,#3290,
#3291,#3292,#3293,#3294,#3295,#3296,#3297,#3298,#3299,#3300,#3301));
#3303=DERIVED_UNIT_ELEMENT(#3305,1.);
#3304=DERIVED_UNIT_ELEMENT(#6085,-3.);
#3305=(
MASS_UNIT()
NAMED_UNIT(*)
SI_UNIT(.KILO.,.GRAM.)
);
#3306=DERIVED_UNIT((#3303,#3304));
#3307=MEASURE_REPRESENTATION_ITEM('density measure',
POSITIVE_RATIO_MEASURE(7850.),#3306);
#3308=PROPERTY_DEFINITION_REPRESENTATION(#3313,#3310);
#3309=PROPERTY_DEFINITION_REPRESENTATION(#3314,#3311);
#3310=REPRESENTATION('material name',(#3312),#6082);
#3311=REPRESENTATION('density',(#3307),#6082);
#3312=DESCRIPTIVE_REPRESENTATION_ITEM('Acier','Acier');
#3313=PROPERTY_DEFINITION('material property','material name',#6092);
#3314=PROPERTY_DEFINITION('material property','density of part',#6092);
#3315=AXIS2_PLACEMENT_3D('',#4486,#3612,#3613);
#3316=AXIS2_PLACEMENT_3D('',#4487,#3614,#3615);
#3317=AXIS2_PLACEMENT_3D('',#4489,#3616,#3617);
#3318=AXIS2_PLACEMENT_3D('',#4492,#3619,#3620);
#3319=AXIS2_PLACEMENT_3D('',#4493,#3621,#3622);
#3320=AXIS2_PLACEMENT_3D('',#4503,#3627,#3628);
#3321=AXIS2_PLACEMENT_3D('',#4504,#3629,#3630);
#3322=AXIS2_PLACEMENT_3D('',#4507,#3632,#3633);
#3323=AXIS2_PLACEMENT_3D('',#4508,#3634,#3635);
#3324=AXIS2_PLACEMENT_3D('',#4511,#3637,#3638);
#3325=AXIS2_PLACEMENT_3D('',#4512,#3639,#3640);
#3326=AXIS2_PLACEMENT_3D('',#4515,#3642,#3643);
#3327=AXIS2_PLACEMENT_3D('',#4516,#3644,#3645);
#3328=AXIS2_PLACEMENT_3D('',#4518,#3646,#3647);
#3329=AXIS2_PLACEMENT_3D('',#4521,#3649,#3650);
#3330=AXIS2_PLACEMENT_3D('',#4522,#3651,#3652);
#3331=AXIS2_PLACEMENT_3D('',#4540,#3661,#3662);
#3332=AXIS2_PLACEMENT_3D('',#4551,#3668,#3669);
#3333=AXIS2_PLACEMENT_3D('',#4553,#3670,#3671);
#3334=AXIS2_PLACEMENT_3D('',#4555,#3672,#3673);
#3335=AXIS2_PLACEMENT_3D('',#4557,#3674,#3675);
#3336=AXIS2_PLACEMENT_3D('',#4558,#3676,#3677);
#3337=AXIS2_PLACEMENT_3D('',#4560,#3678,#3679);
#3338=AXIS2_PLACEMENT_3D('',#4562,#3681,#3682);
#3339=AXIS2_PLACEMENT_3D('',#4564,#3683,#3684);
#3340=AXIS2_PLACEMENT_3D('',#4567,#3686,#3687);
#3341=AXIS2_PLACEMENT_3D('',#4568,#3688,#3689);
#3342=AXIS2_PLACEMENT_3D('',#4578,#3694,#3695);
#3343=AXIS2_PLACEMENT_3D('',#4580,#3696,#3697);
#3344=AXIS2_PLACEMENT_3D('',#4582,#3698,#3699);
#3345=AXIS2_PLACEMENT_3D('',#4584,#3700,#3701);
#3346=AXIS2_PLACEMENT_3D('',#4585,#3702,#3703);
#3347=AXIS2_PLACEMENT_3D('',#4588,#3705,#3706);
#3348=AXIS2_PLACEMENT_3D('',#4589,#3707,#3708);
#3349=AXIS2_PLACEMENT_3D('',#4592,#3710,#3711);
#3350=AXIS2_PLACEMENT_3D('',#4593,#3712,#3713);
#3351=AXIS2_PLACEMENT_3D('',#4596,#3715,#3716);
#3352=AXIS2_PLACEMENT_3D('',#4597,#3717,#3718);
#3353=AXIS2_PLACEMENT_3D('',#4599,#3719,#3720);
#3354=AXIS2_PLACEMENT_3D('',#4602,#3722,#3723);
#3355=AXIS2_PLACEMENT_3D('',#4603,#3724,#3725);
#3356=AXIS2_PLACEMENT_3D('',#4609,#3728,#3729);
#3357=AXIS2_PLACEMENT_3D('',#4617,#3733,#3734);
#3358=AXIS2_PLACEMENT_3D('',#4625,#3738,#3739);
#3359=AXIS2_PLACEMENT_3D('',#4632,#3743,#3744);
#3360=AXIS2_PLACEMENT_3D('',#4634,#3745,#3746);
#3361=AXIS2_PLACEMENT_3D('',#4636,#3747,#3748);
#3362=AXIS2_PLACEMENT_3D('',#4638,#3749,#3750);
#3363=AXIS2_PLACEMENT_3D('',#4640,#3751,#3752);
#3364=AXIS2_PLACEMENT_3D('',#4641,#3753,#3754);
#3365=AXIS2_PLACEMENT_3D('',#4644,#3756,#3757);
#3366=AXIS2_PLACEMENT_3D('',#4645,#3758,#3759);
#3367=AXIS2_PLACEMENT_3D('',#4648,#3761,#3762);
#3368=AXIS2_PLACEMENT_3D('',#4649,#3763,#3764);
#3369=AXIS2_PLACEMENT_3D('',#4652,#3766,#3767);
#3370=AXIS2_PLACEMENT_3D('',#4653,#3768,#3769);
#3371=AXIS2_PLACEMENT_3D('',#4654,#3770,#3771);
#3372=AXIS2_PLACEMENT_3D('',#4655,#3772,#3773);
#3373=AXIS2_PLACEMENT_3D('',#4658,#3774,#3775);
#3374=AXIS2_PLACEMENT_3D('',#4660,#3776,#3777);
#3375=AXIS2_PLACEMENT_3D('',#4661,#3778,#3779);
#3376=AXIS2_PLACEMENT_3D('',#4662,#3780,#3781);
#3377=AXIS2_PLACEMENT_3D('',#4663,#3782,#3783);
#3378=AXIS2_PLACEMENT_3D('',#4670,#3787,#3788);
#3379=AXIS2_PLACEMENT_3D('',#4672,#3789,#3790);
#3380=AXIS2_PLACEMENT_3D('',#4674,#3791,#3792);
#3381=AXIS2_PLACEMENT_3D('',#4676,#3793,#3794);
#3382=AXIS2_PLACEMENT_3D('',#4677,#3795,#3796);
#3383=AXIS2_PLACEMENT_3D('',#4679,#3797,#3798);
#3384=AXIS2_PLACEMENT_3D('',#4681,#3800,#3801);
#3385=AXIS2_PLACEMENT_3D('',#4684,#3802,#3803);
#3386=AXIS2_PLACEMENT_3D('',#4685,#3804,#3805);
#3387=AXIS2_PLACEMENT_3D('',#4686,#3806,#3807);
#3388=AXIS2_PLACEMENT_3D('',#4687,#3808,#3809);
#3389=AXIS2_PLACEMENT_3D('',#4689,#3810,#3811);
#3390=AXIS2_PLACEMENT_3D('',#4691,#3813,#3814);
#3391=AXIS2_PLACEMENT_3D('',#4694,#3816,#3817);
#3392=AXIS2_PLACEMENT_3D('',#4695,#3818,#3819);
#3393=AXIS2_PLACEMENT_3D('',#4698,#3821,#3822);
#3394=AXIS2_PLACEMENT_3D('',#4699,#3823,#3824);
#3395=AXIS2_PLACEMENT_3D('',#4702,#3826,#3827);
#3396=AXIS2_PLACEMENT_3D('',#4703,#3828,#3829);
#3397=AXIS2_PLACEMENT_3D('',#4704,#3830,#3831);
#3398=AXIS2_PLACEMENT_3D('',#4705,#3832,#3833);
#3399=AXIS2_PLACEMENT_3D('',#4708,#3835,#3836);
#3400=AXIS2_PLACEMENT_3D('',#4709,#3837,#3838);
#3401=AXIS2_PLACEMENT_3D('',#4712,#3840,#3841);
#3402=AXIS2_PLACEMENT_3D('',#4713,#3842,#3843);
#3403=AXIS2_PLACEMENT_3D('',#4716,#3845,#3846);
#3404=AXIS2_PLACEMENT_3D('',#4717,#3847,#3848);
#3405=AXIS2_PLACEMENT_3D('',#4720,#3850,#3851);
#3406=AXIS2_PLACEMENT_3D('',#4721,#3852,#3853);
#3407=AXIS2_PLACEMENT_3D('',#4724,#3855,#3856);
#3408=AXIS2_PLACEMENT_3D('',#4725,#3857,#3858);
#3409=AXIS2_PLACEMENT_3D('',#4728,#3860,#3861);
#3410=AXIS2_PLACEMENT_3D('',#4729,#3862,#3863);
#3411=AXIS2_PLACEMENT_3D('',#4731,#3864,#3865);
#3412=AXIS2_PLACEMENT_3D('',#4735,#3868,#3869);
#3413=AXIS2_PLACEMENT_3D('',#4740,#3872,#3873);
#3414=AXIS2_PLACEMENT_3D('',#4741,#3874,#3875);
#3415=AXIS2_PLACEMENT_3D('',#4756,#3877,#3878);
#3416=AXIS2_PLACEMENT_3D('',#4771,#3880,#3881);
#3417=AXIS2_PLACEMENT_3D('',#4786,#3883,#3884);
#3418=AXIS2_PLACEMENT_3D('',#4812,#3886,#3887);
#3419=AXIS2_PLACEMENT_3D('',#4816,#3889,#3890);
#3420=AXIS2_PLACEMENT_3D('',#4820,#3892,#3893);
#3421=AXIS2_PLACEMENT_3D('',#4846,#3895,#3896);
#3422=AXIS2_PLACEMENT_3D('',#4861,#3898,#3899);
#3423=AXIS2_PLACEMENT_3D('',#4876,#3901,#3902);
#3424=AXIS2_PLACEMENT_3D('',#4891,#3904,#3905);
#3425=AXIS2_PLACEMENT_3D('',#4917,#3907,#3908);
#3426=AXIS2_PLACEMENT_3D('',#4956,#3911,#3912);
#3427=AXIS2_PLACEMENT_3D('',#4982,#3914,#3915);
#3428=AXIS2_PLACEMENT_3D('',#4995,#3916,#3917);
#3429=AXIS2_PLACEMENT_3D('',#5021,#3919,#3920);
#3430=AXIS2_PLACEMENT_3D('',#5047,#3922,#3923);
#3431=AXIS2_PLACEMENT_3D('',#5073,#3925,#3926);
#3432=AXIS2_PLACEMENT_3D('',#5123,#3929,#3930);
#3433=AXIS2_PLACEMENT_3D('',#5148,#3932,#3933);
#3434=AXIS2_PLACEMENT_3D('',#5175,#3935,#3936);
#3435=AXIS2_PLACEMENT_3D('',#5200,#3938,#3939);
#3436=AXIS2_PLACEMENT_3D('',#5201,#3940,#3941);
#3437=AXIS2_PLACEMENT_3D('',#5203,#3943,#3944);
#3438=AXIS2_PLACEMENT_3D('',#5207,#3947,#3948);
#3439=AXIS2_PLACEMENT_3D('',#5219,#3956,#3957);
#3440=AXIS2_PLACEMENT_3D('',#5234,#3959,#3960);
#3441=AXIS2_PLACEMENT_3D('',#5245,#3961,#3962);
#3442=AXIS2_PLACEMENT_3D('',#5263,#3974,#3975);
#3443=AXIS2_PLACEMENT_3D('',#5264,#3976,#3977);
#3444=AXIS2_PLACEMENT_3D('',#5279,#3980,#3981);
#3445=AXIS2_PLACEMENT_3D('',#5281,#3982,#3983);
#3446=AXIS2_PLACEMENT_3D('',#5283,#3985,#3986);
#3447=AXIS2_PLACEMENT_3D('',#5296,#3988,#3989);
#3448=AXIS2_PLACEMENT_3D('',#5313,#4000,#4001);
#3449=AXIS2_PLACEMENT_3D('',#5328,#4004,#4005);
#3450=AXIS2_PLACEMENT_3D('',#5344,#4015,#4016);
#3451=AXIS2_PLACEMENT_3D('',#5357,#4018,#4019);
#3452=AXIS2_PLACEMENT_3D('',#5358,#4020,#4021);
#3453=AXIS2_PLACEMENT_3D('',#5359,#4022,#4023);
#3454=AXIS2_PLACEMENT_3D('',#5372,#4025,#4026);
#3455=AXIS2_PLACEMENT_3D('',#5385,#4028,#4029);
#3456=AXIS2_PLACEMENT_3D('',#5387,#4030,#4031);
#3457=AXIS2_PLACEMENT_3D('',#5389,#4033,#4034);
#3458=AXIS2_PLACEMENT_3D('',#5402,#4036,#4037);
#3459=AXIS2_PLACEMENT_3D('',#5403,#4038,#4039);
#3460=AXIS2_PLACEMENT_3D('',#5404,#4040,#4041);
#3461=AXIS2_PLACEMENT_3D('',#5415,#4042,#4043);
#3462=AXIS2_PLACEMENT_3D('',#5428,#4045,#4046);
#3463=AXIS2_PLACEMENT_3D('',#5443,#4049,#4050);
#3464=AXIS2_PLACEMENT_3D('',#5445,#4051,#4052);
#3465=AXIS2_PLACEMENT_3D('',#5447,#4054,#4055);
#3466=AXIS2_PLACEMENT_3D('',#5462,#4058,#4059);
#3467=AXIS2_PLACEMENT_3D('',#5480,#4070,#4071);
#3468=AXIS2_PLACEMENT_3D('',#5493,#4073,#4074);
#3469=AXIS2_PLACEMENT_3D('',#5495,#4075,#4076);
#3470=AXIS2_PLACEMENT_3D('',#5497,#4078,#4079);
#3471=AXIS2_PLACEMENT_3D('',#5510,#4081,#4082);
#3472=AXIS2_PLACEMENT_3D('',#5523,#4084,#4085);
#3473=AXIS2_PLACEMENT_3D('',#5525,#4086,#4087);
#3474=AXIS2_PLACEMENT_3D('',#5527,#4089,#4090);
#3475=AXIS2_PLACEMENT_3D('',#5542,#4093,#4094);
#3476=AXIS2_PLACEMENT_3D('',#5549,#4098,#4099);
#3477=AXIS2_PLACEMENT_3D('',#5553,#4101,#4102);
#3478=AXIS2_PLACEMENT_3D('',#5559,#4106,#4107);
#3479=AXIS2_PLACEMENT_3D('',#5572,#4109,#4110);
#3480=AXIS2_PLACEMENT_3D('',#5574,#4111,#4112);
#3481=AXIS2_PLACEMENT_3D('',#5576,#4114,#4115);
#3482=AXIS2_PLACEMENT_3D('',#5589,#4117,#4118);
#3483=AXIS2_PLACEMENT_3D('',#5590,#4119,#4120);
#3484=AXIS2_PLACEMENT_3D('',#5591,#4121,#4122);
#3485=AXIS2_PLACEMENT_3D('',#5602,#4123,#4124);
#3486=AXIS2_PLACEMENT_3D('',#5615,#4126,#4127);
#3487=AXIS2_PLACEMENT_3D('',#5616,#4128,#4129);
#3488=AXIS2_PLACEMENT_3D('',#5617,#4130,#4131);
#3489=AXIS2_PLACEMENT_3D('',#5628,#4132,#4133);
#3490=AXIS2_PLACEMENT_3D('',#5629,#4134,#4135);
#3491=AXIS2_PLACEMENT_3D('',#5630,#4136,#4137);
#3492=AXIS2_PLACEMENT_3D('',#5631,#4138,#4139);
#3493=AXIS2_PLACEMENT_3D('',#5632,#4140,#4141);
#3494=AXIS2_PLACEMENT_3D('',#5639,#4145,#4146);
#3495=AXIS2_PLACEMENT_3D('',#5647,#4150,#4151);
#3496=AXIS2_PLACEMENT_3D('',#5649,#4153,#4154);
#3497=AXIS2_PLACEMENT_3D('',#5651,#4156,#4157);
#3498=AXIS2_PLACEMENT_3D('',#5652,#4158,#4159);
#3499=AXIS2_PLACEMENT_3D('',#5654,#4161,#4162);
#3500=AXIS2_PLACEMENT_3D('',#5657,#4164,#4165);
#3501=AXIS2_PLACEMENT_3D('',#5658,#4166,#4167);
#3502=AXIS2_PLACEMENT_3D('',#5660,#4169,#4170);
#3503=AXIS2_PLACEMENT_3D('',#5664,#4172,#4173);
#3504=AXIS2_PLACEMENT_3D('',#5681,#4184,#4185);
#3505=AXIS2_PLACEMENT_3D('',#5685,#4188,#4189);
#3506=AXIS2_PLACEMENT_3D('',#5689,#4192,#4193);
#3507=AXIS2_PLACEMENT_3D('',#5698,#4197,#4198);
#3508=AXIS2_PLACEMENT_3D('',#5709,#4204,#4205);
#3509=AXIS2_PLACEMENT_3D('',#5710,#4206,#4207);
#3510=AXIS2_PLACEMENT_3D('',#5712,#4209,#4210);
#3511=AXIS2_PLACEMENT_3D('',#5713,#4211,#4212);
#3512=AXIS2_PLACEMENT_3D('',#5715,#4214,#4215);
#3513=AXIS2_PLACEMENT_3D('',#5719,#4218,#4219);
#3514=AXIS2_PLACEMENT_3D('',#5722,#4221,#4222);
#3515=AXIS2_PLACEMENT_3D('',#5724,#4223,#4224);
#3516=AXIS2_PLACEMENT_3D('',#5726,#4226,#4227);
#3517=AXIS2_PLACEMENT_3D('',#5730,#4230,#4231);
#3518=AXIS2_PLACEMENT_3D('',#5733,#4233,#4234);
#3519=AXIS2_PLACEMENT_3D('',#5734,#4235,#4236);
#3520=AXIS2_PLACEMENT_3D('',#5737,#4238,#4239);
#3521=AXIS2_PLACEMENT_3D('',#5738,#4240,#4241);
#3522=AXIS2_PLACEMENT_3D('',#5739,#4242,#4243);
#3523=AXIS2_PLACEMENT_3D('',#5752,#4245,#4246);
#3524=AXIS2_PLACEMENT_3D('',#5754,#4247,#4248);
#3525=AXIS2_PLACEMENT_3D('',#5756,#4250,#4251);
#3526=AXIS2_PLACEMENT_3D('',#5767,#4252,#4253);
#3527=AXIS2_PLACEMENT_3D('',#5780,#4255,#4256);
#3528=AXIS2_PLACEMENT_3D('',#5795,#4259,#4260);
#3529=AXIS2_PLACEMENT_3D('',#5796,#4261,#4262);
#3530=AXIS2_PLACEMENT_3D('',#5797,#4263,#4264);
#3531=AXIS2_PLACEMENT_3D('',#5813,#4266,#4267);
#3532=AXIS2_PLACEMENT_3D('',#5815,#4269,#4270);
#3533=AXIS2_PLACEMENT_3D('',#5818,#4272,#4273);
#3534=AXIS2_PLACEMENT_3D('',#5822,#4276,#4277);
#3535=AXIS2_PLACEMENT_3D('',#5835,#4279,#4280);
#3536=AXIS2_PLACEMENT_3D('',#5843,#4286,#4287);
#3537=AXIS2_PLACEMENT_3D('',#5854,#4288,#4289);
#3538=AXIS2_PLACEMENT_3D('',#5856,#4290,#4291);
#3539=AXIS2_PLACEMENT_3D('',#5869,#4293,#4294);
#3540=AXIS2_PLACEMENT_3D('',#5871,#4295,#4296);
#3541=AXIS2_PLACEMENT_3D('',#5873,#4297,#4298);
#3542=AXIS2_PLACEMENT_3D('',#5875,#4300,#4301);
#3543=AXIS2_PLACEMENT_3D('',#5877,#4302,#4303);
#3544=AXIS2_PLACEMENT_3D('',#5879,#4304,#4305);
#3545=AXIS2_PLACEMENT_3D('',#5881,#4307,#4308);
#3546=AXIS2_PLACEMENT_3D('',#5883,#4309,#4310);
#3547=AXIS2_PLACEMENT_3D('',#5885,#4311,#4312);
#3548=AXIS2_PLACEMENT_3D('',#5887,#4314,#4315);
#3549=AXIS2_PLACEMENT_3D('',#5888,#4316,#4317);
#3550=AXIS2_PLACEMENT_3D('',#5889,#4318,#4319);
#3551=AXIS2_PLACEMENT_3D('',#5891,#4320,#4321);
#3552=AXIS2_PLACEMENT_3D('',#5893,#4322,#4323);
#3553=AXIS2_PLACEMENT_3D('',#5895,#4325,#4326);
#3554=AXIS2_PLACEMENT_3D('',#5908,#4327,#4328);
#3555=AXIS2_PLACEMENT_3D('',#5910,#4330,#4331);
#3556=AXIS2_PLACEMENT_3D('',#5912,#4333,#4334);
#3557=AXIS2_PLACEMENT_3D('',#5914,#4336,#4337);
#3558=AXIS2_PLACEMENT_3D('',#5927,#4339,#4340);
#3559=AXIS2_PLACEMENT_3D('',#5938,#4341,#4342);
#3560=AXIS2_PLACEMENT_3D('',#5939,#4343,#4344);
#3561=AXIS2_PLACEMENT_3D('',#5940,#4345,#4346);
#3562=AXIS2_PLACEMENT_3D('',#5942,#4347,#4348);
#3563=AXIS2_PLACEMENT_3D('',#5955,#4350,#4351);
#3564=AXIS2_PLACEMENT_3D('',#5956,#4352,#4353);
#3565=AXIS2_PLACEMENT_3D('',#5969,#4355,#4356);
#3566=AXIS2_PLACEMENT_3D('',#5970,#4357,#4358);
#3567=AXIS2_PLACEMENT_3D('',#5971,#4359,#4360);
#3568=AXIS2_PLACEMENT_3D('',#5982,#4361,#4362);
#3569=AXIS2_PLACEMENT_3D('',#5984,#4363,#4364);
#3570=AXIS2_PLACEMENT_3D('',#5986,#4366,#4367);
#3571=AXIS2_PLACEMENT_3D('',#5988,#4368,#4369);
#3572=AXIS2_PLACEMENT_3D('',#5990,#4371,#4372);
#3573=AXIS2_PLACEMENT_3D('',#5992,#4373,#4374);
#3574=AXIS2_PLACEMENT_3D('',#5994,#4376,#4377);
#3575=AXIS2_PLACEMENT_3D('',#5998,#4380,#4381);
#3576=AXIS2_PLACEMENT_3D('',#5999,#4382,#4383);
#3577=AXIS2_PLACEMENT_3D('',#6000,#4384,#4385);
#3578=AXIS2_PLACEMENT_3D('',#6002,#4386,#4387);
#3579=AXIS2_PLACEMENT_3D('',#6004,#4389,#4390);
#3580=AXIS2_PLACEMENT_3D('',#6008,#4393,#4394);
#3581=AXIS2_PLACEMENT_3D('',#6012,#4397,#4398);
#3582=AXIS2_PLACEMENT_3D('',#6014,#4400,#4401);
#3583=AXIS2_PLACEMENT_3D('',#6015,#4402,#4403);
#3584=AXIS2_PLACEMENT_3D('',#6016,#4404,#4405);
#3585=AXIS2_PLACEMENT_3D('',#6017,#4406,#4407);
#3586=AXIS2_PLACEMENT_3D('',#6018,#4408,#4409);
#3587=AXIS2_PLACEMENT_3D('',#6020,#4411,#4412);
#3588=AXIS2_PLACEMENT_3D('',#6021,#4413,#4414);
#3589=AXIS2_PLACEMENT_3D('',#6023,#4416,#4417);
#3590=AXIS2_PLACEMENT_3D('',#6024,#4418,#4419);
#3591=AXIS2_PLACEMENT_3D('',#6026,#4421,#4422);
#3592=AXIS2_PLACEMENT_3D('',#6032,#4426,#4427);
#3593=AXIS2_PLACEMENT_3D('',#6034,#4429,#4430);
#3594=AXIS2_PLACEMENT_3D('',#6036,#4432,#4433);
#3595=AXIS2_PLACEMENT_3D('',#6042,#4437,#4438);
#3596=AXIS2_PLACEMENT_3D('',#6044,#4439,#4440);
#3597=AXIS2_PLACEMENT_3D('',#6046,#4442,#4443);
#3598=AXIS2_PLACEMENT_3D('',#6048,#4444,#4445);
#3599=AXIS2_PLACEMENT_3D('',#6050,#4447,#4448);
#3600=AXIS2_PLACEMENT_3D('',#6052,#4450,#4451);
#3601=AXIS2_PLACEMENT_3D('',#6056,#4454,#4455);
#3602=AXIS2_PLACEMENT_3D('',#6058,#4457,#4458);
#3603=AXIS2_PLACEMENT_3D('',#6060,#4460,#4461);
#3604=AXIS2_PLACEMENT_3D('',#6061,#4462,#4463);
#3605=AXIS2_PLACEMENT_3D('',#6062,#4464,#4465);
#3606=AXIS2_PLACEMENT_3D('',#6066,#4468,#4469);
#3607=AXIS2_PLACEMENT_3D('',#6070,#4472,#4473);
#3608=AXIS2_PLACEMENT_3D('',#6074,#4476,#4477);
#3609=AXIS2_PLACEMENT_3D('',#6076,#4479,#4480);
#3610=AXIS2_PLACEMENT_3D('',#6077,#4481,#4482);
#3611=AXIS2_PLACEMENT_3D('',#6079,#4484,#4485);
#3612=DIRECTION('axis',(0.,0.,1.));
#3613=DIRECTION('refdir',(1.,0.,0.));
#3614=DIRECTION('center_axis',(0.,0.,-1.));
#3615=DIRECTION('ref_axis',(1.,0.,0.));
#3616=DIRECTION('center_axis',(0.,0.,-1.));
#3617=DIRECTION('ref_axis',(1.,0.,0.));
#3618=DIRECTION('',(0.707106781186548,-8.65956056235493E-17,0.707106781186548));
#3619=DIRECTION('center_axis',(0.,0.,1.));
#3620=DIRECTION('ref_axis',(1.,0.,0.));
#3621=DIRECTION('center_axis',(0.,0.,1.));
#3622=DIRECTION('ref_axis',(1.,0.,0.));
#3623=DIRECTION('',(1.,0.,0.));
#3624=DIRECTION('',(0.,-1.,0.));
#3625=DIRECTION('',(-1.,0.,0.));
#3626=DIRECTION('',(0.,1.,0.));
#3627=DIRECTION('center_axis',(0.,0.,-1.));
#3628=DIRECTION('ref_axis',(1.,0.,0.));
#3629=DIRECTION('center_axis',(0.,0.,1.));
#3630=DIRECTION('ref_axis',(1.,0.,0.));
#3631=DIRECTION('',(0.,0.,1.));
#3632=DIRECTION('center_axis',(0.,0.,1.));
#3633=DIRECTION('ref_axis',(1.,0.,0.));
#3634=DIRECTION('center_axis',(0.,0.,-1.));
#3635=DIRECTION('ref_axis',(1.,0.,0.));
#3636=DIRECTION('',(0.707106781186548,-8.65956056235493E-17,0.707106781186548));
#3637=DIRECTION('center_axis',(0.,0.,1.));
#3638=DIRECTION('ref_axis',(1.,0.,0.));
#3639=DIRECTION('center_axis',(0.,0.,1.));
#3640=DIRECTION('ref_axis',(1.,0.,0.));
#3641=DIRECTION('',(0.,0.,1.));
#3642=DIRECTION('center_axis',(0.,0.,1.));
#3643=DIRECTION('ref_axis',(1.,0.,0.));
#3644=DIRECTION('center_axis',(-1.,0.,0.));
#3645=DIRECTION('ref_axis',(0.,1.,0.));
#3646=DIRECTION('center_axis',(-1.,0.,0.));
#3647=DIRECTION('ref_axis',(0.,1.,0.));
#3648=DIRECTION('',(0.707106781186546,0.707106781186549,-8.65956056235495E-17));
#3649=DIRECTION('center_axis',(1.,0.,0.));
#3650=DIRECTION('ref_axis',(0.,1.,0.));
#3651=DIRECTION('center_axis',(-1.,0.,0.));
#3652=DIRECTION('ref_axis',(0.,-1.,0.));
#3653=DIRECTION('',(0.,0.,1.));
#3654=DIRECTION('',(0.,0.,1.));
#3655=DIRECTION('',(0.,0.,1.));
#3656=DIRECTION('',(0.,-1.,0.));
#3657=DIRECTION('',(0.,0.,1.));
#3658=DIRECTION('',(0.,0.,1.));
#3659=DIRECTION('',(0.,0.,1.));
#3660=DIRECTION('',(0.,-1.,0.));
#3661=DIRECTION('center_axis',(1.,0.,0.));
#3662=DIRECTION('ref_axis',(0.,-2.3311769545935E-15,1.));
#3663=DIRECTION('',(0.,-6.1346761962987E-17,-1.));
#3664=DIRECTION('',(0.,0.,1.));
#3665=DIRECTION('',(0.,-1.,0.));
#3666=DIRECTION('',(0.,0.,1.));
#3667=DIRECTION('',(0.,1.,0.));
#3668=DIRECTION('center_axis',(1.,0.,0.));
#3669=DIRECTION('ref_axis',(0.,1.,0.));
#3670=DIRECTION('center_axis',(1.,0.,0.));
#3671=DIRECTION('ref_axis',(0.,1.,0.));
#3672=DIRECTION('center_axis',(1.,0.,0.));
#3673=DIRECTION('ref_axis',(0.,1.,0.));
#3674=DIRECTION('center_axis',(1.,0.,0.));
#3675=DIRECTION('ref_axis',(0.,1.,0.));
#3676=DIRECTION('center_axis',(-1.,0.,0.));
#3677=DIRECTION('ref_axis',(0.,1.,0.));
#3678=DIRECTION('center_axis',(-1.,0.,0.));
#3679=DIRECTION('ref_axis',(0.,1.,0.));
#3680=DIRECTION('',(-1.,0.,0.));
#3681=DIRECTION('center_axis',(0.792289643355193,0.610145163901264,0.));
#3682=DIRECTION('ref_axis',(-0.610145163901268,0.792289643355191,0.));
#3683=DIRECTION('center_axis',(0.792289643355191,0.610145163901268,0.));
#3684=DIRECTION('ref_axis',(-0.610145163901268,0.792289643355191,0.));
#3685=DIRECTION('',(-0.991671162383091,0.128795596577556,8.65956056235483E-17));
#3686=DIRECTION('center_axis',(-0.792289643355191,-0.610145163901268,0.));
#3687=DIRECTION('ref_axis',(-0.610145163901268,0.792289643355191,0.));
#3688=DIRECTION('center_axis',(-0.792289643355191,-0.610145163901268,0.));
#3689=DIRECTION('ref_axis',(-0.610145163901268,0.792289643355191,0.));
#3690=DIRECTION('',(0.,0.,1.));
#3691=DIRECTION('',(0.610145163901268,-0.792289643355191,0.));
#3692=DIRECTION('',(0.,0.,-1.));
#3693=DIRECTION('',(-0.610145163901268,0.792289643355191,0.));
#3694=DIRECTION('center_axis',(0.792289643355191,0.610145163901268,0.));
#3695=DIRECTION('ref_axis',(-0.610145163901268,0.792289643355191,0.));
#3696=DIRECTION('center_axis',(-0.792289643355191,-0.610145163901268,0.));
#3697=DIRECTION('ref_axis',(-0.610145163901268,0.79228964335519,0.));
#3698=DIRECTION('center_axis',(-0.792289643355191,-0.610145163901268,0.));
#3699=DIRECTION('ref_axis',(-0.610145163901268,0.79228964335519,0.));
#3700=DIRECTION('center_axis',(-0.792289643355191,-0.610145163901268,0.));
#3701=DIRECTION('ref_axis',(-0.610145163901268,0.79228964335519,0.));
#3702=DIRECTION('center_axis',(-0.792289643355191,-0.610145163901268,0.));
#3703=DIRECTION('ref_axis',(-0.610145163901268,0.792289643355191,0.));
#3704=DIRECTION('',(-0.792289643355191,-0.610145163901268,0.));
#3705=DIRECTION('center_axis',(0.792289643355191,0.610145163901267,0.));
#3706=DIRECTION('ref_axis',(-0.610145163901268,0.792289643355191,0.));
#3707=DIRECTION('center_axis',(0.792289643355193,0.610145163901264,0.));
#3708=DIRECTION('ref_axis',(-0.610145163901268,0.792289643355191,0.));
#3709=DIRECTION('',(-0.991671162383091,0.128795596577556,8.65956056235483E-17));
#3710=DIRECTION('center_axis',(-0.792289643355191,-0.610145163901268,0.));
#3711=DIRECTION('ref_axis',(-0.610145163901268,0.792289643355191,0.));
#3712=DIRECTION('center_axis',(-0.792289643355191,-0.610145163901268,0.));
#3713=DIRECTION('ref_axis',(-0.610145163901268,0.792289643355191,0.));
#3714=DIRECTION('',(-0.792289643355191,-0.610145163901268,0.));
#3715=DIRECTION('center_axis',(0.792289643355191,0.610145163901267,0.));
#3716=DIRECTION('ref_axis',(-0.610145163901268,0.792289643355191,0.));
#3717=DIRECTION('center_axis',(0.,0.,-1.));
#3718=DIRECTION('ref_axis',(1.,0.,0.));
#3719=DIRECTION('center_axis',(0.,0.,-1.));
#3720=DIRECTION('ref_axis',(1.,0.,0.));
#3721=DIRECTION('',(0.707106781186547,-8.65956056235493E-17,0.707106781186547));
#3722=DIRECTION('center_axis',(0.,0.,1.));
#3723=DIRECTION('ref_axis',(1.,0.,0.));
#3724=DIRECTION('center_axis',(0.,0.,1.));
#3725=DIRECTION('ref_axis',(1.,0.,0.));
#3726=DIRECTION('',(0.792289643355191,0.610145163901267,0.));
#3727=DIRECTION('',(0.610145163901267,-0.792289643355191,0.));
#3728=DIRECTION('center_axis',(0.,0.,-1.));
#3729=DIRECTION('ref_axis',(1.,0.,0.));
#3730=DIRECTION('',(-0.953190667792947,0.302369890750444,0.));
#3731=DIRECTION('',(0.302369890750446,0.953190667792946,0.));
#3732=DIRECTION('',(0.953190667792946,-0.302369890750448,0.));
#3733=DIRECTION('center_axis',(0.,0.,-1.));
#3734=DIRECTION('ref_axis',(1.,0.,0.));
#3735=DIRECTION('',(-0.950515731627783,-0.310676429630733,0.));
#3736=DIRECTION('',(-0.31067642963073,0.950515731627784,0.));
#3737=DIRECTION('',(0.950515731627783,0.310676429630733,0.));
#3738=DIRECTION('center_axis',(0.,0.,-1.));
#3739=DIRECTION('ref_axis',(1.,0.,0.));
#3740=DIRECTION('',(-0.675590207615661,-0.737277336810124,0.));
#3741=DIRECTION('',(-0.737277336810122,0.675590207615662,0.));
#3742=DIRECTION('',(-0.67559020761566,-0.737277336810124,0.));
#3743=DIRECTION('center_axis',(0.,0.,1.));
#3744=DIRECTION('ref_axis',(0.958333333333333,0.285652275016711,0.));
#3745=DIRECTION('center_axis',(0.,0.,-1.));
#3746=DIRECTION('ref_axis',(1.,0.,0.));
#3747=DIRECTION('center_axis',(0.,0.,1.));
#3748=DIRECTION('ref_axis',(1.,0.,0.));
#3749=DIRECTION('center_axis',(0.,0.,1.));
#3750=DIRECTION('ref_axis',(1.,0.,0.));
#3751=DIRECTION('center_axis',(0.,0.,1.));
#3752=DIRECTION('ref_axis',(1.,0.,0.));
#3753=DIRECTION('center_axis',(0.,0.,1.));
#3754=DIRECTION('ref_axis',(1.,0.,0.));
#3755=DIRECTION('',(0.,0.,1.));
#3756=DIRECTION('center_axis',(0.,0.,-1.));
#3757=DIRECTION('ref_axis',(1.,0.,0.));
#3758=DIRECTION('center_axis',(0.,0.,-1.));
#3759=DIRECTION('ref_axis',(1.,0.,0.));
#3760=DIRECTION('',(0.707106781186547,-8.65956056235493E-17,0.707106781186547));
#3761=DIRECTION('center_axis',(0.,0.,1.));
#3762=DIRECTION('ref_axis',(1.,0.,0.));
#3763=DIRECTION('center_axis',(0.,0.,1.));
#3764=DIRECTION('ref_axis',(1.,0.,0.));
#3765=DIRECTION('',(0.,0.,1.));
#3766=DIRECTION('center_axis',(0.,0.,-1.));
#3767=DIRECTION('ref_axis',(1.,0.,0.));
#3768=DIRECTION('center_axis',(0.,0.,-1.));
#3769=DIRECTION('ref_axis',(1.,0.,0.));
#3770=DIRECTION('center_axis',(0.,0.,-1.));
#3771=DIRECTION('ref_axis',(1.,0.,0.));
#3772=DIRECTION('center_axis',(-0.737277336810124,0.67559020761566,0.));
#3773=DIRECTION('ref_axis',(0.,0.,1.));
#3774=DIRECTION('center_axis',(-0.737277336810124,0.67559020761566,0.));
#3775=DIRECTION('ref_axis',(0.67559020761566,0.737277336810124,0.));
#3776=DIRECTION('center_axis',(-0.67559020761566,-0.737277336810124,0.));
#3777=DIRECTION('ref_axis',(0.,0.,-1.));
#3778=DIRECTION('center_axis',(0.737277336810124,-0.67559020761566,0.));
#3779=DIRECTION('ref_axis',(0.67559020761566,0.737277336810124,0.));
#3780=DIRECTION('center_axis',(-0.737277336810124,0.67559020761566,0.));
#3781=DIRECTION('ref_axis',(0.67559020761566,0.737277336810124,0.));
#3782=DIRECTION('center_axis',(-0.737277336810124,0.67559020761566,0.));
#3783=DIRECTION('ref_axis',(0.67559020761566,0.737277336810124,0.));
#3784=DIRECTION('',(0.,0.,1.));
#3785=DIRECTION('',(0.,0.,-1.));
#3786=DIRECTION('',(0.67559020761566,0.737277336810124,0.));
#3787=DIRECTION('center_axis',(0.737277336810124,-0.67559020761566,0.));
#3788=DIRECTION('ref_axis',(0.67559020761566,0.737277336810124,0.));
#3789=DIRECTION('center_axis',(-0.737277336810124,0.67559020761566,0.));
#3790=DIRECTION('ref_axis',(0.675590207615661,0.737277336810124,0.));
#3791=DIRECTION('center_axis',(-0.737277336810124,0.67559020761566,0.));
#3792=DIRECTION('ref_axis',(0.675590207615661,0.737277336810124,0.));
#3793=DIRECTION('center_axis',(-0.737277336810124,0.67559020761566,0.));
#3794=DIRECTION('ref_axis',(0.675590207615661,0.737277336810124,0.));
#3795=DIRECTION('center_axis',(0.737277336810122,-0.675590207615662,0.));
#3796=DIRECTION('ref_axis',(0.675590207615662,0.737277336810122,0.));
#3797=DIRECTION('center_axis',(0.737277336810124,-0.67559020761566,0.));
#3798=DIRECTION('ref_axis',(0.67559020761566,0.737277336810124,0.));
#3799=DIRECTION('',(-0.737277336810122,0.675590207615662,0.));
#3800=DIRECTION('center_axis',(-0.737277336810124,0.67559020761566,0.));
#3801=DIRECTION('ref_axis',(0.,0.,1.));
#3802=DIRECTION('center_axis',(-0.737277336810124,0.67559020761566,0.));
#3803=DIRECTION('ref_axis',(0.67559020761566,0.737277336810124,0.));
#3804=DIRECTION('center_axis',(-0.67559020761566,-0.737277336810124,0.));
#3805=DIRECTION('ref_axis',(0.,0.,-1.));
#3806=DIRECTION('center_axis',(-0.737277336810124,0.67559020761566,0.));
#3807=DIRECTION('ref_axis',(0.67559020761566,0.737277336810124,0.));
#3808=DIRECTION('center_axis',(0.737277336810122,-0.675590207615662,0.));
#3809=DIRECTION('ref_axis',(0.675590207615662,0.737277336810122,0.));
#3810=DIRECTION('center_axis',(0.737277336810124,-0.67559020761566,0.));
#3811=DIRECTION('ref_axis',(0.67559020761566,0.737277336810124,0.));
#3812=DIRECTION('',(-0.737277336810122,0.675590207615662,0.));
#3813=DIRECTION('center_axis',(-0.737277336810124,0.675590207615661,0.));
#3814=DIRECTION('ref_axis',(0.675590207615661,0.737277336810124,0.));
#3815=DIRECTION('',(-0.737277336810124,0.67559020761566,0.));
#3816=DIRECTION('center_axis',(0.737277336810124,-0.675590207615661,0.));
#3817=DIRECTION('ref_axis',(0.675590207615661,0.737277336810124,0.));
#3818=DIRECTION('center_axis',(-0.737277336810124,0.675590207615661,0.));
#3819=DIRECTION('ref_axis',(0.675590207615661,0.737277336810124,0.));
#3820=DIRECTION('',(-0.737277336810124,0.67559020761566,0.));
#3821=DIRECTION('center_axis',(0.737277336810124,-0.675590207615661,0.));
#3822=DIRECTION('ref_axis',(0.675590207615661,0.737277336810124,0.));
#3823=DIRECTION('center_axis',(-0.737277336810124,0.675590207615661,0.));
#3824=DIRECTION('ref_axis',(0.675590207615661,0.737277336810124,0.));
#3825=DIRECTION('',(-0.737277336810124,0.67559020761566,0.));
#3826=DIRECTION('center_axis',(0.737277336810124,-0.675590207615661,0.));
#3827=DIRECTION('ref_axis',(0.675590207615661,0.737277336810124,0.));
#3828=DIRECTION('center_axis',(0.737277336810124,-0.67559020761566,0.));
#3829=DIRECTION('ref_axis',(0.67559020761566,0.737277336810124,0.));
#3830=DIRECTION('center_axis',(0.737277336810124,-0.67559020761566,0.));
#3831=DIRECTION('ref_axis',(0.67559020761566,0.737277336810124,0.));
#3832=DIRECTION('center_axis',(-0.792289643355191,-0.610145163901268,0.));
#3833=DIRECTION('ref_axis',(-0.610145163901268,0.79228964335519,0.));
#3834=DIRECTION('',(-0.792289643355191,-0.610145163901268,0.));
#3835=DIRECTION('center_axis',(0.792289643355191,0.610145163901267,0.));
#3836=DIRECTION('ref_axis',(-0.610145163901268,0.79228964335519,0.));
#3837=DIRECTION('center_axis',(-0.792289643355191,-0.610145163901268,0.));
#3838=DIRECTION('ref_axis',(-0.610145163901268,0.79228964335519,0.));
#3839=DIRECTION('',(-0.792289643355191,-0.610145163901268,0.));
#3840=DIRECTION('center_axis',(0.792289643355191,0.610145163901267,0.));
#3841=DIRECTION('ref_axis',(-0.610145163901268,0.79228964335519,0.));
#3842=DIRECTION('center_axis',(-0.792289643355191,-0.610145163901268,0.));
#3843=DIRECTION('ref_axis',(-0.610145163901268,0.79228964335519,0.));
#3844=DIRECTION('',(-0.792289643355191,-0.610145163901268,0.));
#3845=DIRECTION('center_axis',(0.792289643355191,0.610145163901267,0.));
#3846=DIRECTION('ref_axis',(-0.610145163901268,0.79228964335519,0.));
#3847=DIRECTION('center_axis',(0.,0.,1.));
#3848=DIRECTION('ref_axis',(1.,0.,0.));
#3849=DIRECTION('',(0.,0.,1.));
#3850=DIRECTION('center_axis',(0.,0.,-1.));
#3851=DIRECTION('ref_axis',(1.,0.,0.));
#3852=DIRECTION('center_axis',(0.,0.,1.));
#3853=DIRECTION('ref_axis',(1.,0.,0.));
#3854=DIRECTION('',(0.,0.,1.));
#3855=DIRECTION('center_axis',(0.,0.,-1.));
#3856=DIRECTION('ref_axis',(1.,0.,0.));
#3857=DIRECTION('center_axis',(0.,0.,1.));
#3858=DIRECTION('ref_axis',(1.,0.,0.));
#3859=DIRECTION('',(0.,0.,1.));
#3860=DIRECTION('center_axis',(0.,0.,-1.));
#3861=DIRECTION('ref_axis',(1.,0.,0.));
#3862=DIRECTION('center_axis',(0.,0.,1.));
#3863=DIRECTION('ref_axis',(1.,0.,0.));
#3864=DIRECTION('center_axis',(0.,0.,1.));
#3865=DIRECTION('ref_axis',(0.958333333333333,0.285652275016711,0.));
#3866=DIRECTION('',(0.610145163901267,-0.792289643355191,0.));
#3867=DIRECTION('',(0.792289643355191,0.610145163901267,0.));
#3868=DIRECTION('center_axis',(0.,0.,1.));
#3869=DIRECTION('ref_axis',(1.,0.,0.));
#3870=DIRECTION('',(-0.737277336810122,0.675590207615662,0.));
#3871=DIRECTION('',(-0.675590207615661,-0.737277336810124,0.));
#3872=DIRECTION('center_axis',(0.,0.,1.));
#3873=DIRECTION('ref_axis',(-0.958333333333333,-0.285652275016711,0.));
#3874=DIRECTION('center_axis',(0.,0.,1.));
#3875=DIRECTION('ref_axis',(-0.999085906264048,0.0427475368243223,0.));
#3876=DIRECTION('',(0.,0.,1.));
#3877=DIRECTION('center_axis',(0.,-3.67394039744206E-16,-1.));
#3878=DIRECTION('ref_axis',(-0.663926212652242,-0.747798090498531,2.74736561381259E-16));
#3879=DIRECTION('',(0.,0.,1.));
#3880=DIRECTION('center_axis',(0.,0.,1.));
#3881=DIRECTION('ref_axis',(-0.936502556650885,-0.350660749708826,0.));
#3882=DIRECTION('',(0.,0.,1.));
#3883=DIRECTION('center_axis',(0.,0.,1.));
#3884=DIRECTION('ref_axis',(-0.952129392742139,-0.305695304963105,0.));
#3885=DIRECTION('',(0.,0.,1.));
#3886=DIRECTION('center_axis',(0.,0.,-1.));
#3887=DIRECTION('ref_axis',(0.958333333333333,0.285652275016711,0.));
#3888=DIRECTION('',(0.,0.,1.));
#3889=DIRECTION('center_axis',(0.,0.,1.));
#3890=DIRECTION('ref_axis',(1.,0.,0.));
#3891=DIRECTION('',(0.,0.,1.));
#3892=DIRECTION('center_axis',(0.,0.,-1.));
#3893=DIRECTION('ref_axis',(0.958333333333333,0.285652275016711,0.));
#3894=DIRECTION('',(0.,0.,1.));
#3895=DIRECTION('center_axis',(0.,0.,1.));
#3896=DIRECTION('ref_axis',(-0.604599114862375,0.796529918024196,0.));
#3897=DIRECTION('',(0.,0.,1.));
#3898=DIRECTION('center_axis',(0.,0.,1.));
#3899=DIRECTION('ref_axis',(-0.643158349073056,0.765733202896166,0.));
#3900=DIRECTION('',(0.,0.,1.));
#3901=DIRECTION('center_axis',(0.,-3.67394039744206E-16,-1.));
#3902=DIRECTION('ref_axis',(-0.895711760239413,0.444635179184927,-1.63356314693139E-16));
#3903=DIRECTION('',(0.,0.,1.));
#3904=DIRECTION('center_axis',(0.,0.,1.));
#3905=DIRECTION('ref_axis',(-0.604599114862375,0.796529918024196,0.));
#3906=DIRECTION('',(0.,0.,1.));
#3907=DIRECTION('center_axis',(0.,-1.22464679914735E-16,-1.));
#3908=DIRECTION('ref_axis',(-0.895711760239413,0.444635179184927,-5.44521048977131E-17));
#3909=DIRECTION('',(0.,0.,1.));
#3910=DIRECTION('',(0.,0.,1.));
#3911=DIRECTION('center_axis',(0.,0.,1.));
#3912=DIRECTION('ref_axis',(-0.952129392742139,-0.305695304963105,0.));
#3913=DIRECTION('',(0.,0.,1.));
#3914=DIRECTION('center_axis',(0.,-1.22464679914735E-16,-1.));
#3915=DIRECTION('ref_axis',(-0.663926212652242,-0.747798090498532,9.1578853793753E-17));
#3916=DIRECTION('center_axis',(0.,0.,1.));
#3917=DIRECTION('ref_axis',(1.,0.,0.));
#3918=DIRECTION('',(0.,0.,1.));
#3919=DIRECTION('center_axis',(0.,0.,1.));
#3920=DIRECTION('ref_axis',(-0.604599114862375,0.796529918024196,0.));
#3921=DIRECTION('',(0.,0.,1.));
#3922=DIRECTION('center_axis',(0.,0.,1.));
#3923=DIRECTION('ref_axis',(-0.952129392742139,-0.305695304963105,0.));
#3924=DIRECTION('',(0.,0.,1.));
#3925=DIRECTION('center_axis',(0.,0.,1.));
#3926=DIRECTION('ref_axis',(1.,0.,0.));
#3927=DIRECTION('',(0.,0.,1.));
#3928=DIRECTION('',(0.,0.,1.));
#3929=DIRECTION('center_axis',(0.,-1.22464679914735E-16,-1.));
#3930=DIRECTION('ref_axis',(-0.895711760239413,0.444635179184927,-5.44521048977131E-17));
#3931=DIRECTION('',(0.,0.,1.));
#3932=DIRECTION('center_axis',(0.,-3.67394039744206E-16,-1.));
#3933=DIRECTION('ref_axis',(-0.895711760239413,0.444635179184927,-1.63356314693139E-16));
#3934=DIRECTION('',(0.,0.,1.));
#3935=DIRECTION('center_axis',(0.,-1.22464679914735E-16,-1.));
#3936=DIRECTION('ref_axis',(-0.663926212652242,-0.747798090498532,9.1578853793753E-17));
#3937=DIRECTION('',(0.,0.,1.));
#3938=DIRECTION('center_axis',(0.,-3.67394039744206E-16,-1.));
#3939=DIRECTION('ref_axis',(-0.663926212652242,-0.747798090498531,2.74736561381259E-16));
#3940=DIRECTION('center_axis',(0.675590207615662,0.737277336810122,0.));
#3941=DIRECTION('ref_axis',(-0.737277336810122,0.675590207615662,0.));
#3942=DIRECTION('',(0.,0.,1.));
#3943=DIRECTION('center_axis',(0.,-1.,6.1346761962987E-17));
#3944=DIRECTION('ref_axis',(0.,6.1346761962987E-17,1.));
#3945=DIRECTION('',(-1.,0.,0.));
#3946=DIRECTION('',(0.,6.1346761962987E-17,1.));
#3947=DIRECTION('center_axis',(0.302369890750444,0.953190667792947,0.));
#3948=DIRECTION('ref_axis',(-0.953190667792947,0.302369890750444,0.));
#3949=DIRECTION('',(0.,0.,1.));
#3950=DIRECTION('',(0.953190667792947,-0.302369890750444,0.));
#3951=DIRECTION('',(-0.953190667792947,0.302369890750444,0.));
#3952=DIRECTION('',(0.,0.,1.));
#3953=DIRECTION('',(0.953190667792947,-0.302369890750444,0.));
#3954=DIRECTION('',(-0.953190667792947,0.302369890750444,0.));
#3955=DIRECTION('',(0.,0.,1.));
#3956=DIRECTION('center_axis',(0.,0.,1.));
#3957=DIRECTION('ref_axis',(1.,0.,0.));
#3958=DIRECTION('',(0.,0.,-1.));
#3959=DIRECTION('center_axis',(0.,0.,-1.));
#3960=DIRECTION('ref_axis',(1.,0.,0.));
#3961=DIRECTION('center_axis',(-0.792289643355191,-0.610145163901267,0.));
#3962=DIRECTION('ref_axis',(0.610145163901267,-0.792289643355191,0.));
#3963=DIRECTION('',(0.,0.,1.));
#3964=DIRECTION('',(-0.610145163901267,0.792289643355191,-2.9108249271976E-16));
#3965=DIRECTION('',(0.,0.,-1.));
#3966=DIRECTION('',(0.610145163901267,-0.792289643355191,2.9108249271976E-16));
#3967=DIRECTION('',(-0.610145163901267,0.792289643355191,-9.70274975732532E-17));
#3968=DIRECTION('',(0.,0.,-1.));
#3969=DIRECTION('',(0.610145163901267,-0.792289643355191,9.70274975732532E-17));
#3970=DIRECTION('',(-0.610145163901267,0.792289643355191,0.));
#3971=DIRECTION('',(0.,0.,-1.));
#3972=DIRECTION('',(0.610145163901267,-0.792289643355191,0.));
#3973=DIRECTION('',(-0.610145163901267,0.792289643355191,0.));
#3974=DIRECTION('center_axis',(0.610145163901267,-0.792289643355191,0.));
#3975=DIRECTION('ref_axis',(0.792289643355191,0.610145163901267,0.));
#3976=DIRECTION('center_axis',(-0.889452677407621,-0.457027279987108,1.6790909866777E-16));
#3977=DIRECTION('ref_axis',(-0.323167088866124,0.628938019739454,0.707106781186554));
#3978=DIRECTION('',(-0.889452677407621,-0.457027279987108,1.6790909866777E-16));
#3979=DIRECTION('',(0.889452677407621,0.457027279987108,-1.6790909866777E-16));
#3980=DIRECTION('center_axis',(0.,-3.67394039744206E-16,-1.));
#3981=DIRECTION('ref_axis',(-1.,0.,0.));
#3982=DIRECTION('center_axis',(0.,3.67394039744206E-16,1.));
#3983=DIRECTION('ref_axis',(-0.663926212652242,-0.747798090498531,2.74736561381259E-16));
#3984=DIRECTION('',(0.675590207615661,0.737277336810124,-2.70871299182521E-16));
#3985=DIRECTION('center_axis',(0.675590207615661,0.737277336810124,-2.70871299182521E-16));
#3986=DIRECTION('ref_axis',(0.521333804473595,-0.477714417108257,0.707106781186552));
#3987=DIRECTION('',(-0.675590207615661,-0.737277336810124,2.70871299182521E-16));
#3988=DIRECTION('center_axis',(-0.737277336810124,0.675590207615661,0.));
#3989=DIRECTION('ref_axis',(-0.675590207615661,-0.737277336810124,0.));
#3990=DIRECTION('',(0.,0.,1.));
#3991=DIRECTION('',(0.675590207615661,0.737277336810124,0.));
#3992=DIRECTION('',(-0.675590207615661,-0.737277336810124,0.));
#3993=DIRECTION('',(0.,0.,1.));
#3994=DIRECTION('',(0.675590207615661,0.737277336810124,0.));
#3995=DIRECTION('',(-0.675590207615661,-0.737277336810124,9.02904330608403E-17));
#3996=DIRECTION('',(0.,0.,1.));
#3997=DIRECTION('',(0.675590207615661,0.737277336810124,-9.02904330608403E-17));
#3998=DIRECTION('',(0.,0.,1.));
#3999=DIRECTION('',(0.675590207615661,0.737277336810124,-2.70871299182521E-16));
#4000=DIRECTION('center_axis',(0.889452677407621,0.457027279987108,-1.6790909866777E-16));
#4001=DIRECTION('ref_axis',(-0.323167088866124,0.628938019739454,-0.707106781186554));
#4002=DIRECTION('',(-0.889452677407621,-0.457027279987108,1.6790909866777E-16));
#4003=DIRECTION('',(0.889452677407621,0.457027279987108,-1.6790909866777E-16));
#4004=DIRECTION('center_axis',(0.457027279987108,-0.889452677407621,0.));
#4005=DIRECTION('ref_axis',(0.889452677407621,0.457027279987108,0.));
#4006=DIRECTION('',(-0.889452677407621,-0.457027279987108,5.59696995559232E-17));
#4007=DIRECTION('',(0.,0.,-1.));
#4008=DIRECTION('',(0.889452677407621,0.457027279987108,-5.59696995559232E-17));
#4009=DIRECTION('',(-0.889452677407621,-0.457027279987108,0.));
#4010=DIRECTION('',(0.,0.,-1.));
#4011=DIRECTION('',(-0.889452677407621,-0.457027279987108,0.));
#4012=DIRECTION('',(0.,0.,1.));
#4013=DIRECTION('',(0.889452677407621,0.457027279987108,0.));
#4014=DIRECTION('',(0.,0.,-1.));
#4015=DIRECTION('center_axis',(-0.675590207615661,-0.737277336810124,2.70871299182521E-16));
#4016=DIRECTION('ref_axis',(0.521333804473592,-0.477714417108266,-0.707106781186548));
#4017=DIRECTION('',(-0.675590207615661,-0.737277336810124,2.70871299182521E-16));
#4018=DIRECTION('center_axis',(0.,-3.67394039744206E-16,-1.));
#4019=DIRECTION('ref_axis',(-1.,0.,0.));
#4020=DIRECTION('center_axis',(0.,-3.67394039744206E-16,-1.));
#4021=DIRECTION('ref_axis',(-0.663926212652242,-0.747798090498531,2.74736561381259E-16));
#4022=DIRECTION('center_axis',(0.675590207615661,0.737277336810124,-9.02904330608403E-17));
#4023=DIRECTION('ref_axis',(0.521333804473604,-0.477714417108265,0.707106781186539));
#4024=DIRECTION('',(0.675590207615661,0.737277336810124,-9.02904330608403E-17));
#4025=DIRECTION('center_axis',(-0.675590207615661,-0.737277336810124,9.02904330608403E-17));
#4026=DIRECTION('ref_axis',(0.521333804473604,-0.477714417108265,-0.707106781186539));
#4027=DIRECTION('',(-0.675590207615661,-0.737277336810124,9.02904330608403E-17));
#4028=DIRECTION('center_axis',(0.,-1.22464679914735E-16,-1.));
#4029=DIRECTION('ref_axis',(-1.,0.,0.));
#4030=DIRECTION('center_axis',(0.,-1.22464679914735E-16,-1.));
#4031=DIRECTION('ref_axis',(-0.663926212652242,-0.747798090498532,9.1578853793753E-17));
#4032=DIRECTION('',(0.889452677407621,0.457027279987108,-5.59696995559232E-17));
#4033=DIRECTION('center_axis',(-0.889452677407621,-0.457027279987108,5.59696995559232E-17));
#4034=DIRECTION('ref_axis',(-0.323167088866128,0.628938019739469,0.707106781186538));
#4035=DIRECTION('',(-0.889452677407621,-0.457027279987108,5.59696995559232E-17));
#4036=DIRECTION('center_axis',(0.,-1.22464679914735E-16,-1.));
#4037=DIRECTION('ref_axis',(-1.,0.,0.));
#4038=DIRECTION('center_axis',(0.,1.22464679914735E-16,1.));
#4039=DIRECTION('ref_axis',(-0.663926212652242,-0.747798090498532,9.1578853793753E-17));
#4040=DIRECTION('center_axis',(0.889452677407621,0.457027279987108,-5.59696995559232E-17));
#4041=DIRECTION('ref_axis',(-0.323167088866128,0.628938019739469,-0.707106781186538));
#4042=DIRECTION('center_axis',(-0.889452677407621,-0.457027279987108,0.));
#4043=DIRECTION('ref_axis',(-0.323167088866126,0.62893801973946,-0.707106781186548));
#4044=DIRECTION('',(0.889452677407621,0.457027279987108,0.));
#4045=DIRECTION('center_axis',(0.889452677407622,0.457027279987107,0.));
#4046=DIRECTION('ref_axis',(0.323167088866126,-0.62893801973946,-0.707106781186548));
#4047=DIRECTION('',(-0.889452677407622,-0.457027279987107,0.));
#4048=DIRECTION('',(0.889452677407622,0.457027279987107,0.));
#4049=DIRECTION('center_axis',(0.,0.,1.));
#4050=DIRECTION('ref_axis',(1.,0.,0.));
#4051=DIRECTION('center_axis',(0.,0.,-1.));
#4052=DIRECTION('ref_axis',(-0.952129392742139,-0.305695304963106,0.));
#4053=DIRECTION('',(0.950515731627783,0.310676429630733,0.));
#4054=DIRECTION('center_axis',(0.889452677407621,-0.457027279987108,1.6790909866777E-16));
#4055=DIRECTION('ref_axis',(-0.323167088866124,-0.628938019739454,0.707106781186554));
#4056=DIRECTION('',(-0.889452677407621,0.457027279987108,-1.6790909866777E-16));
#4057=DIRECTION('',(0.889452677407621,-0.457027279987108,1.6790909866777E-16));
#4058=DIRECTION('center_axis',(0.457027279987108,0.889452677407621,0.));
#4059=DIRECTION('ref_axis',(-0.889452677407621,0.457027279987108,0.));
#4060=DIRECTION('',(0.,0.,1.));
#4061=DIRECTION('',(0.889452677407621,-0.457027279987108,1.6790909866777E-16));
#4062=DIRECTION('',(-0.889452677407621,0.457027279987108,0.));
#4063=DIRECTION('',(0.,0.,1.));
#4064=DIRECTION('',(-0.889452677407621,0.457027279987108,0.));
#4065=DIRECTION('',(0.,0.,1.));
#4066=DIRECTION('',(0.889452677407621,-0.457027279987108,0.));
#4067=DIRECTION('',(-0.889452677407621,0.457027279987108,-5.59696995559233E-17));
#4068=DIRECTION('',(0.,0.,1.));
#4069=DIRECTION('',(0.889452677407621,-0.457027279987108,5.59696995559233E-17));
#4070=DIRECTION('center_axis',(-0.889452677407621,0.457027279987108,-1.6790909866777E-16));
#4071=DIRECTION('ref_axis',(-0.323167088866124,-0.628938019739454,-0.707106781186554));
#4072=DIRECTION('',(-0.889452677407621,0.457027279987108,-1.6790909866777E-16));
#4073=DIRECTION('center_axis',(0.,-3.67394039744206E-16,-1.));
#4074=DIRECTION('ref_axis',(-1.,0.,0.));
#4075=DIRECTION('center_axis',(0.,-3.67394039744206E-16,-1.));
#4076=DIRECTION('ref_axis',(-0.895711760239413,0.444635179184928,-1.63356314693139E-16));
#4077=DIRECTION('',(0.610145163901267,-0.792289643355191,2.9108249271976E-16));
#4078=DIRECTION('center_axis',(0.889452677407621,-0.457027279987108,5.59696995559233E-17));
#4079=DIRECTION('ref_axis',(-0.323167088866139,-0.628938019739467,0.707106781186536));
#4080=DIRECTION('',(0.889452677407621,-0.457027279987108,5.59696995559233E-17));
#4081=DIRECTION('center_axis',(-0.889452677407621,0.457027279987108,-5.59696995559233E-17));
#4082=DIRECTION('ref_axis',(-0.323167088866139,-0.628938019739467,-0.707106781186536));
#4083=DIRECTION('',(-0.889452677407621,0.457027279987108,-5.59696995559233E-17));
#4084=DIRECTION('center_axis',(0.,-1.22464679914735E-16,-1.));
#4085=DIRECTION('ref_axis',(-1.,0.,0.));
#4086=DIRECTION('center_axis',(0.,-1.22464679914735E-16,-1.));
#4087=DIRECTION('ref_axis',(-0.895711760239413,0.444635179184927,-5.44521048977131E-17));
#4088=DIRECTION('',(0.610145163901267,-0.792289643355191,9.70274975732532E-17));
#4089=DIRECTION('center_axis',(-0.889452677407621,0.457027279987107,0.));
#4090=DIRECTION('ref_axis',(0.323167088866126,0.62893801973946,-0.707106781186548));
#4091=DIRECTION('',(-0.889452677407621,0.457027279987107,0.));
#4092=DIRECTION('',(0.889452677407621,-0.457027279987107,0.));
#4093=DIRECTION('center_axis',(-0.457027279987107,-0.889452677407621,0.));
#4094=DIRECTION('ref_axis',(0.889452677407621,-0.457027279987107,0.));
#4095=DIRECTION('',(0.,0.,-1.));
#4096=DIRECTION('',(0.889452677407621,-0.457027279987107,0.));
#4097=DIRECTION('',(0.889452677407621,-0.457027279987107,0.));
#4098=DIRECTION('center_axis',(0.457027279987107,0.889452677407621,0.));
#4099=DIRECTION('ref_axis',(0.889452677407621,-0.457027279987107,-6.17181776107771E-17));
#4100=DIRECTION('',(0.,0.,1.));
#4101=DIRECTION('center_axis',(0.457027279987107,0.889452677407621,0.));
#4102=DIRECTION('ref_axis',(0.889452677407621,-0.457027279987107,6.17181776107771E-17));
#4103=DIRECTION('',(0.889452677407621,-0.457027279987107,0.));
#4104=DIRECTION('',(0.,0.,-1.));
#4105=DIRECTION('',(-0.889452677407621,0.457027279987107,0.));
#4106=DIRECTION('center_axis',(0.889452677407621,-0.457027279987108,0.));
#4107=DIRECTION('ref_axis',(-0.323167088866126,-0.62893801973946,-0.707106781186548));
#4108=DIRECTION('',(-0.889452677407621,0.457027279987108,0.));
#4109=DIRECTION('center_axis',(0.,0.,1.));
#4110=DIRECTION('ref_axis',(1.,0.,0.));
#4111=DIRECTION('center_axis',(0.,0.,-1.));
#4112=DIRECTION('ref_axis',(-0.604599114862375,0.796529918024196,0.));
#4113=DIRECTION('',(0.610145163901267,-0.792289643355191,0.));
#4114=DIRECTION('center_axis',(-0.610145163901267,0.792289643355191,-9.70274975732533E-17));
#4115=DIRECTION('ref_axis',(0.56023337948033,0.431437782902772,0.70710678118654));
#4116=DIRECTION('',(-0.610145163901267,0.792289643355191,-9.70274975732532E-17));
#4117=DIRECTION('center_axis',(0.,-1.22464679914735E-16,-1.));
#4118=DIRECTION('ref_axis',(-1.,0.,0.));
#4119=DIRECTION('center_axis',(0.,1.22464679914735E-16,1.));
#4120=DIRECTION('ref_axis',(-0.895711760239413,0.444635179184927,-5.44521048977131E-17));
#4121=DIRECTION('center_axis',(0.610145163901267,-0.792289643355191,9.70274975732533E-17));
#4122=DIRECTION('ref_axis',(0.56023337948033,0.431437782902772,-0.70710678118654));
#4123=DIRECTION('center_axis',(-0.610145163901267,0.792289643355191,-2.9108249271976E-16));
#4124=DIRECTION('ref_axis',(0.56023337948032,0.431437782902764,0.707106781186553));
#4125=DIRECTION('',(-0.610145163901267,0.792289643355191,-2.9108249271976E-16));
#4126=DIRECTION('center_axis',(0.,-3.67394039744206E-16,-1.));
#4127=DIRECTION('ref_axis',(-1.,0.,0.));
#4128=DIRECTION('center_axis',(0.,3.67394039744206E-16,1.));
#4129=DIRECTION('ref_axis',(-0.895711760239413,0.444635179184928,-1.63356314693139E-16));
#4130=DIRECTION('center_axis',(0.610145163901267,-0.792289643355191,2.9108249271976E-16));
#4131=DIRECTION('ref_axis',(0.56023337948032,0.431437782902764,-0.707106781186553));
#4132=DIRECTION('center_axis',(0.,0.,-1.));
#4133=DIRECTION('ref_axis',(-0.663926212652242,-0.747798090498531,0.));
#4134=DIRECTION('center_axis',(0.,0.,-1.));
#4135=DIRECTION('ref_axis',(-0.895711760239413,0.444635179184928,0.));
#4136=DIRECTION('center_axis',(0.,0.,-1.));
#4137=DIRECTION('ref_axis',(-0.895711760239413,0.444635179184927,0.));
#4138=DIRECTION('center_axis',(0.,0.,-1.));
#4139=DIRECTION('ref_axis',(-0.663926212652242,-0.747798090498532,0.));
#4140=DIRECTION('center_axis',(-0.457027279987107,0.889452677407622,0.));
#4141=DIRECTION('ref_axis',(-0.889452677407622,-0.457027279987107,0.));
#4142=DIRECTION('',(-0.889452677407622,-0.457027279987107,0.));
#4143=DIRECTION('',(-0.889452677407622,-0.457027279987107,0.));
#4144=DIRECTION('',(0.,0.,1.));
#4145=DIRECTION('center_axis',(0.457027279987107,-0.889452677407622,0.));
#4146=DIRECTION('ref_axis',(0.889452677407622,0.457027279987107,-6.17181776107771E-17));
#4147=DIRECTION('',(0.889452677407622,0.457027279987107,0.));
#4148=DIRECTION('',(0.,0.,1.));
#4149=DIRECTION('',(-0.889452677407622,-0.457027279987107,0.));
#4150=DIRECTION('center_axis',(0.457027279987107,-0.889452677407622,0.));
#4151=DIRECTION('ref_axis',(0.889452677407622,0.457027279987107,6.17181776107771E-17));
#4152=DIRECTION('',(0.,0.,-1.));
#4153=DIRECTION('center_axis',(0.,0.,1.));
#4154=DIRECTION('ref_axis',(-1.,0.,0.));
#4155=DIRECTION('',(1.,0.,0.));
#4156=DIRECTION('center_axis',(0.,0.,1.));
#4157=DIRECTION('ref_axis',(-1.,0.,0.));
#4158=DIRECTION('center_axis',(0.,0.,-1.));
#4159=DIRECTION('ref_axis',(-0.952129392742139,-0.305695304963106,0.));
#4160=DIRECTION('',(-1.,0.,0.));
#4161=DIRECTION('center_axis',(0.,0.,1.));
#4162=DIRECTION('ref_axis',(1.,0.,0.));
#4163=DIRECTION('',(-0.675590207615661,-0.737277336810124,0.));
#4164=DIRECTION('center_axis',(0.,0.,-1.));
#4165=DIRECTION('ref_axis',(-0.952129392742139,-0.305695304963106,0.));
#4166=DIRECTION('center_axis',(0.,-1.,0.));
#4167=DIRECTION('ref_axis',(1.,0.,0.));
#4168=DIRECTION('',(0.,0.,1.));
#4169=DIRECTION('center_axis',(0.,0.,1.));
#4170=DIRECTION('ref_axis',(1.,0.,0.));
#4171=DIRECTION('',(-1.,0.,0.));
#4172=DIRECTION('center_axis',(0.,0.,1.));
#4173=DIRECTION('ref_axis',(-0.92732338616091,0.374261055252966,0.));
#4174=DIRECTION('',(-1.,0.,0.));
#4175=DIRECTION('',(0.,1.,0.));
#4176=DIRECTION('',(0.,1.,0.));
#4177=DIRECTION('',(-0.953190667792946,0.302369890750448,0.));
#4178=DIRECTION('',(-0.302369890750446,-0.953190667792946,0.));
#4179=DIRECTION('',(0.953190667792947,-0.302369890750444,0.));
#4180=DIRECTION('',(0.31067642963073,-0.950515731627784,0.));
#4181=DIRECTION('',(0.950515731627783,0.310676429630733,0.));
#4182=DIRECTION('',(0.,1.,0.));
#4183=DIRECTION('',(-0.950515731627783,-0.310676429630733,0.));
#4184=DIRECTION('center_axis',(0.,-1.,0.));
#4185=DIRECTION('ref_axis',(1.,0.,0.));
#4186=DIRECTION('',(1.,0.,0.));
#4187=DIRECTION('',(0.,0.,1.));
#4188=DIRECTION('center_axis',(0.,0.,1.));
#4189=DIRECTION('ref_axis',(1.,0.,0.));
#4190=DIRECTION('',(0.,-1.,0.));
#4191=DIRECTION('',(-1.,0.,0.));
#4192=DIRECTION('center_axis',(0.,0.,1.));
#4193=DIRECTION('ref_axis',(-0.92732338616091,0.374261055252966,0.));
#4194=DIRECTION('',(0.302369890750446,0.953190667792946,0.));
#4195=DIRECTION('',(0.953190667792946,-0.302369890750448,0.));
#4196=DIRECTION('',(0.,-1.,0.));
#4197=DIRECTION('center_axis',(0.,0.,1.));
#4198=DIRECTION('ref_axis',(0.958333333333333,0.285652275016711,0.));
#4199=DIRECTION('',(-0.953190667792947,0.302369890750444,0.));
#4200=DIRECTION('',(0.,-1.,0.));
#4201=DIRECTION('',(-0.950515731627783,-0.310676429630733,0.));
#4202=DIRECTION('',(-0.31067642963073,0.950515731627784,0.));
#4203=DIRECTION('',(0.950515731627783,0.310676429630733,0.));
#4204=DIRECTION('center_axis',(0.,0.,1.));
#4205=DIRECTION('ref_axis',(0.958333333333333,0.285652275016711,0.));
#4206=DIRECTION('center_axis',(0.,0.,1.));
#4207=DIRECTION('ref_axis',(-1.,0.,0.));
#4208=DIRECTION('',(-1.,0.,0.));
#4209=DIRECTION('center_axis',(0.,0.,1.));
#4210=DIRECTION('ref_axis',(-1.,0.,0.));
#4211=DIRECTION('center_axis',(0.,0.,-1.));
#4212=DIRECTION('ref_axis',(-0.604599114862375,0.796529918024196,0.));
#4213=DIRECTION('',(1.,0.,0.));
#4214=DIRECTION('center_axis',(0.,1.,0.));
#4215=DIRECTION('ref_axis',(-1.,0.,0.));
#4216=DIRECTION('',(0.,0.,1.));
#4217=DIRECTION('',(-1.,0.,0.));
#4218=DIRECTION('center_axis',(0.,-1.,0.));
#4219=DIRECTION('ref_axis',(0.707106781186548,0.,0.707106781186548));
#4220=DIRECTION('',(0.,-1.,0.));
#4221=DIRECTION('center_axis',(0.,1.,0.));
#4222=DIRECTION('ref_axis',(0.707106781186548,0.,0.707106781186548));
#4223=DIRECTION('center_axis',(0.,-1.,0.));
#4224=DIRECTION('ref_axis',(0.707106781186548,0.,0.707106781186548));
#4225=DIRECTION('',(0.,-1.,0.));
#4226=DIRECTION('center_axis',(1.,0.,0.));
#4227=DIRECTION('ref_axis',(0.,1.,0.));
#4228=DIRECTION('',(0.,1.,0.));
#4229=DIRECTION('',(0.,0.,1.));
#4230=DIRECTION('center_axis',(0.,0.,1.));
#4231=DIRECTION('ref_axis',(1.,0.,0.));
#4232=DIRECTION('',(-0.953190667792947,0.302369890750444,0.));
#4233=DIRECTION('center_axis',(0.,0.,-1.));
#4234=DIRECTION('ref_axis',(-0.604599114862375,0.796529918024196,0.));
#4235=DIRECTION('center_axis',(0.,1.,0.));
#4236=DIRECTION('ref_axis',(0.707106781186548,0.,-0.707106781186548));
#4237=DIRECTION('',(0.,1.,0.));
#4238=DIRECTION('center_axis',(0.,-1.,0.));
#4239=DIRECTION('ref_axis',(0.707106781186548,0.,-0.707106781186548));
#4240=DIRECTION('center_axis',(0.,1.,0.));
#4241=DIRECTION('ref_axis',(0.707106781186548,0.,-0.707106781186548));
#4242=DIRECTION('center_axis',(-0.675590207615661,-0.737277336810124,0.));
#4243=DIRECTION('ref_axis',(0.521333804473598,-0.477714417108266,-0.707106781186544));
#4244=DIRECTION('',(-0.675590207615661,-0.737277336810124,0.));
#4245=DIRECTION('center_axis',(0.,0.,1.));
#4246=DIRECTION('ref_axis',(1.,0.,0.));
#4247=DIRECTION('center_axis',(0.,0.,-1.));
#4248=DIRECTION('ref_axis',(1.,0.,0.));
#4249=DIRECTION('',(0.950515731627783,0.310676429630733,0.));
#4250=DIRECTION('center_axis',(-0.675590207615661,-0.737277336810124,0.));
#4251=DIRECTION('ref_axis',(0.5213338044736,-0.477714417108261,-0.707106781186546));
#4252=DIRECTION('center_axis',(0.675590207615661,0.737277336810124,0.));
#4253=DIRECTION('ref_axis',(0.5213338044736,-0.477714417108261,0.707106781186546));
#4254=DIRECTION('',(0.675590207615661,0.737277336810124,0.));
#4255=DIRECTION('center_axis',(-0.950515731627783,-0.310676429630733,0.));
#4256=DIRECTION('ref_axis',(-0.219681410146716,0.672116119458499,0.707106781186546));
#4257=DIRECTION('',(-0.950515731627783,-0.310676429630733,0.));
#4258=DIRECTION('',(0.950515731627783,0.310676429630733,0.));
#4259=DIRECTION('center_axis',(0.,0.,1.));
#4260=DIRECTION('ref_axis',(1.,0.,0.));
#4261=DIRECTION('center_axis',(0.,0.,1.));
#4262=DIRECTION('ref_axis',(-0.952129392742139,-0.305695304963106,0.));
#4263=DIRECTION('center_axis',(-0.950515731627783,-0.310676429630733,0.));
#4264=DIRECTION('ref_axis',(0.219681410146716,-0.672116119458499,-0.707106781186546));
#4265=DIRECTION('',(-0.950515731627783,-0.310676429630733,0.));
#4266=DIRECTION('center_axis',(-1.,0.,0.));
#4267=DIRECTION('ref_axis',(0.,-1.,6.59552781575994E-17));
#4268=DIRECTION('',(0.950515731627783,0.310676429630733,0.));
#4269=DIRECTION('center_axis',(0.,0.,1.));
#4270=DIRECTION('ref_axis',(1.,0.,0.));
#4271=DIRECTION('',(0.,-1.,0.));
#4272=DIRECTION('center_axis',(0.,0.,-1.));
#4273=DIRECTION('ref_axis',(1.,0.,0.));
#4274=DIRECTION('',(0.953190667792946,-0.302369890750448,0.));
#4275=DIRECTION('',(0.,-1.,0.));
#4276=DIRECTION('center_axis',(0.950515731627783,0.310676429630733,0.));
#4277=DIRECTION('ref_axis',(-0.219681410146716,0.672116119458499,-0.707106781186546));
#4278=DIRECTION('',(-0.950515731627783,-0.310676429630733,0.));
#4279=DIRECTION('center_axis',(0.310676429630733,-0.950515731627783,0.));
#4280=DIRECTION('ref_axis',(0.950515731627783,0.310676429630733,0.));
#4281=DIRECTION('',(0.,0.,1.));
#4282=DIRECTION('',(0.950515731627783,0.310676429630733,0.));
#4283=DIRECTION('',(0.,0.,-1.));
#4284=DIRECTION('',(-0.950515731627783,-0.310676429630733,0.));
#4285=DIRECTION('',(0.,0.,-1.));
#4286=DIRECTION('center_axis',(0.950515731627783,0.310676429630733,0.));
#4287=DIRECTION('ref_axis',(-0.219681410146716,0.672116119458499,-0.707106781186546));
#4288=DIRECTION('center_axis',(0.953190667792946,-0.302369890750448,0.));
#4289=DIRECTION('ref_axis',(0.213807800176275,0.674007584960128,-0.707106781186546));
#4290=DIRECTION('center_axis',(-1.,0.,0.));
#4291=DIRECTION('ref_axis',(0.,1.,1.32281778280195E-16));
#4292=DIRECTION('',(-0.953190667792946,0.302369890750448,0.));
#4293=DIRECTION('center_axis',(-0.953190667792946,0.302369890750448,0.));
#4294=DIRECTION('ref_axis',(0.213807800176277,0.674007584960133,0.707106781186541));
#4295=DIRECTION('center_axis',(0.953190667792946,-0.302369890750447,0.));
#4296=DIRECTION('ref_axis',(0.213807800176277,0.674007584960133,0.707106781186541));
#4297=DIRECTION('center_axis',(-1.,0.,0.));
#4298=DIRECTION('ref_axis',(0.,1.,-9.25972447961362E-16));
#4299=DIRECTION('',(0.953190667792946,-0.302369890750448,0.));
#4300=DIRECTION('center_axis',(0.953190667792946,-0.302369890750448,0.));
#4301=DIRECTION('ref_axis',(0.213807800176277,0.674007584960133,-0.707106781186541));
#4302=DIRECTION('center_axis',(-1.,0.,0.));
#4303=DIRECTION('ref_axis',(0.,1.,9.25972447961362E-16));
#4304=DIRECTION('center_axis',(0.953190667792946,-0.302369890750447,0.));
#4305=DIRECTION('ref_axis',(0.213807800176277,0.674007584960133,-0.707106781186541));
#4306=DIRECTION('',(-0.953190667792946,0.302369890750448,0.));
#4307=DIRECTION('center_axis',(0.950515731627783,0.310676429630733,0.));
#4308=DIRECTION('ref_axis',(0.219681410146718,-0.672116119458506,0.70710678118654));
#4309=DIRECTION('center_axis',(-1.,0.,0.));
#4310=DIRECTION('ref_axis',(0.,-1.,0.));
#4311=DIRECTION('center_axis',(0.950515731627784,0.31067642963073,0.));
#4312=DIRECTION('ref_axis',(0.219681410146718,-0.672116119458506,0.70710678118654));
#4313=DIRECTION('',(-0.950515731627783,-0.310676429630733,0.));
#4314=DIRECTION('center_axis',(-0.950515731627783,-0.310676429630733,0.));
#4315=DIRECTION('ref_axis',(-0.219681410146719,0.672116119458502,0.707106781186543));
#4316=DIRECTION('center_axis',(0.950515731627784,0.31067642963073,0.));
#4317=DIRECTION('ref_axis',(-0.219681410146719,0.672116119458502,0.707106781186543));
#4318=DIRECTION('center_axis',(-0.950515731627783,-0.310676429630733,0.));
#4319=DIRECTION('ref_axis',(0.219681410146718,-0.672116119458506,-0.70710678118654));
#4320=DIRECTION('center_axis',(0.950515731627784,0.31067642963073,0.));
#4321=DIRECTION('ref_axis',(0.219681410146718,-0.672116119458506,-0.70710678118654));
#4322=DIRECTION('center_axis',(-1.,0.,0.));
#4323=DIRECTION('ref_axis',(0.,-1.,0.));
#4324=DIRECTION('',(0.950515731627783,0.310676429630733,0.));
#4325=DIRECTION('center_axis',(0.950515731627783,0.310676429630733,0.));
#4326=DIRECTION('ref_axis',(-0.219681410146719,0.672116119458502,-0.707106781186543));
#4327=DIRECTION('center_axis',(0.950515731627784,0.31067642963073,0.));
#4328=DIRECTION('ref_axis',(-0.219681410146719,0.672116119458502,-0.707106781186543));
#4329=DIRECTION('',(-0.950515731627783,-0.310676429630733,0.));
#4330=DIRECTION('center_axis',(-0.953190667792947,0.302369890750444,0.));
#4331=DIRECTION('ref_axis',(-0.213807800176275,-0.674007584960129,-0.707106781186546));
#4332=DIRECTION('',(-0.953190667792947,0.302369890750444,0.));
#4333=DIRECTION('center_axis',(0.,0.,1.));
#4334=DIRECTION('ref_axis',(1.,0.,0.));
#4335=DIRECTION('',(0.610145163901267,-0.792289643355191,0.));
#4336=DIRECTION('center_axis',(0.953190667792947,-0.302369890750444,0.));
#4337=DIRECTION('ref_axis',(-0.213807800176275,-0.674007584960129,0.707106781186546));
#4338=DIRECTION('',(0.953190667792947,-0.302369890750444,0.));
#4339=DIRECTION('center_axis',(-0.953190667792947,0.302369890750444,0.));
#4340=DIRECTION('ref_axis',(-0.213807800176275,-0.674007584960129,-0.707106781186546));
#4341=DIRECTION('center_axis',(0.953190667792947,-0.302369890750444,0.));
#4342=DIRECTION('ref_axis',(-0.213807800176277,-0.674007584960136,0.707106781186538));
#4343=DIRECTION('center_axis',(0.953190667792946,-0.302369890750447,0.));
#4344=DIRECTION('ref_axis',(-0.213807800176277,-0.674007584960136,0.707106781186538));
#4345=DIRECTION('center_axis',(-0.953190667792947,0.302369890750444,0.));
#4346=DIRECTION('ref_axis',(-0.213807800176277,-0.674007584960136,-0.707106781186538));
#4347=DIRECTION('center_axis',(0.953190667792946,-0.302369890750447,0.));
#4348=DIRECTION('ref_axis',(-0.213807800176277,-0.674007584960136,-0.707106781186538));
#4349=DIRECTION('',(0.953190667792947,-0.302369890750444,0.));
#4350=DIRECTION('center_axis',(0.610145163901267,-0.792289643355191,0.));
#4351=DIRECTION('ref_axis',(0.560233379480329,0.431437782902767,-0.707106781186544));
#4352=DIRECTION('center_axis',(-0.610145163901267,0.792289643355191,0.));
#4353=DIRECTION('ref_axis',(0.560233379480328,0.431437782902758,0.70710678118655));
#4354=DIRECTION('',(-0.610145163901267,0.792289643355191,0.));
#4355=DIRECTION('center_axis',(0.,0.,1.));
#4356=DIRECTION('ref_axis',(1.,0.,0.));
#4357=DIRECTION('center_axis',(0.,0.,1.));
#4358=DIRECTION('ref_axis',(-0.604599114862375,0.796529918024196,0.));
#4359=DIRECTION('center_axis',(0.610145163901267,-0.792289643355191,0.));
#4360=DIRECTION('ref_axis',(0.560233379480328,0.431437782902758,-0.70710678118655));
#4361=DIRECTION('center_axis',(-1.,0.,0.));
#4362=DIRECTION('ref_axis',(0.,1.,0.));
#4363=DIRECTION('center_axis',(-1.,0.,0.));
#4364=DIRECTION('ref_axis',(0.,1.,0.));
#4365=DIRECTION('',(-1.,0.,0.));
#4366=DIRECTION('center_axis',(-1.,0.,0.));
#4367=DIRECTION('ref_axis',(0.,1.,0.));
#4368=DIRECTION('center_axis',(-1.,0.,0.));
#4369=DIRECTION('ref_axis',(0.,1.,0.));
#4370=DIRECTION('',(-1.,0.,0.));
#4371=DIRECTION('center_axis',(-1.,0.,0.));
#4372=DIRECTION('ref_axis',(0.,1.,0.));
#4373=DIRECTION('center_axis',(-1.,0.,0.));
#4374=DIRECTION('ref_axis',(0.,1.,0.));
#4375=DIRECTION('',(-1.,0.,0.));
#4376=DIRECTION('center_axis',(0.,0.,1.));
#4377=DIRECTION('ref_axis',(0.,1.,0.));
#4378=DIRECTION('',(0.,1.,0.));
#4379=DIRECTION('',(-1.,0.,0.));
#4380=DIRECTION('center_axis',(-1.,0.,0.));
#4381=DIRECTION('ref_axis',(0.,-2.3311769545935E-15,1.));
#4382=DIRECTION('center_axis',(-1.,0.,0.));
#4383=DIRECTION('ref_axis',(0.,-2.3311769545935E-15,1.));
#4384=DIRECTION('center_axis',(-1.,0.,0.));
#4385=DIRECTION('ref_axis',(0.,1.,0.));
#4386=DIRECTION('center_axis',(-1.,0.,0.));
#4387=DIRECTION('ref_axis',(0.,1.,0.));
#4388=DIRECTION('',(-1.,0.,0.));
#4389=DIRECTION('center_axis',(0.,-1.,0.));
#4390=DIRECTION('ref_axis',(1.,0.,0.));
#4391=DIRECTION('',(0.,0.,1.));
#4392=DIRECTION('',(1.,0.,0.));
#4393=DIRECTION('center_axis',(0.,1.,0.));
#4394=DIRECTION('ref_axis',(-1.,0.,0.));
#4395=DIRECTION('',(-1.,0.,0.));
#4396=DIRECTION('',(0.,0.,1.));
#4397=DIRECTION('center_axis',(1.,0.,0.));
#4398=DIRECTION('ref_axis',(0.,1.,0.));
#4399=DIRECTION('',(0.,1.,0.));
#4400=DIRECTION('center_axis',(0.,0.,1.));
#4401=DIRECTION('ref_axis',(1.,0.,0.));
#4402=DIRECTION('center_axis',(0.,1.,0.));
#4403=DIRECTION('ref_axis',(-1.,0.,0.));
#4404=DIRECTION('center_axis',(0.,0.,1.));
#4405=DIRECTION('ref_axis',(-0.952129392742139,-0.305695304963106,0.));
#4406=DIRECTION('center_axis',(0.,0.,1.));
#4407=DIRECTION('ref_axis',(-0.604599114862375,0.796529918024196,0.));
#4408=DIRECTION('center_axis',(0.,-1.,0.));
#4409=DIRECTION('ref_axis',(1.,0.,0.));
#4410=DIRECTION('',(0.,0.,1.));
#4411=DIRECTION('center_axis',(1.,0.,0.));
#4412=DIRECTION('ref_axis',(0.,1.,0.));
#4413=DIRECTION('center_axis',(0.,0.,1.));
#4414=DIRECTION('ref_axis',(-0.92732338616091,0.374261055252966,0.));
#4415=DIRECTION('',(0.,0.,1.));
#4416=DIRECTION('center_axis',(0.,1.,0.));
#4417=DIRECTION('ref_axis',(-1.,0.,0.));
#4418=DIRECTION('center_axis',(-1.,0.,0.));
#4419=DIRECTION('ref_axis',(0.,-1.,0.));
#4420=DIRECTION('',(0.,0.,1.));
#4421=DIRECTION('center_axis',(-1.,0.,0.));
#4422=DIRECTION('ref_axis',(0.,-1.,0.));
#4423=DIRECTION('',(0.,0.,1.));
#4424=DIRECTION('',(0.,-1.,0.));
#4425=DIRECTION('',(0.,0.,1.));
#4426=DIRECTION('center_axis',(0.953190667792946,-0.302369890750447,0.));
#4427=DIRECTION('ref_axis',(0.302369890750446,0.953190667792946,0.));
#4428=DIRECTION('',(0.,0.,1.));
#4429=DIRECTION('center_axis',(-0.302369890750448,-0.953190667792946,0.));
#4430=DIRECTION('ref_axis',(0.953190667792946,-0.302369890750448,0.));
#4431=DIRECTION('',(0.,0.,-1.));
#4432=DIRECTION('center_axis',(0.310676429630733,-0.950515731627783,0.));
#4433=DIRECTION('ref_axis',(0.950515731627783,0.310676429630733,0.));
#4434=DIRECTION('',(0.,0.,1.));
#4435=DIRECTION('',(0.950515731627783,0.310676429630733,0.));
#4436=DIRECTION('',(0.,0.,1.));
#4437=DIRECTION('center_axis',(0.,0.,1.));
#4438=DIRECTION('ref_axis',(0.958333333333333,0.285652275016711,0.));
#4439=DIRECTION('center_axis',(0.,0.,1.));
#4440=DIRECTION('ref_axis',(-0.958333333333333,-0.285652275016711,0.));
#4441=DIRECTION('',(0.,0.,1.));
#4442=DIRECTION('center_axis',(0.,0.,1.));
#4443=DIRECTION('ref_axis',(0.958333333333333,0.285652275016711,0.));
#4444=DIRECTION('center_axis',(0.,0.,1.));
#4445=DIRECTION('ref_axis',(0.958333333333333,0.285652275016711,0.));
#4446=DIRECTION('',(0.,0.,1.));
#4447=DIRECTION('center_axis',(0.950515731627784,0.31067642963073,0.));
#4448=DIRECTION('ref_axis',(-0.31067642963073,0.950515731627784,0.));
#4449=DIRECTION('',(0.,0.,1.));
#4450=DIRECTION('center_axis',(0.950515731627784,0.31067642963073,0.));
#4451=DIRECTION('ref_axis',(-0.31067642963073,0.950515731627784,0.));
#4452=DIRECTION('',(0.,0.,1.));
#4453=DIRECTION('',(-0.31067642963073,0.950515731627784,0.));
#4454=DIRECTION('center_axis',(-1.,0.,0.));
#4455=DIRECTION('ref_axis',(0.,-1.,0.));
#4456=DIRECTION('',(0.,0.,1.));
#4457=DIRECTION('center_axis',(-0.310676429630733,0.950515731627783,0.));
#4458=DIRECTION('ref_axis',(-0.950515731627783,-0.310676429630733,0.));
#4459=DIRECTION('',(0.,0.,1.));
#4460=DIRECTION('center_axis',(0.,0.,1.));
#4461=DIRECTION('ref_axis',(-0.999990480720734,-0.00436330928474618,0.));
#4462=DIRECTION('center_axis',(0.,0.,1.));
#4463=DIRECTION('ref_axis',(1.,0.,0.));
#4464=DIRECTION('center_axis',(0.302369890750444,0.953190667792947,0.));
#4465=DIRECTION('ref_axis',(-0.953190667792947,0.302369890750444,0.));
#4466=DIRECTION('',(-0.953190667792947,0.302369890750444,0.));
#4467=DIRECTION('',(0.,0.,1.));
#4468=DIRECTION('center_axis',(-0.302369890750448,-0.953190667792946,0.));
#4469=DIRECTION('ref_axis',(0.953190667792946,-0.302369890750448,0.));
#4470=DIRECTION('',(0.,0.,1.));
#4471=DIRECTION('',(0.953190667792946,-0.302369890750448,0.));
#4472=DIRECTION('center_axis',(-0.310676429630733,0.950515731627783,0.));
#4473=DIRECTION('ref_axis',(-0.950515731627783,-0.310676429630733,0.));
#4474=DIRECTION('',(0.,0.,1.));
#4475=DIRECTION('',(-0.950515731627783,-0.310676429630733,0.));
#4476=DIRECTION('center_axis',(-1.,0.,0.));
#4477=DIRECTION('ref_axis',(0.,-1.,0.));
#4478=DIRECTION('',(0.,-1.,0.));
#4479=DIRECTION('center_axis',(0.,0.,1.));
#4480=DIRECTION('ref_axis',(1.,0.,0.));
#4481=DIRECTION('center_axis',(0.953190667792946,-0.302369890750447,0.));
#4482=DIRECTION('ref_axis',(0.302369890750446,0.953190667792946,0.));
#4483=DIRECTION('',(0.302369890750446,0.953190667792946,0.));
#4484=DIRECTION('center_axis',(0.,0.,1.));
#4485=DIRECTION('ref_axis',(1.,0.,0.));
#4486=CARTESIAN_POINT('',(0.,0.,0.));
#4487=CARTESIAN_POINT('Origin',(-100.9904,-29.43,75.938));
#4488=CARTESIAN_POINT('',(-104.1904,-29.43,75.438));
#4489=CARTESIAN_POINT('Origin',(-100.9904,-29.43,75.438));
#4490=CARTESIAN_POINT('',(-103.1904,-29.43,76.438));
#4491=CARTESIAN_POINT('',(-103.6904,-29.43,75.938));
#4492=CARTESIAN_POINT('Origin',(-100.9904,-29.43,76.438));
#4493=CARTESIAN_POINT('Origin',(0.,0.,75.438));
#4494=CARTESIAN_POINT('',(-106.4768,-49.0728,75.438));
#4495=CARTESIAN_POINT('',(-95.504,-49.0728,75.438));
#4496=CARTESIAN_POINT('',(-53.2384,-49.0728,75.438));
#4497=CARTESIAN_POINT('',(-106.4768,26.2128,75.438));
#4498=CARTESIAN_POINT('',(-106.4768,24.5364,75.438));
#4499=CARTESIAN_POINT('',(-95.504,26.2128,75.438));
#4500=CARTESIAN_POINT('',(-47.752,26.2128,75.438));
#4501=CARTESIAN_POINT('',(-95.504,-24.5364,75.438));
#4502=CARTESIAN_POINT('',(-104.1904,6.56999999999999,75.438));
#4503=CARTESIAN_POINT('Origin',(-100.9904,6.56999999999999,75.438));
#4504=CARTESIAN_POINT('Origin',(-100.9904,-29.43,75.438));
#4505=CARTESIAN_POINT('',(-103.1904,-29.43,85.438));
#4506=CARTESIAN_POINT('',(-103.1904,-29.43,75.438));
#4507=CARTESIAN_POINT('Origin',(-100.9904,-29.43,85.438));
#4508=CARTESIAN_POINT('Origin',(-100.9904,6.56999999999999,75.938));
#4509=CARTESIAN_POINT('',(-103.1904,6.56999999999999,76.438));
#4510=CARTESIAN_POINT('',(-103.6904,6.56999999999999,75.938));
#4511=CARTESIAN_POINT('Origin',(-100.9904,6.56999999999999,76.438));
#4512=CARTESIAN_POINT('Origin',(-100.9904,6.56999999999999,75.438));
#4513=CARTESIAN_POINT('',(-103.1904,6.56999999999999,85.438));
#4514=CARTESIAN_POINT('',(-103.1904,6.56999999999999,75.438));
#4515=CARTESIAN_POINT('Origin',(-100.9904,6.56999999999999,85.438));
#4516=CARTESIAN_POINT('Origin',(-105.4768,0.,230.1875));
#4517=CARTESIAN_POINT('',(-106.4768,-14.75,230.1875));
#4518=CARTESIAN_POINT('Origin',(-106.4768,0.,230.1875));
#4519=CARTESIAN_POINT('',(-104.4768,-12.75,230.1875));
#4520=CARTESIAN_POINT('',(-105.4768,-13.75,230.1875));
#4521=CARTESIAN_POINT('Origin',(-104.4768,0.,230.1875));
#4522=CARTESIAN_POINT('Origin',(-106.4768,49.0728,3.81));
#4523=CARTESIAN_POINT('',(-106.4768,-49.0728,133.35));
#4524=CARTESIAN_POINT('',(-106.4768,-49.0728,3.81));
#4525=CARTESIAN_POINT('',(-106.4768,-49.0728,281.35));
#4526=CARTESIAN_POINT('',(-106.4768,-49.0728,3.81));
#4527=CARTESIAN_POINT('',(-106.4768,-49.0728,289.2552));
#4528=CARTESIAN_POINT('',(-106.4768,-49.0728,3.81));
#4529=CARTESIAN_POINT('',(-106.4768,49.0728,289.2552));
#4530=CARTESIAN_POINT('',(-106.4768,-24.5364,289.2552));
#4531=CARTESIAN_POINT('',(-106.4768,49.0728,281.35));
#4532=CARTESIAN_POINT('',(-106.4768,49.0728,3.81));
#4533=CARTESIAN_POINT('',(-106.4768,49.0728,133.35));
#4534=CARTESIAN_POINT('',(-106.4768,49.0728,3.81));
#4535=CARTESIAN_POINT('',(-106.4768,49.0728,87.63));
#4536=CARTESIAN_POINT('',(-106.4768,49.0728,3.81));
#4537=CARTESIAN_POINT('',(-106.4768,30.0228,87.63));
#4538=CARTESIAN_POINT('',(-106.4768,39.5478,87.63));
#4539=CARTESIAN_POINT('',(-106.4768,26.2128,83.82));
#4540=CARTESIAN_POINT('Origin',(-106.4768,30.0228,83.82));
#4541=CARTESIAN_POINT('',(-106.4768,26.2128,7.62));
#4542=CARTESIAN_POINT('',(-106.4768,-38.5572,172.1264));
#4543=CARTESIAN_POINT('',(-106.4768,-38.5572,181.7464));
#4544=CARTESIAN_POINT('',(-106.4768,-38.5572,88.4682));
#4545=CARTESIAN_POINT('',(-106.4768,38.5572,172.1264));
#4546=CARTESIAN_POINT('',(-106.4768,24.5364,172.1264));
#4547=CARTESIAN_POINT('',(-106.4768,38.5572,181.7464));
#4548=CARTESIAN_POINT('',(-106.4768,38.5572,88.4682));
#4549=CARTESIAN_POINT('',(-106.4768,24.5364,181.7464));
#4550=CARTESIAN_POINT('',(-106.4768,29.7,194.9875));
#4551=CARTESIAN_POINT('Origin',(-106.4768,35.2,194.9875));
#4552=CARTESIAN_POINT('',(-106.4768,29.7,265.3875));
#4553=CARTESIAN_POINT('Origin',(-106.4768,35.2,265.3875));
#4554=CARTESIAN_POINT('',(-106.4768,-40.7,194.9875));
#4555=CARTESIAN_POINT('Origin',(-106.4768,-35.2,194.9875));
#4556=CARTESIAN_POINT('',(-106.4768,-40.7,265.3875));
#4557=CARTESIAN_POINT('Origin',(-106.4768,-35.2,265.3875));
#4558=CARTESIAN_POINT('Origin',(-95.504,0.,230.1875));
#4559=CARTESIAN_POINT('',(-95.504,-12.75,230.1875));
#4560=CARTESIAN_POINT('Origin',(-95.504,0.,230.1875));
#4561=CARTESIAN_POINT('',(-95.504,-12.75,230.1875));
#4562=CARTESIAN_POINT('Origin',(-78.2255297547267,100.758443576865,281.7877));
#4563=CARTESIAN_POINT('',(-75.2667752446637,97.7358996567243,281.7877));
#4564=CARTESIAN_POINT('Origin',(-77.8293849330491,101.063516158816,281.7877));
#4565=CARTESIAN_POINT('',(-76.6692100519202,97.9180441361782,281.7877));
#4566=CARTESIAN_POINT('',(-75.967992648292,97.8269718964513,281.7877));
#4567=CARTESIAN_POINT('Origin',(-78.6216745764043,100.453370994915,281.7877));
#4568=CARTESIAN_POINT('Origin',(0.,0.,289.2552));
#4569=CARTESIAN_POINT('',(-71.9712591854002,93.4565848350343,75.438));
#4570=CARTESIAN_POINT('',(-71.9712591854002,93.4565848350343,289.2552));
#4571=CARTESIAN_POINT('',(-71.9712591854002,93.4565848350343,146.5326));
#4572=CARTESIAN_POINT('',(-83.6875106806979,108.670447482598,75.438));
#4573=CARTESIAN_POINT('',(0.,0.,75.438));
#4574=CARTESIAN_POINT('',(-83.6875106806979,108.670447482598,289.2552));
#4575=CARTESIAN_POINT('',(-83.6875106806979,108.670447482598,0.));
#4576=CARTESIAN_POINT('',(-38.9066191968162,50.5212747250256,289.2552));
#4577=CARTESIAN_POINT('',(-75.2667752446637,97.7358996567243,86.7155));
#4578=CARTESIAN_POINT('Origin',(-77.829384933049,101.063516158816,86.7155));
#4579=CARTESIAN_POINT('',(-76.4870655724662,99.3204789434347,111.4805));
#4580=CARTESIAN_POINT('Origin',(-77.829384933049,101.063516158816,111.4805));
#4581=CARTESIAN_POINT('',(-76.4870655724663,99.3204789434347,257.0227));
#4582=CARTESIAN_POINT('Origin',(-77.8293849330491,101.063516158816,257.0227));
#4583=CARTESIAN_POINT('',(-76.4870655724662,99.3204789434347,176.8602));
#4584=CARTESIAN_POINT('Origin',(-77.829384933049,101.063516158816,176.8602));
#4585=CARTESIAN_POINT('Origin',(-77.8293849330491,101.063516158816,281.7877));
#4586=CARTESIAN_POINT('',(-78.8955439497483,96.2035362256157,281.7877));
#4587=CARTESIAN_POINT('',(-75.876920408565,98.5281893000795,281.7877));
#4588=CARTESIAN_POINT('Origin',(-80.8480084742323,98.7388630843523,281.7877));
#4589=CARTESIAN_POINT('Origin',(-78.2255297547266,100.758443576865,86.7155));
#4590=CARTESIAN_POINT('',(-76.6692100519202,97.9180441361782,86.7155));
#4591=CARTESIAN_POINT('',(-75.967992648292,97.8269718964513,86.7155));
#4592=CARTESIAN_POINT('Origin',(-78.6216745764042,100.453370994915,86.7155));
#4593=CARTESIAN_POINT('Origin',(-77.829384933049,101.063516158816,86.7155));
#4594=CARTESIAN_POINT('',(-78.8955439497482,96.2035362256157,86.7155));
#4595=CARTESIAN_POINT('',(-75.876920408565,98.5281893000795,86.7155));
#4596=CARTESIAN_POINT('Origin',(-80.8480084742323,98.7388630843523,86.7155));
#4597=CARTESIAN_POINT('Origin',(-91.8129354162238,88.6627211135341,75.938));
#4598=CARTESIAN_POINT('',(-96.0129354162238,88.6627211135341,75.438));
#4599=CARTESIAN_POINT('Origin',(-91.8129354162238,88.6627211135341,75.438));
#4600=CARTESIAN_POINT('',(-95.0129354162238,88.6627211135341,76.438));
#4601=CARTESIAN_POINT('',(-95.5129354162238,88.6627211135341,75.938));
#4602=CARTESIAN_POINT('Origin',(-91.8129354162238,88.6627211135341,76.438));
#4603=CARTESIAN_POINT('Origin',(0.,0.,75.438));
#4604=CARTESIAN_POINT('',(-74.9898827265835,91.1319317605705,75.438));
#4605=CARTESIAN_POINT('',(-73.4805709559918,92.2942582978024,75.438));
#4606=CARTESIAN_POINT('',(-75.0453646860495,91.2039765533161,75.438));
#4607=CARTESIAN_POINT('',(-44.8462323421156,51.9896039580702,75.438));
#4608=CARTESIAN_POINT('',(-111.370730139332,39.3259782870321,75.438));
#4609=CARTESIAN_POINT('Origin',(0.,0.,75.438));
#4610=CARTESIAN_POINT('',(-111.284054231494,39.2984830694758,75.438));
#4611=CARTESIAN_POINT('',(-55.0660124738674,21.4650697568835,75.438));
#4612=CARTESIAN_POINT('',(-113.588112799013,32.0351701808935,75.438));
#4613=CARTESIAN_POINT('',(-113.012098157133,33.8509984030392,75.438));
#4614=CARTESIAN_POINT('',(-113.67478870685,32.0626653984498,75.438));
#4615=CARTESIAN_POINT('',(-66.2985146418797,17.0340260115814,75.438));
#4616=CARTESIAN_POINT('',(-113.390664331443,-33.0534316293174,75.438));
#4617=CARTESIAN_POINT('Origin',(0.,0.,75.438));
#4618=CARTESIAN_POINT('',(-113.304231662254,-33.0251810784073,75.438));
#4619=CARTESIAN_POINT('',(-57.2439544295735,-14.7018580704526,75.438));
#4620=CARTESIAN_POINT('',(-110.936877268468,-40.268110953411,75.438));
#4621=CARTESIAN_POINT('',(-111.528715866914,-38.45737848466,75.438));
#4622=CARTESIAN_POINT('',(-111.023309937657,-40.2963615043211,75.438));
#4623=CARTESIAN_POINT('',(-63.9775377630684,-24.9194329148366,75.438));
#4624=CARTESIAN_POINT('',(-82.5614591609535,-84.4605088855982,75.438));
#4625=CARTESIAN_POINT('Origin',(0.,0.,75.438));
#4626=CARTESIAN_POINT('',(-82.5000261256437,-84.3934664919182,75.438));
#4627=CARTESIAN_POINT('',(-42.6545263894451,-40.9097339004513,75.438));
#4628=CARTESIAN_POINT('',(-79.6909994723972,-86.9674651829339,75.438));
#4629=CARTESIAN_POINT('',(-78.286486145774,-88.2544645284416,75.438));
#4630=CARTESIAN_POINT('',(-92.663952876564,-101.124959516877,75.438));
#4631=CARTESIAN_POINT('',(-50.6692655711745,-55.2958002607593,75.438));
#4632=CARTESIAN_POINT('Origin',(0.,0.,75.438));
#4633=CARTESIAN_POINT('',(-101.974082497491,-82.0421965623414,75.438));
#4634=CARTESIAN_POINT('Origin',(-97.7740824974908,-82.0421965623414,75.438));
#4635=CARTESIAN_POINT('',(-112.735152412027,-63.8175,75.438));
#4636=CARTESIAN_POINT('Origin',(-110.535152412027,-63.8175,75.438));
#4637=CARTESIAN_POINT('',(-108.014210573063,71.3725862344888,75.438));
#4638=CARTESIAN_POINT('Origin',(-105.814210573063,71.3725862344888,75.438));
#4639=CARTESIAN_POINT('',(-129.835,-8.61236190118883E-15,75.438));
#4640=CARTESIAN_POINT('Origin',(-127.635,-8.88178419700125E-15,75.438));
#4641=CARTESIAN_POINT('Origin',(-91.8129354162238,88.6627211135341,75.438));
#4642=CARTESIAN_POINT('',(-95.0129354162238,88.6627211135341,79.248));
#4643=CARTESIAN_POINT('',(-95.0129354162238,88.6627211135341,75.438));
#4644=CARTESIAN_POINT('Origin',(-91.8129354162238,88.6627211135341,79.248));
#4645=CARTESIAN_POINT('Origin',(-97.7740824974908,-82.0421965623414,75.938));
#4646=CARTESIAN_POINT('',(-100.974082497491,-82.0421965623414,76.438));
#4647=CARTESIAN_POINT('',(-101.474082497491,-82.0421965623414,75.938));
#4648=CARTESIAN_POINT('Origin',(-97.7740824974908,-82.0421965623414,76.438));
#4649=CARTESIAN_POINT('Origin',(-97.7740824974908,-82.0421965623414,75.438));
#4650=CARTESIAN_POINT('',(-100.974082497491,-82.0421965623414,79.248));
#4651=CARTESIAN_POINT('',(-100.974082497491,-82.0421965623414,75.438));
#4652=CARTESIAN_POINT('Origin',(-97.7740824974908,-82.0421965623414,79.248));
#4653=CARTESIAN_POINT('Origin',(-100.9904,6.56999999999999,85.438));
#4654=CARTESIAN_POINT('Origin',(-100.9904,-29.43,85.438));
#4655=CARTESIAN_POINT('Origin',(-85.4401988376704,-94.7218025575209,86.7155));
#4656=CARTESIAN_POINT('',(-87.4669694605174,-96.9336345679513,86.7155));
#4657=CARTESIAN_POINT('',(-85.4401988376704,-94.7218025575209,83.7155));
#4658=CARTESIAN_POINT('Origin',(-85.4401988376704,-94.7218025575209,86.7155));
#4659=CARTESIAN_POINT('',(-86.1774761744805,-94.0462123499053,82.7155));
#4660=CARTESIAN_POINT('Origin',(-85.4401988376704,-94.7218025575209,82.7155));
#4661=CARTESIAN_POINT('Origin',(-86.1774761744805,-94.0462123499053,86.7155));
#4662=CARTESIAN_POINT('Origin',(-85.4401988376704,-94.7218025575209,86.7155));
#4663=CARTESIAN_POINT('Origin',(-101.338531142349,-110.591600521519,289.2552));
#4664=CARTESIAN_POINT('',(-92.663952876564,-101.124959516877,289.2552));
#4665=CARTESIAN_POINT('',(-92.663952876564,-101.124959516877,0.));
#4666=CARTESIAN_POINT('',(-79.6909994723972,-86.9674651829339,289.2552));
#4667=CARTESIAN_POINT('',(-79.6909994723972,-86.9674651829338,146.5326));
#4668=CARTESIAN_POINT('',(-93.7490644382502,-102.309150988753,289.2552));
#4669=CARTESIAN_POINT('',(-86.1774761744805,-94.0462123499053,277.7877));
#4670=CARTESIAN_POINT('Origin',(-86.1774761744805,-94.0462123499053,281.7877));
#4671=CARTESIAN_POINT('',(-87.663774631235,-95.6682224908875,257.0227));
#4672=CARTESIAN_POINT('Origin',(-86.1774761744805,-94.0462123499053,257.0227));
#4673=CARTESIAN_POINT('',(-87.663774631235,-95.6682224908875,176.8602));
#4674=CARTESIAN_POINT('Origin',(-86.1774761744805,-94.0462123499053,176.8602));
#4675=CARTESIAN_POINT('',(-87.663774631235,-95.6682224908875,111.4805));
#4676=CARTESIAN_POINT('Origin',(-86.1774761744805,-94.0462123499053,111.4805));
#4677=CARTESIAN_POINT('Origin',(-86.1774761744805,-94.0462123499053,86.7155));
#4678=CARTESIAN_POINT('',(-85.4025929174491,-98.8252871492751,86.7155));
#4679=CARTESIAN_POINT('Origin',(-83.3758222946021,-96.6134551388448,86.7155));
#4680=CARTESIAN_POINT('',(-88.2042467973275,-96.2580443603356,86.7155));
#4681=CARTESIAN_POINT('Origin',(-85.4401988376704,-94.7218025575209,281.7877));
#4682=CARTESIAN_POINT('',(-87.4669694605174,-96.9336345679513,281.7877));
#4683=CARTESIAN_POINT('',(-85.4401988376704,-94.7218025575209,278.7877));
#4684=CARTESIAN_POINT('Origin',(-85.4401988376704,-94.7218025575209,281.7877));
#4685=CARTESIAN_POINT('Origin',(-85.4401988376704,-94.7218025575209,277.7877));
#4686=CARTESIAN_POINT('Origin',(-85.4401988376704,-94.7218025575209,281.7877));
#4687=CARTESIAN_POINT('Origin',(-86.1774761744805,-94.0462123499053,281.7877));
#4688=CARTESIAN_POINT('',(-85.4025929174491,-98.8252871492751,281.7877));
#4689=CARTESIAN_POINT('Origin',(-83.3758222946021,-96.6134551388448,281.7877));
#4690=CARTESIAN_POINT('',(-88.2042467973275,-96.2580443603356,281.7877));
#4691=CARTESIAN_POINT('Origin',(-86.1774761744805,-94.0462123499053,257.0227));
#4692=CARTESIAN_POINT('',(-90.4728012844816,-93.0942237998718,257.0227));
#4693=CARTESIAN_POINT('',(-87.663774631235,-95.6682224908875,257.0227));
#4694=CARTESIAN_POINT('Origin',(-88.9865028277272,-91.4722136588895,257.0227));
#4695=CARTESIAN_POINT('Origin',(-86.1774761744805,-94.0462123499053,176.8602));
#4696=CARTESIAN_POINT('',(-90.4728012844816,-93.0942237998718,176.8602));
#4697=CARTESIAN_POINT('',(-87.663774631235,-95.6682224908875,176.8602));
#4698=CARTESIAN_POINT('Origin',(-88.9865028277272,-91.4722136588895,176.8602));
#4699=CARTESIAN_POINT('Origin',(-86.1774761744805,-94.0462123499053,111.4805));
#4700=CARTESIAN_POINT('',(-90.4728012844816,-93.0942237998718,111.4805));
#4701=CARTESIAN_POINT('',(-87.663774631235,-95.6682224908875,111.4805));
#4702=CARTESIAN_POINT('Origin',(-88.9865028277272,-91.4722136588895,111.4805));
#4703=CARTESIAN_POINT('Origin',(-83.3758222946021,-96.6134551388448,86.7155));
#4704=CARTESIAN_POINT('Origin',(-83.3758222946021,-96.6134551388448,281.7877));
#4705=CARTESIAN_POINT('Origin',(-77.829384933049,101.063516158816,176.8602));
#4706=CARTESIAN_POINT('',(-79.5056891136495,96.9958258689709,176.8602));
#4707=CARTESIAN_POINT('',(-76.4870655724662,99.3204789434347,176.8602));
#4708=CARTESIAN_POINT('Origin',(-80.8480084742323,98.7388630843523,176.8602));
#4709=CARTESIAN_POINT('Origin',(-77.8293849330491,101.063516158816,257.0227));
#4710=CARTESIAN_POINT('',(-79.5056891136495,96.9958258689709,257.0227));
#4711=CARTESIAN_POINT('',(-76.4870655724663,99.3204789434347,257.0227));
#4712=CARTESIAN_POINT('Origin',(-80.8480084742323,98.7388630843523,257.0227));
#4713=CARTESIAN_POINT('Origin',(-77.829384933049,101.063516158816,111.4805));
#4714=CARTESIAN_POINT('',(-79.5056891136495,96.9958258689709,111.4805));
#4715=CARTESIAN_POINT('',(-76.4870655724662,99.3204789434347,111.4805));
#4716=CARTESIAN_POINT('Origin',(-80.8480084742323,98.7388630843523,111.4805));
#4717=CARTESIAN_POINT('Origin',(-127.635,-8.88178419700125E-15,75.438));
#4718=CARTESIAN_POINT('',(-129.835,-8.61236190118883E-15,79.248));
#4719=CARTESIAN_POINT('',(-129.835,-9.15120649281367E-15,75.438));
#4720=CARTESIAN_POINT('Origin',(-127.635,-8.88178419700125E-15,79.248));
#4721=CARTESIAN_POINT('Origin',(-105.814210573063,71.3725862344888,75.438));
#4722=CARTESIAN_POINT('',(-108.014210573063,71.3725862344888,79.248));
#4723=CARTESIAN_POINT('',(-108.014210573063,71.3725862344888,75.438));
#4724=CARTESIAN_POINT('Origin',(-105.814210573063,71.3725862344888,79.248));
#4725=CARTESIAN_POINT('Origin',(-110.535152412027,-63.8175,75.438));
#4726=CARTESIAN_POINT('',(-112.735152412027,-63.8175,79.248));
#4727=CARTESIAN_POINT('',(-112.735152412027,-63.8175,75.438));
#4728=CARTESIAN_POINT('Origin',(-110.535152412027,-63.8175,79.248));
#4729=CARTESIAN_POINT('Origin',(-77.8132383936324,101.042549450051,289.2552));
#4730=CARTESIAN_POINT('',(-86.6738411430478,106.303860990604,289.2552));
#4731=CARTESIAN_POINT('Origin',(0.,0.,289.2552));
#4732=CARTESIAN_POINT('',(-74.9898827265835,91.1319317605705,289.2552));
#4733=CARTESIAN_POINT('',(-77.9108723306996,94.9249140680789,289.2552));
#4734=CARTESIAN_POINT('',(-70.4619474148085,94.6189113722662,289.2552));
#4735=CARTESIAN_POINT('Origin',(-86.1595977341534,-94.0267014559865,289.2552));
#4736=CARTESIAN_POINT('',(-82.5000261256437,-84.3934664919182,289.2552));
#4737=CARTESIAN_POINT('',(-81.0955127990214,-85.6804658374251,289.2552));
#4738=CARTESIAN_POINT('',(-95.437222647665,-98.5119390364038,289.2552));
#4739=CARTESIAN_POINT('',(-92.2029235175316,-94.9823209006882,289.2552));
#4740=CARTESIAN_POINT('Origin',(0.,0.,289.2552));
#4741=CARTESIAN_POINT('Origin',(0.,0.,0.));
#4742=CARTESIAN_POINT('',(-95.437222647665,-98.5119390364038,272.8875));
#4743=CARTESIAN_POINT('',(-95.437222647665,-98.5119390364038,3.81));
#4744=CARTESIAN_POINT('',(-96.8643629810198,-97.1090149485681,270.8875));
#4745=CARTESIAN_POINT('Ctrl Pts',(-96.8643629810199,-97.1090149485682,270.8875));
#4746=CARTESIAN_POINT('Ctrl Pts',(-96.68643926076,-97.2864904160242,270.8875));
#4747=CARTESIAN_POINT('Ctrl Pts',(-96.4961056275778,-97.4752686688114,270.937670552166));
#4748=CARTESIAN_POINT('Ctrl Pts',(-96.145005061413,-97.8215947788948,271.14180707002));
#4749=CARTESIAN_POINT('Ctrl Pts',(-95.9842665085028,-97.9791700768302,271.295775291348));
#4750=CARTESIAN_POINT('Ctrl Pts',(-95.7301305209453,-98.2274872303422,271.650986740794));
#4751=CARTESIAN_POINT('Ctrl Pts',(-95.6197660172549,-98.334817669086,271.875845856992));
#4752=CARTESIAN_POINT('Ctrl Pts',(-95.4732985839581,-98.4770291829688,272.368547392598));
#4753=CARTESIAN_POINT('Ctrl Pts',(-95.4372226491135,-98.5119390379844,272.636389529145));
#4754=CARTESIAN_POINT('Ctrl Pts',(-95.4372226491135,-98.5119390379844,272.8875));
#4755=CARTESIAN_POINT('',(-121.0703044201,-64.4581025754277,270.8875));
#4756=CARTESIAN_POINT('Origin',(0.,9.95224529412086E-14,270.8875));
#4757=CARTESIAN_POINT('',(-121.997329233229,-62.6858617230316,272.8875));
#4758=CARTESIAN_POINT('Ctrl Pts',(-121.997329233229,-62.6858617230317,272.8875));
#4759=CARTESIAN_POINT('Ctrl Pts',(-121.997329233229,-62.6858617230317,272.636375178224));
#4760=CARTESIAN_POINT('Ctrl Pts',(-121.974417805585,-62.7305142333297,272.368511788085));
#4761=CARTESIAN_POINT('Ctrl Pts',(-121.88093356531,-62.9119547322924,271.875753033248));
#4762=CARTESIAN_POINT('Ctrl Pts',(-121.810325686361,-63.0487247159545,271.650857692293));
#4763=CARTESIAN_POINT('Ctrl Pts',(-121.646663251624,-63.363920764037,271.295707526034));
#4764=CARTESIAN_POINT('Ctrl Pts',(-121.542693190402,-63.563354543408,271.14178534535));
#4765=CARTESIAN_POINT('Ctrl Pts',(-121.313541572067,-63.9996167178349,270.937681756253));
#4766=CARTESIAN_POINT('Ctrl Pts',(-121.188325180605,-64.2364266521323,270.8875));
#4767=CARTESIAN_POINT('Ctrl Pts',(-121.0703044201,-64.4581025754278,270.8875));
#4768=CARTESIAN_POINT('',(-121.997329233229,-62.6858617230316,281.35));
#4769=CARTESIAN_POINT('',(-121.997329233229,-62.6858617230316,133.35));
#4770=CARTESIAN_POINT('',(-124.207691274799,-58.1834600911998,281.35));
#4771=CARTESIAN_POINT('Origin',(8.88178419700125E-13,6.03961325396085E-13,
281.35));
#4772=CARTESIAN_POINT('',(-124.207691274799,-58.1834600911998,135.35));
#4773=CARTESIAN_POINT('',(-124.207691274799,-58.1834600911998,133.35));
#4774=CARTESIAN_POINT('',(-125.043658407311,-56.3644310901459,133.35));
#4775=CARTESIAN_POINT('Ctrl Pts',(-125.043658407311,-56.3644310901459,133.35));
#4776=CARTESIAN_POINT('Ctrl Pts',(-124.940347578088,-56.5936246398588,133.35));
#4777=CARTESIAN_POINT('Ctrl Pts',(-124.829445007441,-56.8378053413855,133.400167589881));
#4778=CARTESIAN_POINT('Ctrl Pts',(-124.624184490319,-57.2864652166078,133.604326035147));
#4779=CARTESIAN_POINT('Ctrl Pts',(-124.529862982982,-57.4909596510224,133.758319987399));
#4780=CARTESIAN_POINT('Ctrl Pts',(-124.38047477882,-57.813446836111,134.113562095851));
#4781=CARTESIAN_POINT('Ctrl Pts',(-124.315427348437,-57.9530029065864,134.338398717763));
#4782=CARTESIAN_POINT('Ctrl Pts',(-124.22901784701,-58.1380008899504,134.831065899889));
#4783=CARTESIAN_POINT('Ctrl Pts',(-124.207691274799,-58.1834600911999,135.098896193664));
#4784=CARTESIAN_POINT('Ctrl Pts',(-124.207691274799,-58.1834600911999,135.35));
#4785=CARTESIAN_POINT('',(-128.450690670235,-48.0966284300623,133.35));
#4786=CARTESIAN_POINT('Origin',(0.,0.,133.35));
#4787=CARTESIAN_POINT('',(-129.13875272303,-46.2174008921714,135.35));
#4788=CARTESIAN_POINT('Ctrl Pts',(-129.138752722726,-46.2174008920722,135.35));
#4789=CARTESIAN_POINT('Ctrl Pts',(-129.138752722726,-46.2174008920722,135.098889529145));
#4790=CARTESIAN_POINT('Ctrl Pts',(-129.121864016657,-46.2646760722351,134.831047392598));
#4791=CARTESIAN_POINT('Ctrl Pts',(-129.052860660105,-46.4568097769357,134.338345856992));
#4792=CARTESIAN_POINT('Ctrl Pts',(-129.000708648604,-46.6016556068796,134.113486740794));
#4793=CARTESIAN_POINT('Ctrl Pts',(-128.879554976441,-46.9356740144883,133.758275291348));
#4794=CARTESIAN_POINT('Ctrl Pts',(-128.802455535515,-47.1471510418934,133.60430707002));
#4795=CARTESIAN_POINT('Ctrl Pts',(-128.632103204948,-47.6099614410387,133.400170552166));
#4796=CARTESIAN_POINT('Ctrl Pts',(-128.538813601631,-47.8612803033605,133.35));
#4797=CARTESIAN_POINT('Ctrl Pts',(-128.450690670236,-48.0966284300623,133.35));
#4798=CARTESIAN_POINT('',(-129.13875272303,-46.2174008921714,171.1264));
#4799=CARTESIAN_POINT('',(-129.13875272303,-46.2174008921714,3.81));
#4800=CARTESIAN_POINT('',(-128.450690670236,-48.0966284300623,173.1264));
#4801=CARTESIAN_POINT('Ctrl Pts',(-128.450690670236,-48.0966284300623,173.1264));
#4802=CARTESIAN_POINT('Ctrl Pts',(-128.538813601631,-47.8612803033605,173.1264));
#4803=CARTESIAN_POINT('Ctrl Pts',(-128.632103204948,-47.6099614410387,173.076229447834));
#4804=CARTESIAN_POINT('Ctrl Pts',(-128.802455535515,-47.1471510418934,172.87209292998));
#4805=CARTESIAN_POINT('Ctrl Pts',(-128.879554976441,-46.9356740144883,172.718124708652));
#4806=CARTESIAN_POINT('Ctrl Pts',(-129.000708648604,-46.6016556068796,172.362913259206));
#4807=CARTESIAN_POINT('Ctrl Pts',(-129.052860660105,-46.4568097769357,172.138054143008));
#4808=CARTESIAN_POINT('Ctrl Pts',(-129.121864016657,-46.2646760722351,171.645352607402));
#4809=CARTESIAN_POINT('Ctrl Pts',(-129.138752722726,-46.2174008920722,171.377510470855));
#4810=CARTESIAN_POINT('Ctrl Pts',(-129.138752722726,-46.2174008920722,171.1264));
#4811=CARTESIAN_POINT('',(-131.445,-39.1800660412921,173.1264));
#4812=CARTESIAN_POINT('Origin',(0.,0.,173.1264));
#4813=CARTESIAN_POINT('',(-131.445,-39.1800660412919,79.248));
#4814=CARTESIAN_POINT('',(-131.445,-39.1800660412921,0.));
#4815=CARTESIAN_POINT('',(-131.445,39.1800660412919,79.248));
#4816=CARTESIAN_POINT('Origin',(0.,0.,79.248));
#4817=CARTESIAN_POINT('',(-131.445,39.1800660412922,173.1264));
#4818=CARTESIAN_POINT('',(-131.445,39.1800660412922,0.));
#4819=CARTESIAN_POINT('',(-128.865516596877,46.9738675459035,173.1264));
#4820=CARTESIAN_POINT('Origin',(0.,0.,173.1264));
#4821=CARTESIAN_POINT('',(-129.537153304253,45.0887071652137,171.1264));
#4822=CARTESIAN_POINT('Ctrl Pts',(-129.537153304253,45.0887071652137,171.1264));
#4823=CARTESIAN_POINT('Ctrl Pts',(-129.537153304253,45.0887071652137,171.377510470855));
#4824=CARTESIAN_POINT('Ctrl Pts',(-129.520677789792,45.1361279251755,171.645352607402));
#4825=CARTESIAN_POINT('Ctrl Pts',(-129.453353722271,45.3288564742539,172.138054143008));
#4826=CARTESIAN_POINT('Ctrl Pts',(-129.402467698835,45.4741518952921,172.362913259206));
#4827=CARTESIAN_POINT('Ctrl Pts',(-129.284233463324,45.8092148363242,172.718124708651));
#4828=CARTESIAN_POINT('Ctrl Pts',(-129.208982419895,46.0213566223402,172.87209292998));
#4829=CARTESIAN_POINT('Ctrl Pts',(-129.0426753072,46.4856359847436,173.076229447834));
#4830=CARTESIAN_POINT('Ctrl Pts',(-128.951582399039,46.7377593726482,173.1264));
#4831=CARTESIAN_POINT('Ctrl Pts',(-128.865516596877,46.9738675459035,173.1264));
#4832=CARTESIAN_POINT('',(-129.537153304253,45.0887071652137,135.35));
#4833=CARTESIAN_POINT('',(-129.537153304253,45.0887071652137,3.81));
#4834=CARTESIAN_POINT('',(-128.865516596877,46.9738675459035,133.35));
#4835=CARTESIAN_POINT('Ctrl Pts',(-128.865516596877,46.9738675459035,133.35));
#4836=CARTESIAN_POINT('Ctrl Pts',(-128.951582399039,46.7377593726482,133.35));
#4837=CARTESIAN_POINT('Ctrl Pts',(-129.0426753072,46.4856359847436,133.400170552166));
#4838=CARTESIAN_POINT('Ctrl Pts',(-129.208982419895,46.0213566223402,133.60430707002));
#4839=CARTESIAN_POINT('Ctrl Pts',(-129.284233463324,45.8092148363242,133.758275291349));
#4840=CARTESIAN_POINT('Ctrl Pts',(-129.402467698835,45.4741518952921,134.113486740794));
#4841=CARTESIAN_POINT('Ctrl Pts',(-129.453353722271,45.3288564742539,134.338345856992));
#4842=CARTESIAN_POINT('Ctrl Pts',(-129.520677789792,45.1361279251755,134.831047392598));
#4843=CARTESIAN_POINT('Ctrl Pts',(-129.537153304253,45.0887071652137,135.098889529145));
#4844=CARTESIAN_POINT('Ctrl Pts',(-129.537153304253,45.0887071652137,135.35));
#4845=CARTESIAN_POINT('',(-125.043658407311,56.3644310901459,133.35));
#4846=CARTESIAN_POINT('Origin',(0.,0.,133.35));
#4847=CARTESIAN_POINT('',(-124.207691274799,58.1834600911998,135.35));
#4848=CARTESIAN_POINT('Ctrl Pts',(-124.207691274799,58.1834600911999,135.35));
#4849=CARTESIAN_POINT('Ctrl Pts',(-124.207691274799,58.1834600911999,135.098896193664));
#4850=CARTESIAN_POINT('Ctrl Pts',(-124.22901784701,58.1380008899504,134.831065899889));
#4851=CARTESIAN_POINT('Ctrl Pts',(-124.315427348437,57.9530029065864,134.338398717763));
#4852=CARTESIAN_POINT('Ctrl Pts',(-124.38047477882,57.813446836111,134.113562095851));
#4853=CARTESIAN_POINT('Ctrl Pts',(-124.529862982982,57.4909596510224,133.758319987399));
#4854=CARTESIAN_POINT('Ctrl Pts',(-124.624184490319,57.2864652166078,133.604326035147));
#4855=CARTESIAN_POINT('Ctrl Pts',(-124.829445007441,56.8378053413855,133.400167589881));
#4856=CARTESIAN_POINT('Ctrl Pts',(-124.940347578088,56.5936246398588,133.35));
#4857=CARTESIAN_POINT('Ctrl Pts',(-125.043658407311,56.3644310901459,133.35));
#4858=CARTESIAN_POINT('',(-124.207691274799,58.1834600911998,281.35));
#4859=CARTESIAN_POINT('',(-124.207691274799,58.1834600911998,133.35));
#4860=CARTESIAN_POINT('',(-121.997329233229,62.6858617230317,281.35));
#4861=CARTESIAN_POINT('Origin',(4.2632564145606E-13,-2.66453525910038E-13,
281.35));
#4862=CARTESIAN_POINT('',(-121.997329233229,62.6858617230317,272.8875));
#4863=CARTESIAN_POINT('',(-121.997329233229,62.6858617230317,133.35));
#4864=CARTESIAN_POINT('',(-121.0703044201,64.4581025754278,270.8875));
#4865=CARTESIAN_POINT('Ctrl Pts',(-121.0703044201,64.4581025754278,270.8875));
#4866=CARTESIAN_POINT('Ctrl Pts',(-121.188325180605,64.2364266521323,270.8875));
#4867=CARTESIAN_POINT('Ctrl Pts',(-121.313541572067,63.9996167178349,270.937681756253));
#4868=CARTESIAN_POINT('Ctrl Pts',(-121.542693190402,63.5633545434079,271.14178534535));
#4869=CARTESIAN_POINT('Ctrl Pts',(-121.646663251624,63.363920764037,271.295707526034));
#4870=CARTESIAN_POINT('Ctrl Pts',(-121.810325686361,63.0487247159545,271.650857692293));
#4871=CARTESIAN_POINT('Ctrl Pts',(-121.88093356531,62.9119547322924,271.875753033248));
#4872=CARTESIAN_POINT('Ctrl Pts',(-121.974417805585,62.7305142333297,272.368511788085));
#4873=CARTESIAN_POINT('Ctrl Pts',(-121.997329233229,62.6858617230317,272.636375178224));
#4874=CARTESIAN_POINT('Ctrl Pts',(-121.997329233229,62.6858617230317,272.8875));
#4875=CARTESIAN_POINT('',(-88.2155991588604,105.027966109238,270.8875));
#4876=CARTESIAN_POINT('Origin',(0.,9.95224529412086E-14,270.8875));
#4877=CARTESIAN_POINT('',(-86.6738411430478,106.303860990604,272.8875));
#4878=CARTESIAN_POINT('Ctrl Pts',(-86.6738411430478,106.303860990604,272.8875));
#4879=CARTESIAN_POINT('Ctrl Pts',(-86.6738411430478,106.303860990604,272.636350834622));
#4880=CARTESIAN_POINT('Ctrl Pts',(-86.7127790281949,106.27215053021,272.368470073085));
#4881=CARTESIAN_POINT('Ctrl Pts',(-86.8709031706584,106.142932913239,271.875709556736));
#4882=CARTESIAN_POINT('Ctrl Pts',(-86.9900649768373,106.045394758481,271.650830085199));
#4883=CARTESIAN_POINT('Ctrl Pts',(-87.2645141052475,105.81966623302,271.295659714966));
#4884=CARTESIAN_POINT('Ctrl Pts',(-87.4381089145175,105.676409374318,271.141733956794));
#4885=CARTESIAN_POINT('Ctrl Pts',(-87.8174627800904,105.361376318189,270.937655227279));
#4886=CARTESIAN_POINT('Ctrl Pts',(-88.0231959180623,105.189570373282,270.8875));
#4887=CARTESIAN_POINT('Ctrl Pts',(-88.2155991588603,105.027966109238,270.8875));
#4888=CARTESIAN_POINT('',(-86.6738411430478,106.303860990604,3.81));
#4889=CARTESIAN_POINT('',(-88.2155991588603,105.027966109238,133.35));
#4890=CARTESIAN_POINT('',(-121.0703044201,64.4581025754278,133.35));
#4891=CARTESIAN_POINT('Origin',(0.,0.,133.35));
#4892=CARTESIAN_POINT('',(-86.6738411430478,106.303860990604,135.35));
#4893=CARTESIAN_POINT('Ctrl Pts',(-86.6738411430478,106.303860990604,135.35));
#4894=CARTESIAN_POINT('Ctrl Pts',(-86.6738411430478,106.303860990604,135.098889529145));
#4895=CARTESIAN_POINT('Ctrl Pts',(-86.7127671234386,106.272160216123,134.831047392598));
#4896=CARTESIAN_POINT('Ctrl Pts',(-86.8708465315996,106.142979240693,134.338345856992));
#4897=CARTESIAN_POINT('Ctrl Pts',(-86.9899755215544,106.045468059242,134.113486740794));
#4898=CARTESIAN_POINT('Ctrl Pts',(-87.2643932045654,105.819765945492,133.758275291348));
#4899=CARTESIAN_POINT('Ctrl Pts',(-87.4380039027862,105.676496331217,133.60430707002));
#4900=CARTESIAN_POINT('Ctrl Pts',(-87.8174034110998,105.361425870561,133.400170552166));
#4901=CARTESIAN_POINT('Ctrl Pts',(-88.0231662887361,105.18959525969,133.35));
#4902=CARTESIAN_POINT('Ctrl Pts',(-88.2155991588603,105.027966109238,133.35));
#4903=CARTESIAN_POINT('',(-86.6738411430478,106.303860990604,190.8675));
#4904=CARTESIAN_POINT('',(-86.6738411430478,106.303860990604,3.81));
#4905=CARTESIAN_POINT('',(-88.2155991588603,105.027966109238,192.8675));
#4906=CARTESIAN_POINT('Ctrl Pts',(-88.2155991588603,105.027966109238,192.8675));
#4907=CARTESIAN_POINT('Ctrl Pts',(-88.0231662887361,105.18959525969,192.8675));
#4908=CARTESIAN_POINT('Ctrl Pts',(-87.8174034110998,105.361425870561,192.817329447834));
#4909=CARTESIAN_POINT('Ctrl Pts',(-87.4380039027862,105.676496331217,192.61319292998));
#4910=CARTESIAN_POINT('Ctrl Pts',(-87.2643932045654,105.819765945492,192.459224708651));
#4911=CARTESIAN_POINT('Ctrl Pts',(-86.9899755215545,106.045468059242,192.104013259206));
#4912=CARTESIAN_POINT('Ctrl Pts',(-86.8708465315996,106.142979240693,191.879154143008));
#4913=CARTESIAN_POINT('Ctrl Pts',(-86.7127671234386,106.272160216123,191.386452607402));
#4914=CARTESIAN_POINT('Ctrl Pts',(-86.6738411430478,106.303860990604,191.118610470855));
#4915=CARTESIAN_POINT('Ctrl Pts',(-86.6738411430478,106.303860990604,190.8675));
#4916=CARTESIAN_POINT('',(-121.0703044201,64.4581025754278,192.8675));
#4917=CARTESIAN_POINT('Origin',(0.,2.45526375144055E-14,192.8675));
#4918=CARTESIAN_POINT('',(-121.997329233229,62.6858617230317,190.8675));
#4919=CARTESIAN_POINT('Ctrl Pts',(-121.997329233229,62.6858617230317,190.8675));
#4920=CARTESIAN_POINT('Ctrl Pts',(-121.997329233229,62.6858617230317,191.118624821776));
#4921=CARTESIAN_POINT('Ctrl Pts',(-121.974417805585,62.7305142333297,191.386488211915));
#4922=CARTESIAN_POINT('Ctrl Pts',(-121.88093356531,62.9119547322924,191.879246966752));
#4923=CARTESIAN_POINT('Ctrl Pts',(-121.810325686361,63.0487247159545,192.104142307707));
#4924=CARTESIAN_POINT('Ctrl Pts',(-121.646663251623,63.363920764037,192.459292473966));
#4925=CARTESIAN_POINT('Ctrl Pts',(-121.542693190402,63.563354543408,192.61321465465));
#4926=CARTESIAN_POINT('Ctrl Pts',(-121.313541572067,63.999616717835,192.817318243747));
#4927=CARTESIAN_POINT('Ctrl Pts',(-121.188325180605,64.2364266521323,192.8675));
#4928=CARTESIAN_POINT('Ctrl Pts',(-121.0703044201,64.4581025754278,192.8675));
#4929=CARTESIAN_POINT('',(-121.997329233229,62.6858617230317,135.35));
#4930=CARTESIAN_POINT('',(-121.997329233229,62.6858617230317,133.35));
#4931=CARTESIAN_POINT('Ctrl Pts',(-121.0703044201,64.4581025754278,133.35));
#4932=CARTESIAN_POINT('Ctrl Pts',(-121.188325180605,64.2364266521323,133.35));
#4933=CARTESIAN_POINT('Ctrl Pts',(-121.313541572067,63.999616717835,133.400181756253));
#4934=CARTESIAN_POINT('Ctrl Pts',(-121.542693190402,63.563354543408,133.60428534535));
#4935=CARTESIAN_POINT('Ctrl Pts',(-121.646663251624,63.363920764037,133.758207526034));
#4936=CARTESIAN_POINT('Ctrl Pts',(-121.810325686361,63.0487247159545,134.113357692293));
#4937=CARTESIAN_POINT('Ctrl Pts',(-121.88093356531,62.9119547322924,134.338253033248));
#4938=CARTESIAN_POINT('Ctrl Pts',(-121.974417805585,62.7305142333297,134.831011788085));
#4939=CARTESIAN_POINT('Ctrl Pts',(-121.997329233229,62.6858617230317,135.098875178224));
#4940=CARTESIAN_POINT('Ctrl Pts',(-121.997329233229,62.6858617230317,135.35));
#4941=CARTESIAN_POINT('',(-95.437222647665,-98.5119390364038,135.35));
#4942=CARTESIAN_POINT('',(-95.437222647665,-98.5119390364038,190.8675));
#4943=CARTESIAN_POINT('',(-95.437222647665,-98.5119390364038,3.81));
#4944=CARTESIAN_POINT('',(-96.8643629810198,-97.1090149485681,133.35));
#4945=CARTESIAN_POINT('Ctrl Pts',(-96.8643629810198,-97.1090149485682,133.35));
#4946=CARTESIAN_POINT('Ctrl Pts',(-96.6864392607599,-97.2864904160242,133.35));
#4947=CARTESIAN_POINT('Ctrl Pts',(-96.4961056275778,-97.4752686688115,133.400170552166));
#4948=CARTESIAN_POINT('Ctrl Pts',(-96.145005061413,-97.8215947788948,133.60430707002));
#4949=CARTESIAN_POINT('Ctrl Pts',(-95.9842665085028,-97.9791700768302,133.758275291349));
#4950=CARTESIAN_POINT('Ctrl Pts',(-95.7301305209453,-98.2274872303422,134.113486740794));
#4951=CARTESIAN_POINT('Ctrl Pts',(-95.6197660172549,-98.334817669086,134.338345856992));
#4952=CARTESIAN_POINT('Ctrl Pts',(-95.4732985839581,-98.4770291829688,134.831047392598));
#4953=CARTESIAN_POINT('Ctrl Pts',(-95.4372226491135,-98.5119390379844,135.098889529145));
#4954=CARTESIAN_POINT('Ctrl Pts',(-95.4372226491135,-98.5119390379844,135.35));
#4955=CARTESIAN_POINT('',(-121.0703044201,-64.4581025754277,133.35));
#4956=CARTESIAN_POINT('Origin',(0.,0.,133.35));
#4957=CARTESIAN_POINT('',(-121.997329233229,-62.6858617230316,135.35));
#4958=CARTESIAN_POINT('Ctrl Pts',(-121.997329233229,-62.6858617230317,135.35));
#4959=CARTESIAN_POINT('Ctrl Pts',(-121.997329233229,-62.6858617230317,135.098875178224));
#4960=CARTESIAN_POINT('Ctrl Pts',(-121.974417805585,-62.7305142333297,134.831011788085));
#4961=CARTESIAN_POINT('Ctrl Pts',(-121.88093356531,-62.9119547322924,134.338253033248));
#4962=CARTESIAN_POINT('Ctrl Pts',(-121.810325686361,-63.0487247159545,134.113357692293));
#4963=CARTESIAN_POINT('Ctrl Pts',(-121.646663251623,-63.363920764037,133.758207526034));
#4964=CARTESIAN_POINT('Ctrl Pts',(-121.542693190402,-63.563354543408,133.60428534535));
#4965=CARTESIAN_POINT('Ctrl Pts',(-121.313541572067,-63.9996167178349,133.400181756253));
#4966=CARTESIAN_POINT('Ctrl Pts',(-121.188325180605,-64.2364266521323,133.35));
#4967=CARTESIAN_POINT('Ctrl Pts',(-121.0703044201,-64.4581025754278,133.35));
#4968=CARTESIAN_POINT('',(-121.997329233229,-62.6858617230316,190.8675));
#4969=CARTESIAN_POINT('',(-121.997329233229,-62.6858617230316,133.35));
#4970=CARTESIAN_POINT('',(-121.0703044201,-64.4581025754277,192.8675));
#4971=CARTESIAN_POINT('Ctrl Pts',(-121.0703044201,-64.4581025754278,192.8675));
#4972=CARTESIAN_POINT('Ctrl Pts',(-121.188325180605,-64.2364266521323,192.8675));
#4973=CARTESIAN_POINT('Ctrl Pts',(-121.313541572067,-63.9996167178349,192.817318243747));
#4974=CARTESIAN_POINT('Ctrl Pts',(-121.542693190402,-63.563354543408,192.61321465465));
#4975=CARTESIAN_POINT('Ctrl Pts',(-121.646663251624,-63.363920764037,192.459292473966));
#4976=CARTESIAN_POINT('Ctrl Pts',(-121.810325686361,-63.0487247159545,192.104142307707));
#4977=CARTESIAN_POINT('Ctrl Pts',(-121.88093356531,-62.9119547322924,191.879246966752));
#4978=CARTESIAN_POINT('Ctrl Pts',(-121.974417805585,-62.7305142333297,191.386488211915));
#4979=CARTESIAN_POINT('Ctrl Pts',(-121.997329233229,-62.6858617230317,191.118624821776));
#4980=CARTESIAN_POINT('Ctrl Pts',(-121.997329233229,-62.6858617230317,190.8675));
#4981=CARTESIAN_POINT('',(-96.8643629810198,-97.1090149485681,192.8675));
#4982=CARTESIAN_POINT('Origin',(0.,2.45526375144055E-14,192.8675));
#4983=CARTESIAN_POINT('Ctrl Pts',(-95.4372226491135,-98.5119390379844,190.8675));
#4984=CARTESIAN_POINT('Ctrl Pts',(-95.4372226491135,-98.5119390379844,191.118649165378));
#4985=CARTESIAN_POINT('Ctrl Pts',(-95.4733096178652,-98.4770185155881,191.386529926915));
#4986=CARTESIAN_POINT('Ctrl Pts',(-95.6198184921661,-98.3347666730109,191.879290443263));
#4987=CARTESIAN_POINT('Ctrl Pts',(-95.7302133881702,-98.2274065564795,192.104169914801));
#4988=CARTESIAN_POINT('Ctrl Pts',(-95.9843784501961,-97.9790604018132,192.459340285033));
#4989=CARTESIAN_POINT('Ctrl Pts',(-96.1451022617668,-97.8214991700177,192.613266043206));
#4990=CARTESIAN_POINT('Ctrl Pts',(-96.4961605469811,-97.4752142264217,192.81734477272));
#4991=CARTESIAN_POINT('Ctrl Pts',(-96.6864666560794,-97.2864630897233,192.8675));
#4992=CARTESIAN_POINT('Ctrl Pts',(-96.8643629810198,-97.1090149485682,192.8675));
#4993=CARTESIAN_POINT('',(-88.2155991588603,105.027966109238,79.248));
#4994=CARTESIAN_POINT('',(-128.865516596877,46.9738675459035,79.248));
#4995=CARTESIAN_POINT('Origin',(0.,0.,79.248));
#4996=CARTESIAN_POINT('',(-86.6738411430478,106.303860990604,81.248));
#4997=CARTESIAN_POINT('Ctrl Pts',(-86.6738411430478,106.303860990604,81.248));
#4998=CARTESIAN_POINT('Ctrl Pts',(-86.6738411430478,106.303860990604,80.9968508346225));
#4999=CARTESIAN_POINT('Ctrl Pts',(-86.7127790281949,106.27215053021,80.7289700730848));
#5000=CARTESIAN_POINT('Ctrl Pts',(-86.8709031706584,106.142932913239,80.2362095567365));
#5001=CARTESIAN_POINT('Ctrl Pts',(-86.9900649768373,106.045394758481,80.0113300851987));
#5002=CARTESIAN_POINT('Ctrl Pts',(-87.2645141052475,105.81966623302,79.6561597149665));
#5003=CARTESIAN_POINT('Ctrl Pts',(-87.4381089145175,105.676409374318,79.5022339567936));
#5004=CARTESIAN_POINT('Ctrl Pts',(-87.8174627800904,105.361376318189,79.2981552272795));
#5005=CARTESIAN_POINT('Ctrl Pts',(-88.0231959180623,105.189570373282,79.248));
#5006=CARTESIAN_POINT('Ctrl Pts',(-88.2155991588603,105.027966109238,79.248));
#5007=CARTESIAN_POINT('',(-86.6738411430478,106.303860990604,123.73));
#5008=CARTESIAN_POINT('',(-86.6738411430478,106.303860990604,3.81));
#5009=CARTESIAN_POINT('',(-88.2155991588603,105.027966109238,125.73));
#5010=CARTESIAN_POINT('Ctrl Pts',(-88.2155991588603,105.027966109238,125.73));
#5011=CARTESIAN_POINT('Ctrl Pts',(-88.0231662887361,105.18959525969,125.73));
#5012=CARTESIAN_POINT('Ctrl Pts',(-87.8174034110998,105.361425870561,125.679829447834));
#5013=CARTESIAN_POINT('Ctrl Pts',(-87.4380039027862,105.676496331217,125.47569292998));
#5014=CARTESIAN_POINT('Ctrl Pts',(-87.2643932045654,105.819765945492,125.321724708652));
#5015=CARTESIAN_POINT('Ctrl Pts',(-86.9899755215544,106.045468059242,124.966513259206));
#5016=CARTESIAN_POINT('Ctrl Pts',(-86.8708465315996,106.142979240693,124.741654143008));
#5017=CARTESIAN_POINT('Ctrl Pts',(-86.7127671234386,106.272160216123,124.248952607402));
#5018=CARTESIAN_POINT('Ctrl Pts',(-86.6738411430478,106.303860990604,123.981110470855));
#5019=CARTESIAN_POINT('Ctrl Pts',(-86.6738411430478,106.303860990604,123.73));
#5020=CARTESIAN_POINT('',(-128.865516596877,46.9738675459035,125.73));
#5021=CARTESIAN_POINT('Origin',(0.,0.,125.73));
#5022=CARTESIAN_POINT('',(-129.537153304253,45.0887071652137,123.73));
#5023=CARTESIAN_POINT('Ctrl Pts',(-129.537153304253,45.0887071652137,123.73));
#5024=CARTESIAN_POINT('Ctrl Pts',(-129.537153304253,45.0887071652137,123.981110470855));
#5025=CARTESIAN_POINT('Ctrl Pts',(-129.520677789792,45.1361279251755,124.248952607402));
#5026=CARTESIAN_POINT('Ctrl Pts',(-129.453353722271,45.3288564742539,124.741654143008));
#5027=CARTESIAN_POINT('Ctrl Pts',(-129.402467698835,45.4741518952921,124.966513259206));
#5028=CARTESIAN_POINT('Ctrl Pts',(-129.284233463324,45.8092148363242,125.321724708651));
#5029=CARTESIAN_POINT('Ctrl Pts',(-129.208982419895,46.0213566223402,125.47569292998));
#5030=CARTESIAN_POINT('Ctrl Pts',(-129.0426753072,46.4856359847436,125.679829447834));
#5031=CARTESIAN_POINT('Ctrl Pts',(-128.951582399039,46.7377593726482,125.73));
#5032=CARTESIAN_POINT('Ctrl Pts',(-128.865516596877,46.9738675459035,125.73));
#5033=CARTESIAN_POINT('',(-129.537153304253,45.0887071652137,81.248));
#5034=CARTESIAN_POINT('',(-129.537153304253,45.0887071652137,3.81));
#5035=CARTESIAN_POINT('Ctrl Pts',(-128.865516596877,46.9738675459035,79.248));
#5036=CARTESIAN_POINT('Ctrl Pts',(-128.951582399039,46.7377593726482,79.248));
#5037=CARTESIAN_POINT('Ctrl Pts',(-129.0426753072,46.4856359847436,79.2981705521663));
#5038=CARTESIAN_POINT('Ctrl Pts',(-129.208982419895,46.0213566223402,79.50230707002));
#5039=CARTESIAN_POINT('Ctrl Pts',(-129.284233463324,45.8092148363242,79.6562752913485));
#5040=CARTESIAN_POINT('Ctrl Pts',(-129.402467698835,45.4741518952921,80.0114867407942));
#5041=CARTESIAN_POINT('Ctrl Pts',(-129.453353722271,45.3288564742539,80.2363458569919));
#5042=CARTESIAN_POINT('Ctrl Pts',(-129.520677789792,45.1361279251756,80.7290473925976));
#5043=CARTESIAN_POINT('Ctrl Pts',(-129.537153304253,45.0887071652137,80.9968895291454));
#5044=CARTESIAN_POINT('Ctrl Pts',(-129.537153304253,45.0887071652137,81.248));
#5045=CARTESIAN_POINT('',(-128.450690670235,-48.0966284300623,125.73));
#5046=CARTESIAN_POINT('',(-96.8643629810198,-97.1090149485681,125.73));
#5047=CARTESIAN_POINT('Origin',(0.,0.,125.73));
#5048=CARTESIAN_POINT('',(-95.437222647665,-98.5119390364038,123.73));
#5049=CARTESIAN_POINT('Ctrl Pts',(-95.4372226491135,-98.5119390379844,123.73));
#5050=CARTESIAN_POINT('Ctrl Pts',(-95.4372226491135,-98.5119390379844,123.981110470855));
#5051=CARTESIAN_POINT('Ctrl Pts',(-95.4732985839581,-98.4770291829688,124.248952607402));
#5052=CARTESIAN_POINT('Ctrl Pts',(-95.6197660172549,-98.334817669086,124.741654143008));
#5053=CARTESIAN_POINT('Ctrl Pts',(-95.7301305209453,-98.2274872303422,124.966513259206));
#5054=CARTESIAN_POINT('Ctrl Pts',(-95.9842665085028,-97.9791700768302,125.321724708652));
#5055=CARTESIAN_POINT('Ctrl Pts',(-96.1450050614131,-97.8215947788948,125.47569292998));
#5056=CARTESIAN_POINT('Ctrl Pts',(-96.4961056275778,-97.4752686688115,125.679829447834));
#5057=CARTESIAN_POINT('Ctrl Pts',(-96.6864392607599,-97.2864904160242,125.73));
#5058=CARTESIAN_POINT('Ctrl Pts',(-96.8643629810198,-97.1090149485682,125.73));
#5059=CARTESIAN_POINT('',(-95.437222647665,-98.5119390364038,81.248));
#5060=CARTESIAN_POINT('',(-95.437222647665,-98.5119390364038,3.81));
#5061=CARTESIAN_POINT('',(-96.8643629810198,-97.1090149485681,79.248));
#5062=CARTESIAN_POINT('Ctrl Pts',(-96.8643629810198,-97.1090149485682,79.248));
#5063=CARTESIAN_POINT('Ctrl Pts',(-96.6864392607599,-97.2864904160242,79.248));
#5064=CARTESIAN_POINT('Ctrl Pts',(-96.4961056275778,-97.4752686688115,79.2981705521663));
#5065=CARTESIAN_POINT('Ctrl Pts',(-96.1450050614131,-97.8215947788948,79.50230707002));
#5066=CARTESIAN_POINT('Ctrl Pts',(-95.9842665085028,-97.9791700768302,79.6562752913485));
#5067=CARTESIAN_POINT('Ctrl Pts',(-95.7301305209453,-98.2274872303422,80.0114867407942));
#5068=CARTESIAN_POINT('Ctrl Pts',(-95.6197660172549,-98.334817669086,80.236345856992));
#5069=CARTESIAN_POINT('Ctrl Pts',(-95.4732985839581,-98.4770291829688,80.7290473925976));
#5070=CARTESIAN_POINT('Ctrl Pts',(-95.4372226491135,-98.5119390379844,80.9968895291454));
#5071=CARTESIAN_POINT('Ctrl Pts',(-95.4372226491135,-98.5119390379844,81.248));
#5072=CARTESIAN_POINT('',(-128.450690670235,-48.0966284300623,79.248));
#5073=CARTESIAN_POINT('Origin',(0.,0.,79.248));
#5074=CARTESIAN_POINT('',(-129.13875272303,-46.2174008921714,81.248));
#5075=CARTESIAN_POINT('Ctrl Pts',(-129.138752722726,-46.2174008920722,81.248));
#5076=CARTESIAN_POINT('Ctrl Pts',(-129.138752722726,-46.2174008920722,80.9968895291454));
#5077=CARTESIAN_POINT('Ctrl Pts',(-129.121864016657,-46.2646760722351,80.7290473925976));
#5078=CARTESIAN_POINT('Ctrl Pts',(-129.052860660105,-46.4568097769357,80.236345856992));
#5079=CARTESIAN_POINT('Ctrl Pts',(-129.000708648604,-46.6016556068796,80.0114867407942));
#5080=CARTESIAN_POINT('Ctrl Pts',(-128.879554976441,-46.9356740144883,79.6562752913485));
#5081=CARTESIAN_POINT('Ctrl Pts',(-128.802455535515,-47.1471510418934,79.50230707002));
#5082=CARTESIAN_POINT('Ctrl Pts',(-128.632103204948,-47.6099614410387,79.2981705521663));
#5083=CARTESIAN_POINT('Ctrl Pts',(-128.538813601631,-47.8612803033605,79.248));
#5084=CARTESIAN_POINT('Ctrl Pts',(-128.450690670236,-48.0966284300623,79.248));
#5085=CARTESIAN_POINT('',(-129.13875272303,-46.2174008921714,123.73));
#5086=CARTESIAN_POINT('',(-129.13875272303,-46.2174008921714,3.81));
#5087=CARTESIAN_POINT('Ctrl Pts',(-128.450690670236,-48.0966284300623,125.73));
#5088=CARTESIAN_POINT('Ctrl Pts',(-128.538813601631,-47.8612803033605,125.73));
#5089=CARTESIAN_POINT('Ctrl Pts',(-128.632103204948,-47.6099614410387,125.679829447834));
#5090=CARTESIAN_POINT('Ctrl Pts',(-128.802455535515,-47.1471510418934,125.47569292998));
#5091=CARTESIAN_POINT('Ctrl Pts',(-128.879554976441,-46.9356740144883,125.321724708652));
#5092=CARTESIAN_POINT('Ctrl Pts',(-129.000708648604,-46.6016556068796,124.966513259206));
#5093=CARTESIAN_POINT('Ctrl Pts',(-129.052860660105,-46.4568097769357,124.741654143008));
#5094=CARTESIAN_POINT('Ctrl Pts',(-129.121864016657,-46.2646760722351,124.248952607402));
#5095=CARTESIAN_POINT('Ctrl Pts',(-129.138752722726,-46.2174008920722,123.981110470855));
#5096=CARTESIAN_POINT('Ctrl Pts',(-129.138752722726,-46.2174008920722,123.73));
#5097=CARTESIAN_POINT('',(-121.997329233229,62.6858617230317,261.2675));
#5098=CARTESIAN_POINT('',(-121.0703044201,64.4581025754278,263.2675));
#5099=CARTESIAN_POINT('Ctrl Pts',(-121.997329233229,62.6858617230317,261.2675));
#5100=CARTESIAN_POINT('Ctrl Pts',(-121.997329233229,62.6858617230317,261.518624821776));
#5101=CARTESIAN_POINT('Ctrl Pts',(-121.974417805585,62.7305142333297,261.786488211915));
#5102=CARTESIAN_POINT('Ctrl Pts',(-121.88093356531,62.9119547322924,262.279246966752));
#5103=CARTESIAN_POINT('Ctrl Pts',(-121.810325686361,63.0487247159545,262.504142307706));
#5104=CARTESIAN_POINT('Ctrl Pts',(-121.646663251624,63.363920764037,262.859292473966));
#5105=CARTESIAN_POINT('Ctrl Pts',(-121.542693190402,63.5633545434079,263.01321465465));
#5106=CARTESIAN_POINT('Ctrl Pts',(-121.313541572067,63.9996167178349,263.217318243747));
#5107=CARTESIAN_POINT('Ctrl Pts',(-121.188325180605,64.2364266521323,263.2675));
#5108=CARTESIAN_POINT('Ctrl Pts',(-121.0703044201,64.4581025754278,263.2675));
#5109=CARTESIAN_POINT('',(-121.997329233229,62.6858617230317,202.4875));
#5110=CARTESIAN_POINT('',(-121.997329233229,62.6858617230317,133.35));
#5111=CARTESIAN_POINT('',(-121.0703044201,64.4581025754278,200.4875));
#5112=CARTESIAN_POINT('Ctrl Pts',(-121.0703044201,64.4581025754278,200.4875));
#5113=CARTESIAN_POINT('Ctrl Pts',(-121.188325180605,64.2364266521323,200.4875));
#5114=CARTESIAN_POINT('Ctrl Pts',(-121.313541572067,63.999616717835,200.537681756253));
#5115=CARTESIAN_POINT('Ctrl Pts',(-121.542693190402,63.563354543408,200.74178534535));
#5116=CARTESIAN_POINT('Ctrl Pts',(-121.646663251623,63.363920764037,200.895707526034));
#5117=CARTESIAN_POINT('Ctrl Pts',(-121.810325686361,63.0487247159545,201.250857692293));
#5118=CARTESIAN_POINT('Ctrl Pts',(-121.88093356531,62.9119547322924,201.475753033248));
#5119=CARTESIAN_POINT('Ctrl Pts',(-121.974417805585,62.7305142333297,201.968511788085));
#5120=CARTESIAN_POINT('Ctrl Pts',(-121.997329233229,62.6858617230317,202.236375178224));
#5121=CARTESIAN_POINT('Ctrl Pts',(-121.997329233229,62.6858617230317,202.4875));
#5122=CARTESIAN_POINT('',(-88.2155991588603,105.027966109238,200.4875));
#5123=CARTESIAN_POINT('Origin',(0.,2.45526375144055E-14,200.4875));
#5124=CARTESIAN_POINT('',(-86.6738411430478,106.303860990604,202.4875));
#5125=CARTESIAN_POINT('Ctrl Pts',(-86.6738411430478,106.303860990604,202.4875));
#5126=CARTESIAN_POINT('Ctrl Pts',(-86.6738411430478,106.303860990604,202.236350834622));
#5127=CARTESIAN_POINT('Ctrl Pts',(-86.7127790281949,106.27215053021,201.968470073085));
#5128=CARTESIAN_POINT('Ctrl Pts',(-86.8709031706584,106.142932913239,201.475709556736));
#5129=CARTESIAN_POINT('Ctrl Pts',(-86.9900649768373,106.045394758481,201.250830085199));
#5130=CARTESIAN_POINT('Ctrl Pts',(-87.2645141052475,105.81966623302,200.895659714966));
#5131=CARTESIAN_POINT('Ctrl Pts',(-87.4381089145175,105.676409374318,200.741733956794));
#5132=CARTESIAN_POINT('Ctrl Pts',(-87.8174627800904,105.361376318189,200.53765522728));
#5133=CARTESIAN_POINT('Ctrl Pts',(-88.0231959180623,105.189570373282,200.4875));
#5134=CARTESIAN_POINT('Ctrl Pts',(-88.2155991588603,105.027966109238,200.4875));
#5135=CARTESIAN_POINT('',(-86.6738411430478,106.303860990604,261.2675));
#5136=CARTESIAN_POINT('',(-86.6738411430478,106.303860990604,3.81));
#5137=CARTESIAN_POINT('',(-88.2155991588604,105.027966109238,263.2675));
#5138=CARTESIAN_POINT('Ctrl Pts',(-88.2155991588603,105.027966109238,263.2675));
#5139=CARTESIAN_POINT('Ctrl Pts',(-88.0231662887361,105.18959525969,263.2675));
#5140=CARTESIAN_POINT('Ctrl Pts',(-87.8174034110998,105.361425870561,263.217329447834));
#5141=CARTESIAN_POINT('Ctrl Pts',(-87.4380039027862,105.676496331217,263.01319292998));
#5142=CARTESIAN_POINT('Ctrl Pts',(-87.2643932045654,105.819765945492,262.859224708651));
#5143=CARTESIAN_POINT('Ctrl Pts',(-86.9899755215545,106.045468059242,262.504013259206));
#5144=CARTESIAN_POINT('Ctrl Pts',(-86.8708465315996,106.142979240693,262.279154143008));
#5145=CARTESIAN_POINT('Ctrl Pts',(-86.7127671234386,106.272160216123,261.786452607402));
#5146=CARTESIAN_POINT('Ctrl Pts',(-86.6738411430478,106.303860990604,261.518610470855));
#5147=CARTESIAN_POINT('Ctrl Pts',(-86.6738411430478,106.303860990604,261.2675));
#5148=CARTESIAN_POINT('Origin',(0.,9.95224529412086E-14,263.2675));
#5149=CARTESIAN_POINT('',(-95.437222647665,-98.5119390364038,261.2675));
#5150=CARTESIAN_POINT('',(-96.8643629810198,-97.1090149485681,263.2675));
#5151=CARTESIAN_POINT('Ctrl Pts',(-95.4372226491135,-98.5119390379844,261.2675));
#5152=CARTESIAN_POINT('Ctrl Pts',(-95.4372226491135,-98.5119390379844,261.518649165378));
#5153=CARTESIAN_POINT('Ctrl Pts',(-95.4733096178652,-98.477018515588,261.786529926915));
#5154=CARTESIAN_POINT('Ctrl Pts',(-95.6198184921661,-98.3347666730109,262.279290443264));
#5155=CARTESIAN_POINT('Ctrl Pts',(-95.7302133881701,-98.2274065564794,262.504169914801));
#5156=CARTESIAN_POINT('Ctrl Pts',(-95.9843784501961,-97.9790604018132,262.859340285034));
#5157=CARTESIAN_POINT('Ctrl Pts',(-96.1451022617668,-97.8214991700177,263.013266043206));
#5158=CARTESIAN_POINT('Ctrl Pts',(-96.4961605469811,-97.4752142264217,263.217344772721));
#5159=CARTESIAN_POINT('Ctrl Pts',(-96.6864666560793,-97.2864630897233,263.2675));
#5160=CARTESIAN_POINT('Ctrl Pts',(-96.8643629810198,-97.1090149485682,263.2675));
#5161=CARTESIAN_POINT('',(-95.437222647665,-98.5119390364038,202.4875));
#5162=CARTESIAN_POINT('',(-95.437222647665,-98.5119390364038,3.81));
#5163=CARTESIAN_POINT('',(-96.8643629810198,-97.1090149485681,200.4875));
#5164=CARTESIAN_POINT('Ctrl Pts',(-96.8643629810198,-97.1090149485682,200.4875));
#5165=CARTESIAN_POINT('Ctrl Pts',(-96.6864392607599,-97.2864904160242,200.4875));
#5166=CARTESIAN_POINT('Ctrl Pts',(-96.4961056275778,-97.4752686688115,200.537670552166));
#5167=CARTESIAN_POINT('Ctrl Pts',(-96.1450050614131,-97.8215947788948,200.74180707002));
#5168=CARTESIAN_POINT('Ctrl Pts',(-95.9842665085028,-97.9791700768302,200.895775291349));
#5169=CARTESIAN_POINT('Ctrl Pts',(-95.7301305209453,-98.2274872303422,201.250986740794));
#5170=CARTESIAN_POINT('Ctrl Pts',(-95.6197660172549,-98.334817669086,201.475845856992));
#5171=CARTESIAN_POINT('Ctrl Pts',(-95.4732985839581,-98.4770291829688,201.968547392598));
#5172=CARTESIAN_POINT('Ctrl Pts',(-95.4372226491135,-98.5119390379844,202.236389529145));
#5173=CARTESIAN_POINT('Ctrl Pts',(-95.4372226491135,-98.5119390379844,202.4875));
#5174=CARTESIAN_POINT('',(-121.0703044201,-64.4581025754277,200.4875));
#5175=CARTESIAN_POINT('Origin',(0.,2.45526375144055E-14,200.4875));
#5176=CARTESIAN_POINT('',(-121.997329233229,-62.6858617230316,202.4875));
#5177=CARTESIAN_POINT('Ctrl Pts',(-121.997329233229,-62.6858617230317,202.4875));
#5178=CARTESIAN_POINT('Ctrl Pts',(-121.997329233229,-62.6858617230317,202.236375178224));
#5179=CARTESIAN_POINT('Ctrl Pts',(-121.974417805585,-62.7305142333297,201.968511788085));
#5180=CARTESIAN_POINT('Ctrl Pts',(-121.88093356531,-62.9119547322924,201.475753033248));
#5181=CARTESIAN_POINT('Ctrl Pts',(-121.810325686361,-63.0487247159545,201.250857692293));
#5182=CARTESIAN_POINT('Ctrl Pts',(-121.646663251624,-63.363920764037,200.895707526034));
#5183=CARTESIAN_POINT('Ctrl Pts',(-121.542693190402,-63.563354543408,200.74178534535));
#5184=CARTESIAN_POINT('Ctrl Pts',(-121.313541572067,-63.9996167178349,200.537681756253));
#5185=CARTESIAN_POINT('Ctrl Pts',(-121.188325180605,-64.2364266521323,200.4875));
#5186=CARTESIAN_POINT('Ctrl Pts',(-121.0703044201,-64.4581025754278,200.4875));
#5187=CARTESIAN_POINT('',(-121.997329233229,-62.6858617230316,261.2675));
#5188=CARTESIAN_POINT('',(-121.997329233229,-62.6858617230316,133.35));
#5189=CARTESIAN_POINT('',(-121.0703044201,-64.4581025754277,263.2675));
#5190=CARTESIAN_POINT('Ctrl Pts',(-121.0703044201,-64.4581025754278,263.2675));
#5191=CARTESIAN_POINT('Ctrl Pts',(-121.188325180605,-64.2364266521323,263.2675));
#5192=CARTESIAN_POINT('Ctrl Pts',(-121.313541572067,-63.9996167178349,263.217318243747));
#5193=CARTESIAN_POINT('Ctrl Pts',(-121.542693190402,-63.563354543408,263.01321465465));
#5194=CARTESIAN_POINT('Ctrl Pts',(-121.646663251624,-63.363920764037,262.859292473966));
#5195=CARTESIAN_POINT('Ctrl Pts',(-121.810325686361,-63.0487247159545,262.504142307707));
#5196=CARTESIAN_POINT('Ctrl Pts',(-121.88093356531,-62.9119547322924,262.279246966752));
#5197=CARTESIAN_POINT('Ctrl Pts',(-121.974417805585,-62.7305142333297,261.786488211915));
#5198=CARTESIAN_POINT('Ctrl Pts',(-121.997329233229,-62.6858617230317,261.518624821776));
#5199=CARTESIAN_POINT('Ctrl Pts',(-121.997329233229,-62.6858617230317,261.2675));
#5200=CARTESIAN_POINT('Origin',(0.,9.95224529412086E-14,263.2675));
#5201=CARTESIAN_POINT('Origin',(-76.8819728191506,-89.5414638739495,3.81));
#5202=CARTESIAN_POINT('',(-82.5000261256437,-84.3934664919182,3.81));
#5203=CARTESIAN_POINT('Origin',(-95.504,26.2128,11.43));
#5204=CARTESIAN_POINT('',(-95.504,26.2128,83.82));
#5205=CARTESIAN_POINT('',(-95.504,26.2128,83.82));
#5206=CARTESIAN_POINT('',(-95.504,26.2128,7.62));
#5207=CARTESIAN_POINT('Origin',(-111.284054231494,39.2984830694758,3.81));
#5208=CARTESIAN_POINT('',(-111.370730139332,39.3259782870321,81.248));
#5209=CARTESIAN_POINT('',(-111.370730139332,39.3259782870321,71.628));
#5210=CARTESIAN_POINT('',(-55.0660124738674,21.4650697568835,81.248));
#5211=CARTESIAN_POINT('',(-111.370730139332,39.325978287032,123.73));
#5212=CARTESIAN_POINT('',(-111.423274294901,39.3426462749969,123.73));
#5213=CARTESIAN_POINT('',(-111.370730139332,39.325978287032,135.35));
#5214=CARTESIAN_POINT('',(-111.370730139332,39.325978287032,125.73));
#5215=CARTESIAN_POINT('',(-111.423274294901,39.3426462749969,135.35));
#5216=CARTESIAN_POINT('',(-111.284054231494,39.2984830694758,171.1264));
#5217=CARTESIAN_POINT('',(-109.671672969151,38.7870056047713,171.1264));
#5218=CARTESIAN_POINT('',(-111.284054231494,39.2984830694758,3.81));
#5219=CARTESIAN_POINT('Origin',(0.,0.,71.628));
#5220=CARTESIAN_POINT('',(-75.0453646860495,91.2039765533161,81.248));
#5221=CARTESIAN_POINT('',(-75.0453646860495,91.2039765533161,71.628));
#5222=CARTESIAN_POINT('',(-76.5802049059249,89.91909873084,79.248));
#5223=CARTESIAN_POINT('Ctrl Pts',(-76.5802049059249,89.91909873084,79.248));
#5224=CARTESIAN_POINT('Ctrl Pts',(-76.388833878782,90.0820811525781,79.248));
#5225=CARTESIAN_POINT('Ctrl Pts',(-76.184115066018,90.2552688217348,79.2981647085914));
#5226=CARTESIAN_POINT('Ctrl Pts',(-75.806483713847,90.5726778085858,79.5023114057248));
#5227=CARTESIAN_POINT('Ctrl Pts',(-75.6336016407893,90.7169334135262,79.6562964383541));
#5228=CARTESIAN_POINT('Ctrl Pts',(-75.3603096999964,90.9440892028994,80.0115315767279));
#5229=CARTESIAN_POINT('Ctrl Pts',(-75.2416416472421,91.0421763959963,80.236377977115));
#5230=CARTESIAN_POINT('Ctrl Pts',(-75.0841549115974,91.1721021031114,80.7290595864811));
#5231=CARTESIAN_POINT('Ctrl Pts',(-75.0453646860495,91.2039765533161,80.996894414066));
#5232=CARTESIAN_POINT('Ctrl Pts',(-75.0453646860495,91.2039765533161,81.248));
#5233=CARTESIAN_POINT('',(-110.688286202923,41.2077104127336,79.248));
#5234=CARTESIAN_POINT('Origin',(0.,0.,79.248));
#5235=CARTESIAN_POINT('Ctrl Pts',(-111.370730139332,39.3259782870321,81.248));
#5236=CARTESIAN_POINT('Ctrl Pts',(-111.370730139332,39.3259782870321,80.996894414066));
#5237=CARTESIAN_POINT('Ctrl Pts',(-111.354044992184,39.3733308797654,80.7290595864811));
#5238=CARTESIAN_POINT('Ctrl Pts',(-111.285818399855,39.5657572120916,80.236377977115));
#5239=CARTESIAN_POINT('Ctrl Pts',(-111.23423345272,39.7108165014293,80.0115315767279));
#5240=CARTESIAN_POINT('Ctrl Pts',(-111.114248182436,40.0453187771513,79.6562964383541));
#5241=CARTESIAN_POINT('Ctrl Pts',(-111.037821406373,40.257113108147,79.5023114057248));
#5242=CARTESIAN_POINT('Ctrl Pts',(-110.868712052851,40.7205307703352,79.2981647085914));
#5243=CARTESIAN_POINT('Ctrl Pts',(-110.775986835817,40.9721371994528,79.248));
#5244=CARTESIAN_POINT('Ctrl Pts',(-110.688286202923,41.2077104127336,79.248));
#5245=CARTESIAN_POINT('Origin',(-86.6738411430478,106.303860990604,3.81));
#5246=CARTESIAN_POINT('',(-74.9898827265835,91.1319317605705,3.81));
#5247=CARTESIAN_POINT('',(-75.0453646860496,91.2039765533161,272.8875));
#5248=CARTESIAN_POINT('',(-82.4671396188743,100.841347727402,272.8875));
#5249=CARTESIAN_POINT('',(-75.0453646860496,91.2039765533161,261.2675));
#5250=CARTESIAN_POINT('',(-75.0453646860496,91.2039765533161,270.8875));
#5251=CARTESIAN_POINT('',(-82.4671396188743,100.841347727402,261.2675));
#5252=CARTESIAN_POINT('',(-75.0453646860495,91.2039765533161,202.4875));
#5253=CARTESIAN_POINT('',(-82.4671396188743,100.841347727402,202.4875));
#5254=CARTESIAN_POINT('',(-75.0453646860495,91.2039765533161,190.8675));
#5255=CARTESIAN_POINT('',(-75.0453646860495,91.203976553316,200.4875));
#5256=CARTESIAN_POINT('',(-82.4671396188743,100.841347727402,190.8675));
#5257=CARTESIAN_POINT('',(-75.0453646860495,91.203976553316,135.35));
#5258=CARTESIAN_POINT('',(-81.2134361403821,99.2133805802129,135.35));
#5259=CARTESIAN_POINT('',(-75.0453646860495,91.203976553316,123.73));
#5260=CARTESIAN_POINT('',(-75.0453646860495,91.203976553316,125.73));
#5261=CARTESIAN_POINT('',(-81.2134361403821,99.2133805802129,123.73));
#5262=CARTESIAN_POINT('',(-44.8462323421156,51.9896039580702,81.248));
#5263=CARTESIAN_POINT('Origin',(-74.9898827265835,91.1319317605705,3.81));
#5264=CARTESIAN_POINT('Origin',(-115.653077472101,-61.6745700053389,261.2675));
#5265=CARTESIAN_POINT('',(-105.053255728614,-53.9794920392772,261.2675));
#5266=CARTESIAN_POINT('',(-104.124138660017,-55.7506578284916,263.2675));
#5267=CARTESIAN_POINT('Ctrl Pts',(-105.053255728614,-53.9794920392772,261.2675));
#5268=CARTESIAN_POINT('Ctrl Pts',(-105.053255728614,-53.9794920392772,261.51862494614));
#5269=CARTESIAN_POINT('Ctrl Pts',(-105.030348404373,-54.02414672218,261.78648844495));
#5270=CARTESIAN_POINT('Ctrl Pts',(-104.936831619398,-54.2055706056654,262.279247238911));
#5271=CARTESIAN_POINT('Ctrl Pts',(-104.86618143571,-54.3423188992691,262.504142502043));
#5272=CARTESIAN_POINT('Ctrl Pts',(-104.702300343459,-54.6574051589784,262.859294949188));
#5273=CARTESIAN_POINT('Ctrl Pts',(-104.598138127048,-54.8567435347746,263.013217878207));
#5274=CARTESIAN_POINT('Ctrl Pts',(-104.368349335136,-55.2926800575291,263.217320169029));
#5275=CARTESIAN_POINT('Ctrl Pts',(-104.242682349154,-55.5292566826439,263.2675));
#5276=CARTESIAN_POINT('Ctrl Pts',(-104.124138660017,-55.7506578284916,263.2675));
#5277=CARTESIAN_POINT('',(-115.653077472101,-61.6745700053389,263.2675));
#5278=CARTESIAN_POINT('',(-116.567132032075,-59.8956646505237,261.2675));
#5279=CARTESIAN_POINT('Origin',(-100.636075005397,-77.541923553155,263.2675));
#5280=CARTESIAN_POINT('',(-83.9809396842275,-83.0492255819048,263.2675));
#5281=CARTESIAN_POINT('Origin',(0.,9.95224529412086E-14,263.2675));
#5282=CARTESIAN_POINT('',(-86.4070601292107,-85.696871448133,263.2675));
#5283=CARTESIAN_POINT('Origin',(-86.4070601292107,-85.696871448133,261.2675));
#5284=CARTESIAN_POINT('',(-82.5614591609535,-84.4605088855981,261.2675));
#5285=CARTESIAN_POINT('Ctrl Pts',(-83.9809396842275,-83.0492255819048,263.2675));
#5286=CARTESIAN_POINT('Ctrl Pts',(-83.8041895184968,-83.2279586754816,263.2675));
#5287=CARTESIAN_POINT('Ctrl Pts',(-83.6150120501824,-83.4179998460988,263.217335291409));
#5288=CARTESIAN_POINT('Ctrl Pts',(-83.2658729277855,-83.7665049052991,263.013188594275));
#5289=CARTESIAN_POINT('Ctrl Pts',(-83.105944557418,-83.9250003534769,262.859203561646));
#5290=CARTESIAN_POINT('Ctrl Pts',(-82.8530543663233,-84.1746697124222,262.503968423272));
#5291=CARTESIAN_POINT('Ctrl Pts',(-82.7431983163869,-84.2825346858217,262.279122022885));
#5292=CARTESIAN_POINT('Ctrl Pts',(-82.5973850022531,-84.4254375853539,261.786440413519));
#5293=CARTESIAN_POINT('Ctrl Pts',(-82.5614591609535,-84.4605088855981,261.518605585934));
#5294=CARTESIAN_POINT('Ctrl Pts',(-82.5614591609535,-84.4605088855981,261.2675));
#5295=CARTESIAN_POINT('',(-84.9325054555904,-87.0480518633643,261.2675));
#5296=CARTESIAN_POINT('Origin',(-82.5000261256437,-84.3934664919182,3.81));
#5297=CARTESIAN_POINT('',(-82.5614591609535,-84.4605088855982,81.248));
#5298=CARTESIAN_POINT('',(-82.5614591609535,-84.4605088855982,71.628));
#5299=CARTESIAN_POINT('',(-42.6545263894451,-40.9097339004513,81.248));
#5300=CARTESIAN_POINT('',(-82.5614591609535,-84.4605088855982,123.73));
#5301=CARTESIAN_POINT('',(-83.7576115375394,-85.7658801427406,123.73));
#5302=CARTESIAN_POINT('',(-82.5614591609535,-84.4605088855982,135.35));
#5303=CARTESIAN_POINT('',(-82.5614591609535,-84.4605088855982,125.73));
#5304=CARTESIAN_POINT('',(-83.7576115375394,-85.7658801427406,135.35));
#5305=CARTESIAN_POINT('',(-82.5614591609535,-84.4605088855981,190.8675));
#5306=CARTESIAN_POINT('',(-84.9325054555905,-87.0480518633643,190.8675));
#5307=CARTESIAN_POINT('',(-82.5614591609535,-84.4605088855981,202.4875));
#5308=CARTESIAN_POINT('',(-82.5614591609535,-84.4605088855981,200.4875));
#5309=CARTESIAN_POINT('',(-84.9325054555905,-87.0480518633643,202.4875));
#5310=CARTESIAN_POINT('',(-82.5614591609535,-84.4605088855981,272.8875));
#5311=CARTESIAN_POINT('',(-82.5614591609535,-84.4605088855981,270.8875));
#5312=CARTESIAN_POINT('',(-84.9325054555904,-87.0480518633643,272.8875));
#5313=CARTESIAN_POINT('Origin',(-115.653077472101,-61.6745700053389,272.8875));
#5314=CARTESIAN_POINT('',(-104.124138660017,-55.7506578284916,270.8875));
#5315=CARTESIAN_POINT('',(-105.053255728614,-53.9794920392772,272.8875));
#5316=CARTESIAN_POINT('Ctrl Pts',(-104.124138660017,-55.7506578284916,270.8875));
#5317=CARTESIAN_POINT('Ctrl Pts',(-104.242682349154,-55.5292566826439,270.8875));
#5318=CARTESIAN_POINT('Ctrl Pts',(-104.368349335136,-55.2926800575291,270.937679830971));
#5319=CARTESIAN_POINT('Ctrl Pts',(-104.598138127048,-54.8567435347746,271.141782121793));
#5320=CARTESIAN_POINT('Ctrl Pts',(-104.702300343459,-54.6574051589784,271.295705050812));
#5321=CARTESIAN_POINT('Ctrl Pts',(-104.86618143571,-54.3423188992691,271.650857497957));
#5322=CARTESIAN_POINT('Ctrl Pts',(-104.936831619398,-54.2055706056654,271.875752761089));
#5323=CARTESIAN_POINT('Ctrl Pts',(-105.030348404373,-54.02414672218,272.36851155505));
#5324=CARTESIAN_POINT('Ctrl Pts',(-105.053255728614,-53.9794920392772,272.63637505386));
#5325=CARTESIAN_POINT('Ctrl Pts',(-105.053255728614,-53.9794920392772,272.8875));
#5326=CARTESIAN_POINT('',(-116.567132032075,-59.8956646505237,272.8875));
#5327=CARTESIAN_POINT('',(-115.653077472101,-61.6745700053389,270.8875));
#5328=CARTESIAN_POINT('Origin',(-121.997329233229,-62.6858617230316,133.35));
#5329=CARTESIAN_POINT('',(-105.053255728614,-53.9794920392772,202.4875));
#5330=CARTESIAN_POINT('',(-116.567132032075,-59.8956646505237,202.4875));
#5331=CARTESIAN_POINT('',(-105.053255728614,-53.9794920392772,190.8675));
#5332=CARTESIAN_POINT('',(-105.053255728614,-53.9794920392772,200.4875));
#5333=CARTESIAN_POINT('',(-116.567132032075,-59.8956646505237,190.8675));
#5334=CARTESIAN_POINT('',(-105.053255728614,-53.9794920392773,135.35));
#5335=CARTESIAN_POINT('',(-116.514504915407,-59.8686232703636,135.35));
#5336=CARTESIAN_POINT('',(-105.053255728614,-53.9794920392773,133.35));
#5337=CARTESIAN_POINT('',(-105.053255728614,-53.9794920392773,125.73));
#5338=CARTESIAN_POINT('',(-95.504,-49.0728,133.35));
#5339=CARTESIAN_POINT('',(-95.504,-49.0728,133.35));
#5340=CARTESIAN_POINT('',(-95.504,-49.0728,281.35));
#5341=CARTESIAN_POINT('',(-95.504,-49.0728,3.81));
#5342=CARTESIAN_POINT('',(-95.504,-49.0728,281.35));
#5343=CARTESIAN_POINT('',(-105.053255728614,-53.9794920392772,270.8875));
#5344=CARTESIAN_POINT('Origin',(-86.4070601292107,-85.6968714481329,272.8875));
#5345=CARTESIAN_POINT('',(-83.9809396842275,-83.0492255819048,270.8875));
#5346=CARTESIAN_POINT('Ctrl Pts',(-82.5614591609535,-84.4605088855981,272.8875));
#5347=CARTESIAN_POINT('Ctrl Pts',(-82.5614591609535,-84.4605088855981,272.636342214378));
#5348=CARTESIAN_POINT('Ctrl Pts',(-82.5973998270671,-84.4254231287109,272.36845528257));
#5349=CARTESIAN_POINT('Ctrl Pts',(-82.7432687866146,-84.2824655498585,271.875694113414));
#5350=CARTESIAN_POINT('Ctrl Pts',(-82.8531656340164,-84.1745603279165,271.650820258212));
#5351=CARTESIAN_POINT('Ctrl Pts',(-83.1060947798466,-83.924851577349,271.295640544534));
#5352=CARTESIAN_POINT('Ctrl Pts',(-83.2660033224694,-83.7663751725159,271.141712792604));
#5353=CARTESIAN_POINT('Ctrl Pts',(-83.6150856732613,-83.4179259313824,270.937644042651));
#5354=CARTESIAN_POINT('Ctrl Pts',(-83.8042262221948,-83.2279215600115,270.8875));
#5355=CARTESIAN_POINT('Ctrl Pts',(-83.9809396842275,-83.0492255819048,270.8875));
#5356=CARTESIAN_POINT('',(-86.4070601292107,-85.6968714481329,270.8875));
#5357=CARTESIAN_POINT('Origin',(-100.636075005397,-77.541923553155,270.8875));
#5358=CARTESIAN_POINT('Origin',(0.,9.95224529412086E-14,270.8875));
#5359=CARTESIAN_POINT('Origin',(-86.4070601292107,-85.696871448133,190.8675));
#5360=CARTESIAN_POINT('',(-83.9809396842275,-83.0492255819049,192.8675));
#5361=CARTESIAN_POINT('Ctrl Pts',(-83.9809396842275,-83.0492255819049,192.8675));
#5362=CARTESIAN_POINT('Ctrl Pts',(-83.8041895184968,-83.2279586754816,192.8675));
#5363=CARTESIAN_POINT('Ctrl Pts',(-83.6150120501824,-83.4179998460988,192.817335291409));
#5364=CARTESIAN_POINT('Ctrl Pts',(-83.2658729277855,-83.7665049052991,192.613188594275));
#5365=CARTESIAN_POINT('Ctrl Pts',(-83.1059445574181,-83.9250003534769,192.459203561646));
#5366=CARTESIAN_POINT('Ctrl Pts',(-82.8530543663233,-84.1746697124222,192.103968423272));
#5367=CARTESIAN_POINT('Ctrl Pts',(-82.7431983163869,-84.2825346858218,191.879122022885));
#5368=CARTESIAN_POINT('Ctrl Pts',(-82.5973850022531,-84.4254375853539,191.386440413519));
#5369=CARTESIAN_POINT('Ctrl Pts',(-82.5614591609535,-84.4605088855981,191.118605585934));
#5370=CARTESIAN_POINT('Ctrl Pts',(-82.5614591609535,-84.4605088855981,190.8675));
#5371=CARTESIAN_POINT('',(-86.4070601292107,-85.696871448133,192.8675));
#5372=CARTESIAN_POINT('Origin',(-86.4070601292107,-85.696871448133,202.4875));
#5373=CARTESIAN_POINT('',(-83.9809396842275,-83.0492255819049,200.4875));
#5374=CARTESIAN_POINT('Ctrl Pts',(-82.5614591609535,-84.4605088855981,202.4875));
#5375=CARTESIAN_POINT('Ctrl Pts',(-82.5614591609535,-84.4605088855981,202.236394414066));
#5376=CARTESIAN_POINT('Ctrl Pts',(-82.5973850022531,-84.4254375853539,201.968559586481));
#5377=CARTESIAN_POINT('Ctrl Pts',(-82.7431983163869,-84.2825346858218,201.475877977115));
#5378=CARTESIAN_POINT('Ctrl Pts',(-82.8530543663233,-84.1746697124222,201.251031576728));
#5379=CARTESIAN_POINT('Ctrl Pts',(-83.1059445574181,-83.9250003534769,200.895796438354));
#5380=CARTESIAN_POINT('Ctrl Pts',(-83.2658729277855,-83.7665049052991,200.741811405725));
#5381=CARTESIAN_POINT('Ctrl Pts',(-83.6150120501824,-83.4179998460988,200.537664708591));
#5382=CARTESIAN_POINT('Ctrl Pts',(-83.8041895184968,-83.2279586754816,200.4875));
#5383=CARTESIAN_POINT('Ctrl Pts',(-83.9809396842275,-83.0492255819049,200.4875));
#5384=CARTESIAN_POINT('',(-86.4070601292107,-85.696871448133,200.4875));
#5385=CARTESIAN_POINT('Origin',(-100.636075005397,-77.5419235531552,200.4875));
#5386=CARTESIAN_POINT('',(-104.124138660017,-55.7506578284916,200.4875));
#5387=CARTESIAN_POINT('Origin',(0.,2.45526375144055E-14,200.4875));
#5388=CARTESIAN_POINT('',(-115.653077472101,-61.6745700053389,200.4875));
#5389=CARTESIAN_POINT('Origin',(-115.653077472101,-61.6745700053389,190.8675));
#5390=CARTESIAN_POINT('',(-104.124138660017,-55.7506578284916,192.8675));
#5391=CARTESIAN_POINT('Ctrl Pts',(-105.053255728614,-53.9794920392772,190.8675));
#5392=CARTESIAN_POINT('Ctrl Pts',(-105.053255728614,-53.9794920392773,191.11862494614));
#5393=CARTESIAN_POINT('Ctrl Pts',(-105.030348404373,-54.02414672218,191.38648844495));
#5394=CARTESIAN_POINT('Ctrl Pts',(-104.936831619398,-54.2055706056654,191.879247238911));
#5395=CARTESIAN_POINT('Ctrl Pts',(-104.86618143571,-54.3423188992691,192.104142502043));
#5396=CARTESIAN_POINT('Ctrl Pts',(-104.702300343459,-54.6574051589784,192.459294949188));
#5397=CARTESIAN_POINT('Ctrl Pts',(-104.598138127048,-54.8567435347746,192.613217878207));
#5398=CARTESIAN_POINT('Ctrl Pts',(-104.368349335136,-55.2926800575291,192.817320169029));
#5399=CARTESIAN_POINT('Ctrl Pts',(-104.242682349154,-55.5292566826439,192.8675));
#5400=CARTESIAN_POINT('Ctrl Pts',(-104.124138660017,-55.7506578284916,192.8675));
#5401=CARTESIAN_POINT('',(-115.653077472101,-61.6745700053389,192.8675));
#5402=CARTESIAN_POINT('Origin',(-100.636075005397,-77.5419235531552,192.8675));
#5403=CARTESIAN_POINT('Origin',(0.,2.45526375144055E-14,192.8675));
#5404=CARTESIAN_POINT('Origin',(-115.653077472101,-61.6745700053389,202.4875));
#5405=CARTESIAN_POINT('Ctrl Pts',(-104.124138660017,-55.7506578284916,200.4875));
#5406=CARTESIAN_POINT('Ctrl Pts',(-104.242682349154,-55.5292566826439,200.4875));
#5407=CARTESIAN_POINT('Ctrl Pts',(-104.368349335136,-55.2926800575291,200.537679830971));
#5408=CARTESIAN_POINT('Ctrl Pts',(-104.598138127048,-54.8567435347746,200.741782121793));
#5409=CARTESIAN_POINT('Ctrl Pts',(-104.702300343459,-54.6574051589784,200.895705050812));
#5410=CARTESIAN_POINT('Ctrl Pts',(-104.86618143571,-54.3423188992691,201.250857497957));
#5411=CARTESIAN_POINT('Ctrl Pts',(-104.936831619398,-54.2055706056654,201.475752761089));
#5412=CARTESIAN_POINT('Ctrl Pts',(-105.030348404373,-54.02414672218,201.96851155505));
#5413=CARTESIAN_POINT('Ctrl Pts',(-105.053255728614,-53.9794920392772,202.23637505386));
#5414=CARTESIAN_POINT('Ctrl Pts',(-105.053255728614,-53.9794920392772,202.4875));
#5415=CARTESIAN_POINT('Origin',(-115.600450355433,-61.6475286251788,135.35));
#5416=CARTESIAN_POINT('',(-104.124138660017,-55.7506578284916,133.35));
#5417=CARTESIAN_POINT('Ctrl Pts',(-104.124138660017,-55.7506578284916,133.35));
#5418=CARTESIAN_POINT('Ctrl Pts',(-104.242682349154,-55.5292566826439,133.35));
#5419=CARTESIAN_POINT('Ctrl Pts',(-104.368349335136,-55.2926800575292,133.400179830971));
#5420=CARTESIAN_POINT('Ctrl Pts',(-104.598138127049,-54.8567435347746,133.604282121793));
#5421=CARTESIAN_POINT('Ctrl Pts',(-104.702300343459,-54.6574051589784,133.758205050812));
#5422=CARTESIAN_POINT('Ctrl Pts',(-104.86618143571,-54.3423188992691,134.113357497957));
#5423=CARTESIAN_POINT('Ctrl Pts',(-104.936831619398,-54.2055706056654,134.338252761089));
#5424=CARTESIAN_POINT('Ctrl Pts',(-105.030348404373,-54.02414672218,134.83101155505));
#5425=CARTESIAN_POINT('Ctrl Pts',(-105.053255728614,-53.9794920392773,135.09887505386));
#5426=CARTESIAN_POINT('Ctrl Pts',(-105.053255728614,-53.9794920392773,135.35));
#5427=CARTESIAN_POINT('',(-115.600450355433,-61.6475286251788,133.35));
#5428=CARTESIAN_POINT('Origin',(-110.814260813844,-49.0529427522263,135.35));
#5429=CARTESIAN_POINT('',(-107.250450290506,-49.4703245641642,135.35));
#5430=CARTESIAN_POINT('',(-108.073791359013,-47.644807915329,133.35));
#5431=CARTESIAN_POINT('Ctrl Pts',(-107.250450290506,-49.4703245641642,135.35));
#5432=CARTESIAN_POINT('Ctrl Pts',(-107.250450290506,-49.4703245641642,135.098903409263));
#5433=CARTESIAN_POINT('Ctrl Pts',(-107.271516211088,-49.4247340427373,134.83108456479));
#5434=CARTESIAN_POINT('Ctrl Pts',(-107.356810225496,-49.2391899164832,134.338449313029));
#5435=CARTESIAN_POINT('Ctrl Pts',(-107.420997001041,-49.0992163674665,134.113633264732));
#5436=CARTESIAN_POINT('Ctrl Pts',(-107.568294612169,-48.7756674982659,133.758356727435));
#5437=CARTESIAN_POINT('Ctrl Pts',(-107.661255324408,-48.5704345538834,133.604336976388));
#5438=CARTESIAN_POINT('Ctrl Pts',(-107.863298540343,-48.1200772939703,133.40016070266));
#5439=CARTESIAN_POINT('Ctrl Pts',(-107.972338475426,-47.8749357771732,133.35));
#5440=CARTESIAN_POINT('Ctrl Pts',(-108.073791359013,-47.644807915329,133.35));
#5441=CARTESIAN_POINT('',(-110.814260813844,-49.0529427522263,133.35));
#5442=CARTESIAN_POINT('',(-109.90020625387,-50.8318481070416,135.35));
#5443=CARTESIAN_POINT('Origin',(-104.965493156725,-68.8572154479415,133.35));
#5444=CARTESIAN_POINT('',(-110.324470984429,-42.1720666081925,133.35));
#5445=CARTESIAN_POINT('Origin',(0.,0.,133.35));
#5446=CARTESIAN_POINT('',(-120.940170398528,-45.6418120129922,133.35));
#5447=CARTESIAN_POINT('Origin',(-101.770257858343,54.5411637569929,261.2675));
#5448=CARTESIAN_POINT('',(-104.124138660017,55.7506578284916,263.2675));
#5449=CARTESIAN_POINT('',(-105.053255728614,53.9794920392773,261.2675));
#5450=CARTESIAN_POINT('Ctrl Pts',(-104.124138660017,55.7506578284916,263.2675));
#5451=CARTESIAN_POINT('Ctrl Pts',(-104.242682349154,55.5292566826439,263.2675));
#5452=CARTESIAN_POINT('Ctrl Pts',(-104.368349335136,55.2926800575292,263.217320169029));
#5453=CARTESIAN_POINT('Ctrl Pts',(-104.598138127049,54.8567435347747,263.013217878207));
#5454=CARTESIAN_POINT('Ctrl Pts',(-104.702300343459,54.6574051589785,262.859294949188));
#5455=CARTESIAN_POINT('Ctrl Pts',(-104.86618143571,54.3423188992691,262.504142502043));
#5456=CARTESIAN_POINT('Ctrl Pts',(-104.936831619398,54.2055706056654,262.279247238911));
#5457=CARTESIAN_POINT('Ctrl Pts',(-105.030348404373,54.02414672218,261.78648844495));
#5458=CARTESIAN_POINT('Ctrl Pts',(-105.053255728614,53.9794920392773,261.51862494614));
#5459=CARTESIAN_POINT('Ctrl Pts',(-105.053255728614,53.9794920392773,261.2675));
#5460=CARTESIAN_POINT('',(-102.684312418317,52.7622584021777,261.2675));
#5461=CARTESIAN_POINT('',(-101.770257858343,54.5411637569929,263.2675));
#5462=CARTESIAN_POINT('Origin',(-95.504,49.0728,133.35));
#5463=CARTESIAN_POINT('',(-105.053255728614,53.9794920392773,272.8875));
#5464=CARTESIAN_POINT('',(-105.053255728614,53.9794920392773,270.8875));
#5465=CARTESIAN_POINT('',(-102.684312418317,52.7622584021777,272.8875));
#5466=CARTESIAN_POINT('',(-95.504,49.0728,281.35));
#5467=CARTESIAN_POINT('',(-95.504,49.0728,281.35));
#5468=CARTESIAN_POINT('',(-95.504,49.0728,133.35));
#5469=CARTESIAN_POINT('',(-95.504,49.0728,3.81));
#5470=CARTESIAN_POINT('',(-105.053255728614,53.9794920392772,133.35));
#5471=CARTESIAN_POINT('',(-95.504,49.0728,133.35));
#5472=CARTESIAN_POINT('',(-105.053255728614,53.9794920392773,135.35));
#5473=CARTESIAN_POINT('',(-105.053255728614,53.9794920392772,125.73));
#5474=CARTESIAN_POINT('',(-102.476641098453,52.6555506920774,135.35));
#5475=CARTESIAN_POINT('',(-105.053255728614,53.9794920392773,190.8675));
#5476=CARTESIAN_POINT('',(-102.684312418317,52.7622584021777,190.8675));
#5477=CARTESIAN_POINT('',(-105.053255728614,53.9794920392773,202.4875));
#5478=CARTESIAN_POINT('',(-105.053255728614,53.9794920392773,200.4875));
#5479=CARTESIAN_POINT('',(-102.684312418317,52.7622584021777,202.4875));
#5480=CARTESIAN_POINT('Origin',(-101.770257858343,54.5411637569929,272.8875));
#5481=CARTESIAN_POINT('',(-104.124138660017,55.7506578284916,270.8875));
#5482=CARTESIAN_POINT('Ctrl Pts',(-105.053255728614,53.9794920392773,272.8875));
#5483=CARTESIAN_POINT('Ctrl Pts',(-105.053255728614,53.9794920392773,272.63637505386));
#5484=CARTESIAN_POINT('Ctrl Pts',(-105.030348404373,54.02414672218,272.36851155505));
#5485=CARTESIAN_POINT('Ctrl Pts',(-104.936831619398,54.2055706056654,271.875752761089));
#5486=CARTESIAN_POINT('Ctrl Pts',(-104.86618143571,54.3423188992691,271.650857497957));
#5487=CARTESIAN_POINT('Ctrl Pts',(-104.702300343459,54.6574051589785,271.295705050812));
#5488=CARTESIAN_POINT('Ctrl Pts',(-104.598138127048,54.8567435347746,271.141782121792));
#5489=CARTESIAN_POINT('Ctrl Pts',(-104.368349335136,55.2926800575292,270.937679830971));
#5490=CARTESIAN_POINT('Ctrl Pts',(-104.242682349154,55.5292566826439,270.8875));
#5491=CARTESIAN_POINT('Ctrl Pts',(-104.124138660017,55.7506578284916,270.8875));
#5492=CARTESIAN_POINT('',(-101.770257858343,54.5411637569929,270.8875));
#5493=CARTESIAN_POINT('Origin',(-97.4600351714083,80.593154248065,270.8875));
#5494=CARTESIAN_POINT('',(-76.5802049059249,89.9190987308401,270.8875));
#5495=CARTESIAN_POINT('Origin',(0.,9.95224529412086E-14,270.8875));
#5496=CARTESIAN_POINT('',(-84.0517189055847,99.6210573995999,270.8875));
#5497=CARTESIAN_POINT('Origin',(-101.770257858343,54.5411637569929,190.8675));
#5498=CARTESIAN_POINT('',(-104.124138660017,55.7506578284916,192.8675));
#5499=CARTESIAN_POINT('Ctrl Pts',(-104.124138660017,55.7506578284916,192.8675));
#5500=CARTESIAN_POINT('Ctrl Pts',(-104.242682349154,55.5292566826439,192.8675));
#5501=CARTESIAN_POINT('Ctrl Pts',(-104.368349335136,55.2926800575292,192.817320169029));
#5502=CARTESIAN_POINT('Ctrl Pts',(-104.598138127048,54.8567435347746,192.613217878207));
#5503=CARTESIAN_POINT('Ctrl Pts',(-104.702300343459,54.6574051589785,192.459294949188));
#5504=CARTESIAN_POINT('Ctrl Pts',(-104.86618143571,54.3423188992691,192.104142502043));
#5505=CARTESIAN_POINT('Ctrl Pts',(-104.936831619398,54.2055706056654,191.879247238911));
#5506=CARTESIAN_POINT('Ctrl Pts',(-105.030348404373,54.02414672218,191.38648844495));
#5507=CARTESIAN_POINT('Ctrl Pts',(-105.053255728614,53.9794920392773,191.11862494614));
#5508=CARTESIAN_POINT('Ctrl Pts',(-105.053255728614,53.9794920392773,190.8675));
#5509=CARTESIAN_POINT('',(-101.770257858343,54.5411637569929,192.8675));
#5510=CARTESIAN_POINT('Origin',(-101.770257858343,54.5411637569929,202.4875));
#5511=CARTESIAN_POINT('',(-104.124138660017,55.7506578284916,200.4875));
#5512=CARTESIAN_POINT('Ctrl Pts',(-105.053255728614,53.9794920392773,202.4875));
#5513=CARTESIAN_POINT('Ctrl Pts',(-105.053255728614,53.9794920392773,202.23637505386));
#5514=CARTESIAN_POINT('Ctrl Pts',(-105.030348404373,54.02414672218,201.96851155505));
#5515=CARTESIAN_POINT('Ctrl Pts',(-104.936831619398,54.2055706056654,201.475752761089));
#5516=CARTESIAN_POINT('Ctrl Pts',(-104.86618143571,54.3423188992691,201.250857497957));
#5517=CARTESIAN_POINT('Ctrl Pts',(-104.702300343459,54.6574051589785,200.895705050812));
#5518=CARTESIAN_POINT('Ctrl Pts',(-104.598138127048,54.8567435347746,200.741782121792));
#5519=CARTESIAN_POINT('Ctrl Pts',(-104.368349335136,55.2926800575292,200.537679830971));
#5520=CARTESIAN_POINT('Ctrl Pts',(-104.242682349154,55.5292566826439,200.4875));
#5521=CARTESIAN_POINT('Ctrl Pts',(-104.124138660017,55.7506578284916,200.4875));
#5522=CARTESIAN_POINT('',(-101.770257858343,54.5411637569929,200.4875));
#5523=CARTESIAN_POINT('Origin',(-97.4600351714083,80.5931542480648,200.4875));
#5524=CARTESIAN_POINT('',(-76.5802049059249,89.91909873084,200.4875));
#5525=CARTESIAN_POINT('Origin',(0.,2.45526375144055E-14,200.4875));
#5526=CARTESIAN_POINT('',(-84.0517189055847,99.6210573995998,200.4875));
#5527=CARTESIAN_POINT('Origin',(-118.888507250904,53.2017310810559,135.35));
#5528=CARTESIAN_POINT('',(-107.250450290506,49.4703245641641,135.35));
#5529=CARTESIAN_POINT('',(-108.073791359013,47.644807915329,133.35));
#5530=CARTESIAN_POINT('Ctrl Pts',(-108.073791359013,47.644807915329,133.35));
#5531=CARTESIAN_POINT('Ctrl Pts',(-107.972338475426,47.8749357771732,133.35));
#5532=CARTESIAN_POINT('Ctrl Pts',(-107.863298540343,48.1200772939702,133.40016070266));
#5533=CARTESIAN_POINT('Ctrl Pts',(-107.661255324408,48.5704345538833,133.604336976388));
#5534=CARTESIAN_POINT('Ctrl Pts',(-107.568294612169,48.7756674982659,133.758356727435));
#5535=CARTESIAN_POINT('Ctrl Pts',(-107.420997001041,49.0992163674665,134.113633264732));
#5536=CARTESIAN_POINT('Ctrl Pts',(-107.356810225496,49.2391899164832,134.338449313029));
#5537=CARTESIAN_POINT('Ctrl Pts',(-107.271516211088,49.4247340427373,134.83108456479));
#5538=CARTESIAN_POINT('Ctrl Pts',(-107.250450290506,49.4703245641641,135.098903409263));
#5539=CARTESIAN_POINT('Ctrl Pts',(-107.250450290506,49.4703245641641,135.35));
#5540=CARTESIAN_POINT('',(-117.974452690929,54.9806364358711,135.35));
#5541=CARTESIAN_POINT('',(-118.888507250904,53.2017310810559,133.35));
#5542=CARTESIAN_POINT('Origin',(-124.207691274799,58.1834600911998,133.35));
#5543=CARTESIAN_POINT('',(-107.250450290506,49.4703245641641,133.35));
#5544=CARTESIAN_POINT('',(-107.250450290506,49.4703245641641,125.73));
#5545=CARTESIAN_POINT('',(-124.207691274799,58.1834600911998,133.35));
#5546=CARTESIAN_POINT('',(-124.207691274799,58.1834600911998,281.35));
#5547=CARTESIAN_POINT('',(-107.442,49.5687485106383,180.747005703438));
#5548=CARTESIAN_POINT('',(-107.4768,49.586629787234,180.7464));
#5549=CARTESIAN_POINT('Origin',(-107.4768,49.586629787234,181.7464));
#5550=CARTESIAN_POINT('',(-107.442,49.5687485106383,173.125794296562));
#5551=CARTESIAN_POINT('',(-107.442,49.5687485106383,153.2382));
#5552=CARTESIAN_POINT('',(-107.4768,49.586629787234,173.1264));
#5553=CARTESIAN_POINT('Origin',(-107.4768,49.586629787234,172.1264));
#5554=CARTESIAN_POINT('',(-110.925744099379,51.3588,173.1264));
#5555=CARTESIAN_POINT('',(-110.796885436637,51.29258858074,173.1264));
#5556=CARTESIAN_POINT('',(-110.925744099379,51.3588,180.7464));
#5557=CARTESIAN_POINT('',(-110.925744099379,51.3588,153.2382));
#5558=CARTESIAN_POINT('',(-110.796885436637,51.29258858074,180.7464));
#5559=CARTESIAN_POINT('Origin',(-101.562586538479,54.4344560468926,135.35));
#5560=CARTESIAN_POINT('',(-104.124138660017,55.7506578284916,133.35));
#5561=CARTESIAN_POINT('Ctrl Pts',(-105.053255728614,53.9794920392772,135.35));
#5562=CARTESIAN_POINT('Ctrl Pts',(-105.053255728614,53.9794920392772,135.09887505386));
#5563=CARTESIAN_POINT('Ctrl Pts',(-105.030348404373,54.02414672218,134.83101155505));
#5564=CARTESIAN_POINT('Ctrl Pts',(-104.936831619398,54.2055706056654,134.338252761089));
#5565=CARTESIAN_POINT('Ctrl Pts',(-104.86618143571,54.3423188992691,134.113357497957));
#5566=CARTESIAN_POINT('Ctrl Pts',(-104.702300343459,54.6574051589784,133.758205050812));
#5567=CARTESIAN_POINT('Ctrl Pts',(-104.598138127048,54.8567435347746,133.604282121793));
#5568=CARTESIAN_POINT('Ctrl Pts',(-104.368349335136,55.2926800575291,133.400179830971));
#5569=CARTESIAN_POINT('Ctrl Pts',(-104.242682349154,55.5292566826439,133.35));
#5570=CARTESIAN_POINT('Ctrl Pts',(-104.124138660017,55.7506578284916,133.35));
#5571=CARTESIAN_POINT('',(-101.562586538479,54.4344560468926,133.35));
#5572=CARTESIAN_POINT('Origin',(-101.001634482453,72.6788580126956,133.35));
#5573=CARTESIAN_POINT('',(-76.5802049059248,89.91909873084,133.35));
#5574=CARTESIAN_POINT('Origin',(0.,0.,133.35));
#5575=CARTESIAN_POINT('',(-82.7980154270925,97.9930902524104,133.35));
#5576=CARTESIAN_POINT('Origin',(-84.0517189055847,99.6210573995998,190.8675));
#5577=CARTESIAN_POINT('',(-76.5802049059249,89.91909873084,192.8675));
#5578=CARTESIAN_POINT('Ctrl Pts',(-75.0453646860495,91.203976553316,190.8675));
#5579=CARTESIAN_POINT('Ctrl Pts',(-75.0453646860495,91.203976553316,191.118657785622));
#5580=CARTESIAN_POINT('Ctrl Pts',(-75.0841709170732,91.1720889655932,191.38654471743));
#5581=CARTESIAN_POINT('Ctrl Pts',(-75.2417177653033,91.0421135320545,191.879305886586));
#5582=CARTESIAN_POINT('Ctrl Pts',(-75.360429904327,90.9439897223057,192.104179741788));
#5583=CARTESIAN_POINT('Ctrl Pts',(-75.6337640221984,90.7167980126687,192.459359455466));
#5584=CARTESIAN_POINT('Ctrl Pts',(-75.8066247133521,90.5725596878502,192.613287207396));
#5585=CARTESIAN_POINT('Ctrl Pts',(-76.184194733594,90.2552014658118,192.817355957349));
#5586=CARTESIAN_POINT('Ctrl Pts',(-76.3888736186281,90.0820473078711,192.8675));
#5587=CARTESIAN_POINT('Ctrl Pts',(-76.5802049059249,89.91909873084,192.8675));
#5588=CARTESIAN_POINT('',(-84.0517189055847,99.6210573995998,192.8675));
#5589=CARTESIAN_POINT('Origin',(-97.4600351714083,80.5931542480648,192.8675));
#5590=CARTESIAN_POINT('Origin',(0.,2.45526375144055E-14,192.8675));
#5591=CARTESIAN_POINT('Origin',(-84.0517189055847,99.6210573995998,202.4875));
#5592=CARTESIAN_POINT('Ctrl Pts',(-76.5802049059249,89.91909873084,200.4875));
#5593=CARTESIAN_POINT('Ctrl Pts',(-76.388833878782,90.0820811525781,200.4875));
#5594=CARTESIAN_POINT('Ctrl Pts',(-76.184115066018,90.2552688217348,200.537664708591));
#5595=CARTESIAN_POINT('Ctrl Pts',(-75.806483713847,90.5726778085858,200.741811405725));
#5596=CARTESIAN_POINT('Ctrl Pts',(-75.6336016407893,90.7169334135262,200.895796438354));
#5597=CARTESIAN_POINT('Ctrl Pts',(-75.3603096999964,90.9440892028994,201.251031576728));
#5598=CARTESIAN_POINT('Ctrl Pts',(-75.2416416472421,91.0421763959963,201.475877977115));
#5599=CARTESIAN_POINT('Ctrl Pts',(-75.0841549115974,91.1721021031114,201.968559586481));
#5600=CARTESIAN_POINT('Ctrl Pts',(-75.0453646860495,91.203976553316,202.236394414066));
#5601=CARTESIAN_POINT('Ctrl Pts',(-75.0453646860495,91.203976553316,202.4875));
#5602=CARTESIAN_POINT('Origin',(-84.0517189055847,99.6210573995999,261.2675));
#5603=CARTESIAN_POINT('',(-76.5802049059249,89.9190987308401,263.2675));
#5604=CARTESIAN_POINT('Ctrl Pts',(-75.0453646860496,91.2039765533161,261.2675));
#5605=CARTESIAN_POINT('Ctrl Pts',(-75.0453646860495,91.2039765533161,261.518657785622));
#5606=CARTESIAN_POINT('Ctrl Pts',(-75.0841709170732,91.1720889655932,261.78654471743));
#5607=CARTESIAN_POINT('Ctrl Pts',(-75.2417177653033,91.0421135320546,262.279305886586));
#5608=CARTESIAN_POINT('Ctrl Pts',(-75.360429904327,90.9439897223057,262.504179741788));
#5609=CARTESIAN_POINT('Ctrl Pts',(-75.6337640221984,90.7167980126687,262.859359455466));
#5610=CARTESIAN_POINT('Ctrl Pts',(-75.8066247133521,90.5725596878502,263.013287207396));
#5611=CARTESIAN_POINT('Ctrl Pts',(-76.1841947335941,90.2552014658118,263.217355957349));
#5612=CARTESIAN_POINT('Ctrl Pts',(-76.3888736186281,90.0820473078711,263.2675));
#5613=CARTESIAN_POINT('Ctrl Pts',(-76.5802049059249,89.9190987308401,263.2675));
#5614=CARTESIAN_POINT('',(-84.0517189055847,99.6210573995999,263.2675));
#5615=CARTESIAN_POINT('Origin',(-97.4600351714083,80.593154248065,263.2675));
#5616=CARTESIAN_POINT('Origin',(0.,9.95224529412086E-14,263.2675));
#5617=CARTESIAN_POINT('Origin',(-84.0517189055847,99.6210573995999,272.8875));
#5618=CARTESIAN_POINT('Ctrl Pts',(-76.5802049059249,89.91909873084,270.8875));
#5619=CARTESIAN_POINT('Ctrl Pts',(-76.388833878782,90.0820811525781,270.8875));
#5620=CARTESIAN_POINT('Ctrl Pts',(-76.184115066018,90.2552688217349,270.937664708591));
#5621=CARTESIAN_POINT('Ctrl Pts',(-75.806483713847,90.5726778085858,271.141811405725));
#5622=CARTESIAN_POINT('Ctrl Pts',(-75.6336016407893,90.7169334135263,271.295796438354));
#5623=CARTESIAN_POINT('Ctrl Pts',(-75.3603096999964,90.9440892028995,271.651031576728));
#5624=CARTESIAN_POINT('Ctrl Pts',(-75.2416416472421,91.0421763959964,271.875877977115));
#5625=CARTESIAN_POINT('Ctrl Pts',(-75.0841549115974,91.1721021031115,272.368559586481));
#5626=CARTESIAN_POINT('Ctrl Pts',(-75.0453646860496,91.2039765533161,272.636394414066));
#5627=CARTESIAN_POINT('Ctrl Pts',(-75.0453646860496,91.2039765533161,272.8875));
#5628=CARTESIAN_POINT('Origin',(0.,9.95224529412086E-14,270.8875));
#5629=CARTESIAN_POINT('Origin',(0.,9.95224529412086E-14,270.8875));
#5630=CARTESIAN_POINT('Origin',(0.,2.45526375144055E-14,200.4875));
#5631=CARTESIAN_POINT('Origin',(0.,2.45526375144055E-14,200.4875));
#5632=CARTESIAN_POINT('Origin',(-106.4768,-49.0728,133.35));
#5633=CARTESIAN_POINT('',(-106.4768,-49.0728,281.35));
#5634=CARTESIAN_POINT('',(-107.250450290506,-49.4703245641642,133.35));
#5635=CARTESIAN_POINT('',(-106.4768,-49.0728,133.35));
#5636=CARTESIAN_POINT('',(-107.250450290506,-49.4703245641642,125.73));
#5637=CARTESIAN_POINT('',(-107.4768,-49.586629787234,180.7464));
#5638=CARTESIAN_POINT('',(-107.442,-49.5687485106383,180.747005703438));
#5639=CARTESIAN_POINT('Origin',(-107.4768,-49.586629787234,181.7464));
#5640=CARTESIAN_POINT('',(-110.925744099379,-51.3588,180.7464));
#5641=CARTESIAN_POINT('',(-101.931439799237,-46.7372585351401,180.7464));
#5642=CARTESIAN_POINT('',(-110.925744099379,-51.3588,173.1264));
#5643=CARTESIAN_POINT('',(-110.925744099379,-51.3588,153.2382));
#5644=CARTESIAN_POINT('',(-107.4768,-49.586629787234,173.1264));
#5645=CARTESIAN_POINT('',(-101.931439799237,-46.7372585351401,173.1264));
#5646=CARTESIAN_POINT('',(-107.442,-49.5687485106383,173.125794296562));
#5647=CARTESIAN_POINT('Origin',(-107.4768,-49.586629787234,172.1264));
#5648=CARTESIAN_POINT('',(-107.442,-49.5687485106383,153.2382));
#5649=CARTESIAN_POINT('Origin',(-109.855845637399,-55.8793308615158,281.35));
#5650=CARTESIAN_POINT('',(-108.1663228187,-49.0728,281.35));
#5651=CARTESIAN_POINT('Origin',(-109.855845637399,-55.8793308615158,133.35));
#5652=CARTESIAN_POINT('Origin',(0.,0.,133.35));
#5653=CARTESIAN_POINT('',(-108.1663228187,-49.0728,133.35));
#5654=CARTESIAN_POINT('Origin',(-104.965493156725,-68.8572154479415,133.35));
#5655=CARTESIAN_POINT('',(-83.9809396842276,-83.0492255819049,133.35));
#5656=CARTESIAN_POINT('',(-85.2321662111596,-84.4146997275092,133.35));
#5657=CARTESIAN_POINT('Origin',(0.,0.,133.35));
#5658=CARTESIAN_POINT('Origin',(-106.4768,-49.0728,3.81));
#5659=CARTESIAN_POINT('',(-95.504,-49.0728,3.81));
#5660=CARTESIAN_POINT('Origin',(-120.201004433523,-8.88178419700125E-15,
173.1264));
#5661=CARTESIAN_POINT('',(-127.254,-51.3588,173.1264));
#5662=CARTESIAN_POINT('',(-107.442,-51.3588,173.1264));
#5663=CARTESIAN_POINT('',(-127.254,51.3588,173.1264));
#5664=CARTESIAN_POINT('Origin',(0.,0.,173.1264));
#5665=CARTESIAN_POINT('',(-107.442,51.3588,173.1264));
#5666=CARTESIAN_POINT('',(-107.4768,24.5364,173.1264));
#5667=CARTESIAN_POINT('',(-131.445,35.601492373259,173.1264));
#5668=CARTESIAN_POINT('',(-131.445,18.8498542337272,173.1264));
#5669=CARTESIAN_POINT('',(-114.192852580513,30.1287888453076,173.1264));
#5670=CARTESIAN_POINT('',(-121.508914918664,32.4495805238835,173.1264));
#5671=CARTESIAN_POINT('',(-110.679314449993,41.2048644050617,173.1264));
#5672=CARTESIAN_POINT('',(-118.506939878611,16.5290625551512,173.1264));
#5673=CARTESIAN_POINT('',(-109.06693318765,40.6933869403572,173.1264));
#5674=CARTESIAN_POINT('',(-113.925584521515,-31.1241496151517,173.1264));
#5675=CARTESIAN_POINT('',(-110.315524409206,-42.1691424166666,173.1264));
#5676=CARTESIAN_POINT('',(-117.329606960876,-20.7095298666484,173.1264));
#5677=CARTESIAN_POINT('',(-131.445,-36.8503772502819,173.1264));
#5678=CARTESIAN_POINT('',(-112.164918411634,-30.5486752252088,173.1264));
#5679=CARTESIAN_POINT('',(-131.445,18.8498542337272,173.1264));
#5680=CARTESIAN_POINT('',(-117.655796026606,-44.5683129961038,173.1264));
#5681=CARTESIAN_POINT('Origin',(-127.254,-51.3588,173.1264));
#5682=CARTESIAN_POINT('',(-127.254,-51.3588,180.7464));
#5683=CARTESIAN_POINT('',(-107.442,-51.3588,180.7464));
#5684=CARTESIAN_POINT('',(-127.254,-51.3588,173.1264));
#5685=CARTESIAN_POINT('Origin',(-120.201004433523,-8.88178419700125E-15,
180.7464));
#5686=CARTESIAN_POINT('',(-107.4768,24.5364,180.7464));
#5687=CARTESIAN_POINT('',(-127.254,51.3588,180.7464));
#5688=CARTESIAN_POINT('',(-107.442,51.3588,180.7464));
#5689=CARTESIAN_POINT('Origin',(0.,0.,180.7464));
#5690=CARTESIAN_POINT('',(-114.192852580513,30.1287888453076,180.7464));
#5691=CARTESIAN_POINT('',(-110.679314449993,41.2048644050617,180.7464));
#5692=CARTESIAN_POINT('',(-118.506939878611,16.5290625551512,180.7464));
#5693=CARTESIAN_POINT('',(-131.445,35.601492373259,180.7464));
#5694=CARTESIAN_POINT('',(-121.508914918664,32.4495805238835,180.7464));
#5695=CARTESIAN_POINT('',(-131.445,39.1800660412922,180.7464));
#5696=CARTESIAN_POINT('',(-131.445,18.8498542337272,180.7464));
#5697=CARTESIAN_POINT('',(-128.865516596877,46.9738675459035,180.7464));
#5698=CARTESIAN_POINT('Origin',(0.,0.,180.7464));
#5699=CARTESIAN_POINT('',(-109.06693318765,40.6933869403572,180.7464));
#5700=CARTESIAN_POINT('',(-131.445,-36.8503772502819,180.7464));
#5701=CARTESIAN_POINT('',(-131.445,-39.1800660412921,180.7464));
#5702=CARTESIAN_POINT('',(-131.445,18.8498542337272,180.7464));
#5703=CARTESIAN_POINT('',(-113.925584521515,-31.1241496151517,180.7464));
#5704=CARTESIAN_POINT('',(-112.164918411634,-30.5486752252088,180.7464));
#5705=CARTESIAN_POINT('',(-110.315524409206,-42.1691424166666,180.7464));
#5706=CARTESIAN_POINT('',(-117.329606960876,-20.7095298666484,180.7464));
#5707=CARTESIAN_POINT('',(-128.450690670236,-48.0966284300623,180.7464));
#5708=CARTESIAN_POINT('',(-117.655796026606,-44.5683129961038,180.7464));
#5709=CARTESIAN_POINT('Origin',(0.,0.,180.7464));
#5710=CARTESIAN_POINT('Origin',(-109.855845637399,55.8793308615159,281.35));
#5711=CARTESIAN_POINT('',(-102.6799228187,49.0728,281.35));
#5712=CARTESIAN_POINT('Origin',(-109.855845637399,55.8793308615159,133.35));
#5713=CARTESIAN_POINT('Origin',(0.,0.,133.35));
#5714=CARTESIAN_POINT('',(-102.6799228187,49.0728,133.35));
#5715=CARTESIAN_POINT('Origin',(-95.504,49.0728,3.81));
#5716=CARTESIAN_POINT('',(-95.504,49.0728,87.63));
#5717=CARTESIAN_POINT('',(-95.504,49.0728,3.81));
#5718=CARTESIAN_POINT('',(-95.504,49.0728,87.63));
#5719=CARTESIAN_POINT('Origin',(-107.4768,24.5364,172.1264));
#5720=CARTESIAN_POINT('',(-107.442,38.5572,173.125794296562));
#5721=CARTESIAN_POINT('',(-107.442,24.5364,173.125794296562));
#5722=CARTESIAN_POINT('Origin',(-107.4768,38.5572,172.1264));
#5723=CARTESIAN_POINT('',(-107.442,-38.5572,173.125794296562));
#5724=CARTESIAN_POINT('Origin',(-107.4768,-38.5572,172.1264));
#5725=CARTESIAN_POINT('',(-107.442,24.5364,173.125794296562));
#5726=CARTESIAN_POINT('Origin',(-107.442,38.5572,173.1264));
#5727=CARTESIAN_POINT('',(-107.442,38.5572,180.747005703438));
#5728=CARTESIAN_POINT('',(-107.442,24.5364,180.747005703438));
#5729=CARTESIAN_POINT('',(-107.442,38.5572,173.1264));
#5730=CARTESIAN_POINT('Origin',(-101.001634482453,72.6788580126956,133.35));
#5731=CARTESIAN_POINT('',(-110.688286202923,41.2077104127336,133.35));
#5732=CARTESIAN_POINT('',(-110.8185345134,41.2490276105828,133.35));
#5733=CARTESIAN_POINT('Origin',(0.,0.,133.35));
#5734=CARTESIAN_POINT('Origin',(-107.4768,24.5364,181.7464));
#5735=CARTESIAN_POINT('',(-107.442,-38.5572,180.747005703438));
#5736=CARTESIAN_POINT('',(-107.442,24.5364,180.747005703438));
#5737=CARTESIAN_POINT('Origin',(-107.4768,-38.5572,181.7464));
#5738=CARTESIAN_POINT('Origin',(-107.4768,38.5572,181.7464));
#5739=CARTESIAN_POINT('Origin',(-44.1290810630654,-39.5585534852199,81.248));
#5740=CARTESIAN_POINT('',(-83.9809396842276,-83.0492255819049,79.248));
#5741=CARTESIAN_POINT('Ctrl Pts',(-82.5614591609535,-84.4605088855982,81.248));
#5742=CARTESIAN_POINT('Ctrl Pts',(-82.5614591609535,-84.4605088855982,80.996894414066));
#5743=CARTESIAN_POINT('Ctrl Pts',(-82.5973850022531,-84.425437585354,80.7290595864811));
#5744=CARTESIAN_POINT('Ctrl Pts',(-82.743198316387,-84.2825346858218,80.236377977115));
#5745=CARTESIAN_POINT('Ctrl Pts',(-82.8530543663234,-84.1746697124222,80.0115315767279));
#5746=CARTESIAN_POINT('Ctrl Pts',(-83.1059445574181,-83.9250003534769,79.6562964383541));
#5747=CARTESIAN_POINT('Ctrl Pts',(-83.2658729277855,-83.7665049052992,79.5023114057248));
#5748=CARTESIAN_POINT('Ctrl Pts',(-83.6150120501824,-83.4179998460989,79.2981647085914));
#5749=CARTESIAN_POINT('Ctrl Pts',(-83.8041895184969,-83.2279586754816,79.248));
#5750=CARTESIAN_POINT('Ctrl Pts',(-83.9809396842276,-83.0492255819049,79.248));
#5751=CARTESIAN_POINT('',(-44.1290810630654,-39.5585534852199,79.248));
#5752=CARTESIAN_POINT('Origin',(0.,0.,79.248));
#5753=CARTESIAN_POINT('',(-110.324470984429,-42.1720666081925,79.248));
#5754=CARTESIAN_POINT('Origin',(0.,0.,79.248));
#5755=CARTESIAN_POINT('',(-63.356184903807,-26.8204643780922,79.248));
#5756=CARTESIAN_POINT('Origin',(-85.2321662111596,-84.4146997275092,135.35));
#5757=CARTESIAN_POINT('Ctrl Pts',(-82.5614591609535,-84.4605088855982,135.35));
#5758=CARTESIAN_POINT('Ctrl Pts',(-82.5614591609535,-84.4605088855982,135.098894414066));
#5759=CARTESIAN_POINT('Ctrl Pts',(-82.5973850022531,-84.425437585354,134.831059586481));
#5760=CARTESIAN_POINT('Ctrl Pts',(-82.743198316387,-84.2825346858218,134.338377977115));
#5761=CARTESIAN_POINT('Ctrl Pts',(-82.8530543663233,-84.1746697124222,134.113531576728));
#5762=CARTESIAN_POINT('Ctrl Pts',(-83.1059445574181,-83.9250003534769,133.758296438354));
#5763=CARTESIAN_POINT('Ctrl Pts',(-83.2658729277855,-83.7665049052992,133.604311405725));
#5764=CARTESIAN_POINT('Ctrl Pts',(-83.6150120501824,-83.4179998460989,133.400164708591));
#5765=CARTESIAN_POINT('Ctrl Pts',(-83.8041895184969,-83.2279586754816,133.35));
#5766=CARTESIAN_POINT('Ctrl Pts',(-83.9809396842276,-83.0492255819049,133.35));
#5767=CARTESIAN_POINT('Origin',(-85.2321662111596,-84.4146997275092,123.73));
#5768=CARTESIAN_POINT('',(-83.9809396842276,-83.0492255819049,125.73));
#5769=CARTESIAN_POINT('Ctrl Pts',(-83.9809396842276,-83.0492255819049,125.73));
#5770=CARTESIAN_POINT('Ctrl Pts',(-83.8041895184969,-83.2279586754816,125.73));
#5771=CARTESIAN_POINT('Ctrl Pts',(-83.6150120501824,-83.4179998460989,125.679835291409));
#5772=CARTESIAN_POINT('Ctrl Pts',(-83.2658729277855,-83.7665049052992,125.475688594275));
#5773=CARTESIAN_POINT('Ctrl Pts',(-83.1059445574181,-83.9250003534769,125.321703561646));
#5774=CARTESIAN_POINT('Ctrl Pts',(-82.8530543663233,-84.1746697124222,124.966468423272));
#5775=CARTESIAN_POINT('Ctrl Pts',(-82.743198316387,-84.2825346858218,124.741622022885));
#5776=CARTESIAN_POINT('Ctrl Pts',(-82.5973850022531,-84.425437585354,124.248940413519));
#5777=CARTESIAN_POINT('Ctrl Pts',(-82.5614591609535,-84.4605088855982,123.981105585934));
#5778=CARTESIAN_POINT('Ctrl Pts',(-82.5614591609535,-84.4605088855982,123.73));
#5779=CARTESIAN_POINT('',(-85.2321662111596,-84.4146997275092,125.73));
#5780=CARTESIAN_POINT('Origin',(-120.940170398528,-45.6418120129922,123.73));
#5781=CARTESIAN_POINT('',(-111.023309937657,-40.2963615043211,123.73));
#5782=CARTESIAN_POINT('',(-110.324470984429,-42.1720666081925,125.73));
#5783=CARTESIAN_POINT('Ctrl Pts',(-111.023309937657,-40.2963615043211,123.73));
#5784=CARTESIAN_POINT('Ctrl Pts',(-111.023309937657,-40.2963615043211,123.981157785622));
#5785=CARTESIAN_POINT('Ctrl Pts',(-111.006205160515,-40.3435861633032,124.24904471743));
#5786=CARTESIAN_POINT('Ctrl Pts',(-110.936275142629,-40.5354830504828,124.741805886586));
#5787=CARTESIAN_POINT('Ctrl Pts',(-110.883406494576,-40.6801404389712,124.966679741788));
#5788=CARTESIAN_POINT('Ctrl Pts',(-110.760486966048,-41.0136346704457,125.321859455466));
#5789=CARTESIAN_POINT('Ctrl Pts',(-110.682224020868,-41.2247280722948,125.475787207396));
#5790=CARTESIAN_POINT('Ctrl Pts',(-110.509104455833,-41.6865775905181,125.679855957349));
#5791=CARTESIAN_POINT('Ctrl Pts',(-110.414205377967,-41.9373164455271,125.73));
#5792=CARTESIAN_POINT('Ctrl Pts',(-110.324470984429,-42.1720666081925,125.73));
#5793=CARTESIAN_POINT('',(-120.940170398528,-45.6418120129922,125.73));
#5794=CARTESIAN_POINT('',(-121.56152325779,-43.7407805497366,123.73));
#5795=CARTESIAN_POINT('Origin',(-104.965493156725,-68.8572154479415,125.73));
#5796=CARTESIAN_POINT('Origin',(0.,0.,125.73));
#5797=CARTESIAN_POINT('Origin',(-57.865307288835,-12.8008266071971,81.248));
#5798=CARTESIAN_POINT('',(-113.390664331443,-33.0534316293174,81.248));
#5799=CARTESIAN_POINT('',(-113.934531096738,-31.1270738066777,79.248));
#5800=CARTESIAN_POINT('Ctrl Pts',(-113.390664331443,-33.0534316293174,81.248));
#5801=CARTESIAN_POINT('Ctrl Pts',(-113.390664331443,-33.0534316293174,80.996894414066));
#5802=CARTESIAN_POINT('Ctrl Pts',(-113.404746787626,-33.005240897825,80.7290595864811));
#5803=CARTESIAN_POINT('Ctrl Pts',(-113.461629790961,-32.8091616148681,80.236377977115));
#5804=CARTESIAN_POINT('Ctrl Pts',(-113.504386578576,-32.6612594130351,80.0115315767279));
#5805=CARTESIAN_POINT('Ctrl Pts',(-113.602144380285,-32.3195992752476,79.6562964383541));
#5806=CARTESIAN_POINT('Ctrl Pts',(-113.663670174898,-32.1030064144725,79.5023114057248));
#5807=CARTESIAN_POINT('Ctrl Pts',(-113.796762558617,-31.6279902879334,79.2981647085914));
#5808=CARTESIAN_POINT('Ctrl Pts',(-113.868284657768,-31.3695558661152,79.248));
#5809=CARTESIAN_POINT('Ctrl Pts',(-113.934531096738,-31.1270738066777,79.248));
#5810=CARTESIAN_POINT('',(-131.445,-36.8503772502819,79.248));
#5811=CARTESIAN_POINT('',(-57.865307288835,-12.8008266071971,79.248));
#5812=CARTESIAN_POINT('',(-131.445,-38.9544981327159,81.248));
#5813=CARTESIAN_POINT('Origin',(-131.445,-36.8503772502819,81.248));
#5814=CARTESIAN_POINT('',(-57.2439544295735,-14.7018580704526,81.248));
#5815=CARTESIAN_POINT('Origin',(0.,0.,79.248));
#5816=CARTESIAN_POINT('',(-131.445,18.8498542337272,79.248));
#5817=CARTESIAN_POINT('',(-114.201824333444,30.1316348529795,79.248));
#5818=CARTESIAN_POINT('Origin',(0.,0.,79.248));
#5819=CARTESIAN_POINT('',(-131.445,35.601492373259,79.248));
#5820=CARTESIAN_POINT('',(-66.9032544233806,15.1276446759955,79.248));
#5821=CARTESIAN_POINT('',(-131.445,18.8498542337272,79.248));
#5822=CARTESIAN_POINT('Origin',(-120.940170398528,-45.6418120129922,135.35));
#5823=CARTESIAN_POINT('',(-111.023309937657,-40.2963615043211,135.35));
#5824=CARTESIAN_POINT('Ctrl Pts',(-110.324470984429,-42.1720666081925,133.35));
#5825=CARTESIAN_POINT('Ctrl Pts',(-110.414224015959,-41.937267687504,133.35));
#5826=CARTESIAN_POINT('Ctrl Pts',(-110.509141354737,-41.6864800086863,133.400164708591));
#5827=CARTESIAN_POINT('Ctrl Pts',(-110.682288299772,-41.2245557307993,133.604311405725));
#5828=CARTESIAN_POINT('Ctrl Pts',(-110.760560396486,-41.0134364052571,133.758296438354));
#5829=CARTESIAN_POINT('Ctrl Pts',(-110.883460144081,-40.6799939220772,134.113531576728));
#5830=CARTESIAN_POINT('Ctrl Pts',(-110.936308992058,-40.5353903140252,134.338377977115));
#5831=CARTESIAN_POINT('Ctrl Pts',(-111.006212201748,-40.343566690484,134.831059586481));
#5832=CARTESIAN_POINT('Ctrl Pts',(-111.023309937657,-40.2963615043211,135.098894414066));
#5833=CARTESIAN_POINT('Ctrl Pts',(-111.023309937657,-40.2963615043211,135.35));
#5834=CARTESIAN_POINT('',(-121.56152325779,-43.7407805497366,135.35));
#5835=CARTESIAN_POINT('Origin',(-129.13875272303,-46.2174008921714,3.81));
#5836=CARTESIAN_POINT('',(-110.936877268468,-40.268110953411,171.1264));
#5837=CARTESIAN_POINT('',(-110.936877268468,-40.268110953411,3.81));
#5838=CARTESIAN_POINT('',(-118.277148885868,-42.6672815328483,171.1264));
#5839=CARTESIAN_POINT('',(-111.023309937657,-40.2963615043211,125.73));
#5840=CARTESIAN_POINT('',(-111.023309937657,-40.2963615043211,81.248));
#5841=CARTESIAN_POINT('',(-63.9775377630684,-24.9194329148366,81.248));
#5842=CARTESIAN_POINT('',(-111.023309937657,-40.2963615043211,71.628));
#5843=CARTESIAN_POINT('Origin',(-63.356184903807,-26.8204643780922,81.248));
#5844=CARTESIAN_POINT('Ctrl Pts',(-110.324470984429,-42.1720666081925,79.248));
#5845=CARTESIAN_POINT('Ctrl Pts',(-110.414224015959,-41.937267687504,79.248));
#5846=CARTESIAN_POINT('Ctrl Pts',(-110.509141354737,-41.6864800086863,79.2981647085914));
#5847=CARTESIAN_POINT('Ctrl Pts',(-110.682288299772,-41.2245557307993,79.5023114057248));
#5848=CARTESIAN_POINT('Ctrl Pts',(-110.760560396486,-41.0134364052571,79.6562964383541));
#5849=CARTESIAN_POINT('Ctrl Pts',(-110.883460144081,-40.6799939220772,80.0115315767279));
#5850=CARTESIAN_POINT('Ctrl Pts',(-110.936308992058,-40.5353903140252,80.236377977115));
#5851=CARTESIAN_POINT('Ctrl Pts',(-111.006212201748,-40.343566690484,80.729059586481));
#5852=CARTESIAN_POINT('Ctrl Pts',(-111.023309937657,-40.2963615043211,80.996894414066));
#5853=CARTESIAN_POINT('Ctrl Pts',(-111.023309937657,-40.2963615043211,81.248));
#5854=CARTESIAN_POINT('Origin',(-66.9032544233806,15.1276446759955,81.248));
#5855=CARTESIAN_POINT('',(-131.445,37.6997084674544,81.248));
#5856=CARTESIAN_POINT('Origin',(-131.445,35.601492373259,81.248));
#5857=CARTESIAN_POINT('',(-113.67478870685,32.0626653984498,81.248));
#5858=CARTESIAN_POINT('Ctrl Pts',(-114.201824333444,30.1316348529795,79.248));
#5859=CARTESIAN_POINT('Ctrl Pts',(-114.137696445234,30.3746857813446,79.248));
#5860=CARTESIAN_POINT('Ctrl Pts',(-114.068432306582,30.633734502909,79.2981647085914));
#5861=CARTESIAN_POINT('Ctrl Pts',(-113.939490235703,31.1098939777006,79.5023114057248));
#5862=CARTESIAN_POINT('Ctrl Pts',(-113.879856889092,31.327015498314,79.6562964383541));
#5863=CARTESIAN_POINT('Ctrl Pts',(-113.785084319021,31.6695157136573,80.0115315767279));
#5864=CARTESIAN_POINT('Ctrl Pts',(-113.743619833269,31.8177854024524,80.236377977115));
#5865=CARTESIAN_POINT('Ctrl Pts',(-113.688450088687,32.0143536108589,80.729059586481));
#5866=CARTESIAN_POINT('Ctrl Pts',(-113.67478870685,32.0626653984498,80.996894414066));
#5867=CARTESIAN_POINT('Ctrl Pts',(-113.67478870685,32.0626653984498,81.248));
#5868=CARTESIAN_POINT('',(-66.2985146418797,17.0340260115814,81.248));
#5869=CARTESIAN_POINT('Origin',(-121.508914918664,32.4495805238835,171.1264));
#5870=CARTESIAN_POINT('',(-113.588112799013,32.0351701808935,171.1264));
#5871=CARTESIAN_POINT('Origin',(-114.192852580513,30.1287888453076,171.1264));
#5872=CARTESIAN_POINT('',(-131.445,37.6997084674544,171.1264));
#5873=CARTESIAN_POINT('Origin',(-131.445,35.601492373259,171.1264));
#5874=CARTESIAN_POINT('',(-120.904175137163,34.3559618594694,171.1264));
#5875=CARTESIAN_POINT('Origin',(-121.508914918664,32.4495805238835,182.7464));
#5876=CARTESIAN_POINT('',(-131.445,37.6997084674544,182.7464));
#5877=CARTESIAN_POINT('Origin',(-131.445,35.601492373259,182.7464));
#5878=CARTESIAN_POINT('',(-113.588112799013,32.0351701808935,182.7464));
#5879=CARTESIAN_POINT('Origin',(-114.192852580513,30.1287888453076,182.7464));
#5880=CARTESIAN_POINT('',(-120.904175137163,34.3559618594694,182.7464));
#5881=CARTESIAN_POINT('Origin',(-112.164918411634,-30.5486752252088,171.1264));
#5882=CARTESIAN_POINT('',(-131.445,-38.9544981327159,171.1264));
#5883=CARTESIAN_POINT('Origin',(-131.445,-36.8503772502819,171.1264));
#5884=CARTESIAN_POINT('',(-113.304231662254,-33.0251810784073,171.1264));
#5885=CARTESIAN_POINT('Origin',(-113.925584521515,-31.1241496151517,171.1264));
#5886=CARTESIAN_POINT('',(-111.543565552373,-32.4497066884644,171.1264));
#5887=CARTESIAN_POINT('Origin',(-117.655796026606,-44.5683129961038,171.1264));
#5888=CARTESIAN_POINT('Origin',(-110.315524409206,-42.1691424166666,171.1264));
#5889=CARTESIAN_POINT('Origin',(-112.164918411634,-30.5486752252088,182.7464));
#5890=CARTESIAN_POINT('',(-113.304231662254,-33.0251810784073,182.7464));
#5891=CARTESIAN_POINT('Origin',(-113.925584521515,-31.1241496151517,182.7464));
#5892=CARTESIAN_POINT('',(-131.445,-38.9544981327159,182.7464));
#5893=CARTESIAN_POINT('Origin',(-131.445,-36.8503772502819,182.7464));
#5894=CARTESIAN_POINT('',(-111.543565552373,-32.4497066884644,182.7464));
#5895=CARTESIAN_POINT('Origin',(-117.655796026606,-44.5683129961038,182.7464));
#5896=CARTESIAN_POINT('',(-129.13875272303,-46.2174008921714,182.7464));
#5897=CARTESIAN_POINT('Ctrl Pts',(-129.138752722726,-46.2174008920722,182.7464));
#5898=CARTESIAN_POINT('Ctrl Pts',(-129.138752722726,-46.2174008920722,182.495289529145));
#5899=CARTESIAN_POINT('Ctrl Pts',(-129.121864016657,-46.2646760722351,182.227447392598));
#5900=CARTESIAN_POINT('Ctrl Pts',(-129.052860660105,-46.4568097769357,181.734745856992));
#5901=CARTESIAN_POINT('Ctrl Pts',(-129.000708648604,-46.6016556068796,181.509886740794));
#5902=CARTESIAN_POINT('Ctrl Pts',(-128.879554976441,-46.9356740144883,181.154675291348));
#5903=CARTESIAN_POINT('Ctrl Pts',(-128.802455535515,-47.1471510418934,181.00070707002));
#5904=CARTESIAN_POINT('Ctrl Pts',(-128.632103204948,-47.6099614410387,180.796570552166));
#5905=CARTESIAN_POINT('Ctrl Pts',(-128.538813601631,-47.8612803033605,180.7464));
#5906=CARTESIAN_POINT('Ctrl Pts',(-128.450690670236,-48.0966284300623,180.7464));
#5907=CARTESIAN_POINT('',(-110.936877268468,-40.268110953411,182.7464));
#5908=CARTESIAN_POINT('Origin',(-110.315524409206,-42.1691424166666,182.7464));
#5909=CARTESIAN_POINT('',(-118.277148885868,-42.6672815328483,182.7464));
#5910=CARTESIAN_POINT('Origin',(-54.4612726923666,23.3714510924694,81.248));
#5911=CARTESIAN_POINT('',(-54.4612726923666,23.3714510924694,79.248));
#5912=CARTESIAN_POINT('Origin',(0.,0.,79.248));
#5913=CARTESIAN_POINT('',(-46.4308116288259,50.7693136302677,79.248));
#5914=CARTESIAN_POINT('Origin',(-110.8185345134,41.2490276105828,123.73));
#5915=CARTESIAN_POINT('',(-110.688286202923,41.2077104127336,125.73));
#5916=CARTESIAN_POINT('Ctrl Pts',(-110.688286202923,41.2077104127336,125.73));
#5917=CARTESIAN_POINT('Ctrl Pts',(-110.775986835817,40.9721371994527,125.73));
#5918=CARTESIAN_POINT('Ctrl Pts',(-110.868712052851,40.7205307703352,125.679835291409));
#5919=CARTESIAN_POINT('Ctrl Pts',(-111.037821406373,40.257113108147,125.475688594275));
#5920=CARTESIAN_POINT('Ctrl Pts',(-111.114248182436,40.0453187771513,125.321703561646));
#5921=CARTESIAN_POINT('Ctrl Pts',(-111.23423345272,39.7108165014293,124.966468423272));
#5922=CARTESIAN_POINT('Ctrl Pts',(-111.285818399855,39.5657572120916,124.741622022885));
#5923=CARTESIAN_POINT('Ctrl Pts',(-111.354044992184,39.3733308797654,124.248940413519));
#5924=CARTESIAN_POINT('Ctrl Pts',(-111.370730139332,39.325978287032,123.981105585934));
#5925=CARTESIAN_POINT('Ctrl Pts',(-111.370730139332,39.325978287032,123.73));
#5926=CARTESIAN_POINT('',(-110.8185345134,41.2490276105828,125.73));
#5927=CARTESIAN_POINT('Origin',(-110.8185345134,41.2490276105828,135.35));
#5928=CARTESIAN_POINT('Ctrl Pts',(-111.370730139332,39.325978287032,135.35));
#5929=CARTESIAN_POINT('Ctrl Pts',(-111.370730139332,39.325978287032,135.098894414066));
#5930=CARTESIAN_POINT('Ctrl Pts',(-111.354044992184,39.3733308797654,134.831059586481));
#5931=CARTESIAN_POINT('Ctrl Pts',(-111.285818399855,39.5657572120916,134.338377977115));
#5932=CARTESIAN_POINT('Ctrl Pts',(-111.23423345272,39.7108165014293,134.113531576728));
#5933=CARTESIAN_POINT('Ctrl Pts',(-111.114248182436,40.0453187771513,133.758296438354));
#5934=CARTESIAN_POINT('Ctrl Pts',(-111.037821406373,40.257113108147,133.604311405725));
#5935=CARTESIAN_POINT('Ctrl Pts',(-110.868712052851,40.7205307703352,133.400164708591));
#5936=CARTESIAN_POINT('Ctrl Pts',(-110.775986835817,40.9721371994527,133.35));
#5937=CARTESIAN_POINT('Ctrl Pts',(-110.688286202923,41.2077104127336,133.35));
#5938=CARTESIAN_POINT('Origin',(-109.06693318765,40.6933869403572,171.1264));
#5939=CARTESIAN_POINT('Origin',(-110.679314449993,41.2048644050617,171.1264));
#5940=CARTESIAN_POINT('Origin',(-109.06693318765,40.6933869403572,182.7464));
#5941=CARTESIAN_POINT('',(-111.284054231494,39.2984830694758,182.7464));
#5942=CARTESIAN_POINT('Origin',(-110.679314449993,41.2048644050617,182.7464));
#5943=CARTESIAN_POINT('',(-129.537153304253,45.0887071652137,182.7464));
#5944=CARTESIAN_POINT('Ctrl Pts',(-128.865516596877,46.9738675459035,180.7464));
#5945=CARTESIAN_POINT('Ctrl Pts',(-128.951582399039,46.7377593726482,180.7464));
#5946=CARTESIAN_POINT('Ctrl Pts',(-129.0426753072,46.4856359847436,180.796570552166));
#5947=CARTESIAN_POINT('Ctrl Pts',(-129.208982419895,46.0213566223402,181.00070707002));
#5948=CARTESIAN_POINT('Ctrl Pts',(-129.284233463324,45.8092148363242,181.154675291349));
#5949=CARTESIAN_POINT('Ctrl Pts',(-129.402467698835,45.4741518952921,181.509886740794));
#5950=CARTESIAN_POINT('Ctrl Pts',(-129.453353722271,45.3288564742539,181.734745856992));
#5951=CARTESIAN_POINT('Ctrl Pts',(-129.520677789792,45.1361279251755,182.227447392598));
#5952=CARTESIAN_POINT('Ctrl Pts',(-129.537153304253,45.0887071652137,182.495289529145));
#5953=CARTESIAN_POINT('Ctrl Pts',(-129.537153304253,45.0887071652137,182.7464));
#5954=CARTESIAN_POINT('',(-109.671672969151,38.7870056047713,182.7464));
#5955=CARTESIAN_POINT('Origin',(-46.4308116288259,50.7693136302677,81.248));
#5956=CARTESIAN_POINT('Origin',(-82.7980154270925,97.9930902524104,123.73));
#5957=CARTESIAN_POINT('',(-76.5802049059248,89.91909873084,125.73));
#5958=CARTESIAN_POINT('Ctrl Pts',(-75.0453646860495,91.203976553316,123.73));
#5959=CARTESIAN_POINT('Ctrl Pts',(-75.0453646860495,91.203976553316,123.981105585934));
#5960=CARTESIAN_POINT('Ctrl Pts',(-75.0841549115974,91.1721021031114,124.248940413519));
#5961=CARTESIAN_POINT('Ctrl Pts',(-75.2416416472421,91.0421763959963,124.741622022885));
#5962=CARTESIAN_POINT('Ctrl Pts',(-75.3603096999964,90.9440892028994,124.966468423272));
#5963=CARTESIAN_POINT('Ctrl Pts',(-75.6336016407893,90.7169334135262,125.321703561646));
#5964=CARTESIAN_POINT('Ctrl Pts',(-75.8064837138469,90.5726778085858,125.475688594275));
#5965=CARTESIAN_POINT('Ctrl Pts',(-76.184115066018,90.2552688217348,125.679835291409));
#5966=CARTESIAN_POINT('Ctrl Pts',(-76.388833878782,90.0820811525781,125.73));
#5967=CARTESIAN_POINT('Ctrl Pts',(-76.5802049059248,89.91909873084,125.73));
#5968=CARTESIAN_POINT('',(-82.7980154270925,97.9930902524104,125.73));
#5969=CARTESIAN_POINT('Origin',(-101.001634482453,72.6788580126956,125.73));
#5970=CARTESIAN_POINT('Origin',(0.,0.,125.73));
#5971=CARTESIAN_POINT('Origin',(-82.7980154270925,97.9930902524104,135.35));
#5972=CARTESIAN_POINT('Ctrl Pts',(-76.5802049059248,89.91909873084,133.35));
#5973=CARTESIAN_POINT('Ctrl Pts',(-76.388833878782,90.0820811525781,133.35));
#5974=CARTESIAN_POINT('Ctrl Pts',(-76.184115066018,90.2552688217348,133.400164708591));
#5975=CARTESIAN_POINT('Ctrl Pts',(-75.806483713847,90.5726778085858,133.604311405725));
#5976=CARTESIAN_POINT('Ctrl Pts',(-75.6336016407893,90.7169334135262,133.758296438354));
#5977=CARTESIAN_POINT('Ctrl Pts',(-75.3603096999964,90.9440892028994,134.113531576728));
#5978=CARTESIAN_POINT('Ctrl Pts',(-75.2416416472421,91.0421763959963,134.338377977115));
#5979=CARTESIAN_POINT('Ctrl Pts',(-75.0841549115974,91.1721021031114,134.831059586481));
#5980=CARTESIAN_POINT('Ctrl Pts',(-75.0453646860495,91.203976553316,135.098894414066));
#5981=CARTESIAN_POINT('Ctrl Pts',(-75.0453646860495,91.203976553316,135.35));
#5982=CARTESIAN_POINT('Origin',(-95.504,-35.2,265.3875));
#5983=CARTESIAN_POINT('',(-95.504,-40.7,265.3875));
#5984=CARTESIAN_POINT('Origin',(-95.504,-35.2,265.3875));
#5985=CARTESIAN_POINT('',(-95.504,-40.7,265.3875));
#5986=CARTESIAN_POINT('Origin',(-95.5040000000003,-35.2,194.9875));
#5987=CARTESIAN_POINT('',(-95.5040000000003,-40.7,194.9875));
#5988=CARTESIAN_POINT('Origin',(-95.504,-35.2,194.9875));
#5989=CARTESIAN_POINT('',(-95.5040000000003,-40.7,194.9875));
#5990=CARTESIAN_POINT('Origin',(-95.5040000000003,35.2,265.3875));
#5991=CARTESIAN_POINT('',(-95.5040000000003,29.7,265.3875));
#5992=CARTESIAN_POINT('Origin',(-95.504,35.2,265.3875));
#5993=CARTESIAN_POINT('',(-95.5040000000003,29.7,265.3875));
#5994=CARTESIAN_POINT('Origin',(-95.504,30.0228,87.63));
#5995=CARTESIAN_POINT('',(-95.504,30.0228,87.63));
#5996=CARTESIAN_POINT('',(-95.504,-9.52500000000001,87.63));
#5997=CARTESIAN_POINT('',(-95.504,30.0228,87.63));
#5998=CARTESIAN_POINT('Origin',(-95.504,30.0228,83.82));
#5999=CARTESIAN_POINT('Origin',(-95.504,30.0228,83.82));
#6000=CARTESIAN_POINT('Origin',(-95.5040000000003,35.2,194.9875));
#6001=CARTESIAN_POINT('',(-95.5040000000003,29.7,194.9875));
#6002=CARTESIAN_POINT('Origin',(-95.504,35.2,194.9875));
#6003=CARTESIAN_POINT('',(-95.5040000000003,29.7,194.9875));
#6004=CARTESIAN_POINT('Origin',(-106.4768,-49.0728,3.81));
#6005=CARTESIAN_POINT('',(-95.504,-49.0728,289.2552));
#6006=CARTESIAN_POINT('',(-95.504,-49.0728,3.81));
#6007=CARTESIAN_POINT('',(-98.2472,-49.0728,289.2552));
#6008=CARTESIAN_POINT('Origin',(-95.504,49.0728,3.81));
#6009=CARTESIAN_POINT('',(-95.504,49.0728,289.2552));
#6010=CARTESIAN_POINT('',(-103.7336,49.0728,289.2552));
#6011=CARTESIAN_POINT('',(-95.504,49.0728,3.81));
#6012=CARTESIAN_POINT('Origin',(-95.504,-49.0728,3.81));
#6013=CARTESIAN_POINT('',(-95.504,24.5364,289.2552));
#6014=CARTESIAN_POINT('Origin',(-100.9904,0.,289.2552));
#6015=CARTESIAN_POINT('Origin',(-103.1748,38.5572,173.1264));
#6016=CARTESIAN_POINT('Origin',(0.,0.,125.73));
#6017=CARTESIAN_POINT('Origin',(0.,0.,125.73));
#6018=CARTESIAN_POINT('Origin',(-107.442,-38.5572,173.1264));
#6019=CARTESIAN_POINT('',(-107.442,-38.5572,173.1264));
#6020=CARTESIAN_POINT('Origin',(-107.442,-51.3588,173.1264));
#6021=CARTESIAN_POINT('Origin',(0.,0.,173.1264));
#6022=CARTESIAN_POINT('',(-127.254,51.3588,173.1264));
#6023=CARTESIAN_POINT('Origin',(-107.442,51.3588,173.1264));
#6024=CARTESIAN_POINT('Origin',(-131.445,37.6997084674544,0.));
#6025=CARTESIAN_POINT('',(-131.445,37.6997084674544,3.81));
#6026=CARTESIAN_POINT('Origin',(-131.445,37.6997084674544,0.));
#6027=CARTESIAN_POINT('',(-131.445,37.6997084674544,185.7756));
#6028=CARTESIAN_POINT('',(-131.445,37.6997084674544,3.81));
#6029=CARTESIAN_POINT('',(-131.445,39.1800660412922,185.7756));
#6030=CARTESIAN_POINT('',(-131.445,39.1800660412922,185.7756));
#6031=CARTESIAN_POINT('',(-131.445,39.1800660412922,0.));
#6032=CARTESIAN_POINT('Origin',(-113.588112799013,32.0351701808935,3.81));
#6033=CARTESIAN_POINT('',(-113.588112799013,32.0351701808935,3.81));
#6034=CARTESIAN_POINT('Origin',(-131.445,37.6997084674544,3.81));
#6035=CARTESIAN_POINT('',(-113.67478870685,32.0626653984498,71.628));
#6036=CARTESIAN_POINT('Origin',(-129.13875272303,-46.2174008921714,3.81));
#6037=CARTESIAN_POINT('',(-110.936877268468,-40.268110953411,185.7756));
#6038=CARTESIAN_POINT('',(-110.936877268468,-40.268110953411,3.81));
#6039=CARTESIAN_POINT('',(-129.13875272303,-46.2174008921714,185.7756));
#6040=CARTESIAN_POINT('',(-115.473543865249,-41.7509221619107,185.7756));
#6041=CARTESIAN_POINT('',(-129.13875272303,-46.2174008921714,3.81));
#6042=CARTESIAN_POINT('Origin',(0.,0.,0.));
#6043=CARTESIAN_POINT('',(-131.445,-39.1800660412921,185.7756));
#6044=CARTESIAN_POINT('Origin',(0.,0.,185.7756));
#6045=CARTESIAN_POINT('',(-131.445,-39.1800660412921,0.));
#6046=CARTESIAN_POINT('Origin',(0.,0.,0.));
#6047=CARTESIAN_POINT('',(-129.537153304253,45.0887071652137,185.7756));
#6048=CARTESIAN_POINT('Origin',(0.,0.,185.7756));
#6049=CARTESIAN_POINT('',(-129.537153304253,45.0887071652137,3.81));
#6050=CARTESIAN_POINT('Origin',(-110.936877268468,-40.268110953411,3.81));
#6051=CARTESIAN_POINT('',(-113.304231662254,-33.0251810784073,3.81));
#6052=CARTESIAN_POINT('Origin',(-110.936877268468,-40.268110953411,3.81));
#6053=CARTESIAN_POINT('',(-113.304231662254,-33.0251810784073,185.7756));
#6054=CARTESIAN_POINT('',(-113.304231662254,-33.0251810784073,3.81));
#6055=CARTESIAN_POINT('',(-112.710918551463,-34.8404248233487,185.7756));
#6056=CARTESIAN_POINT('Origin',(-131.445,37.6997084674544,0.));
#6057=CARTESIAN_POINT('',(-131.445,-38.9544981327159,3.81));
#6058=CARTESIAN_POINT('Origin',(-113.304231662254,-33.0251810784073,3.81));
#6059=CARTESIAN_POINT('',(-113.390664331443,-33.0534316293174,71.628));
#6060=CARTESIAN_POINT('Origin',(0.,0.,71.628));
#6061=CARTESIAN_POINT('Origin',(0.,0.,71.628));
#6062=CARTESIAN_POINT('Origin',(-111.284054231494,39.2984830694758,3.81));
#6063=CARTESIAN_POINT('',(-111.284054231494,39.2984830694758,185.7756));
#6064=CARTESIAN_POINT('',(-124.883881738382,43.6126024754118,185.7756));
#6065=CARTESIAN_POINT('',(-111.284054231494,39.2984830694758,3.81));
#6066=CARTESIAN_POINT('Origin',(-131.445,37.6997084674544,3.81));
#6067=CARTESIAN_POINT('',(-113.588112799013,32.0351701808935,185.7756));
#6068=CARTESIAN_POINT('',(-113.588112799013,32.0351701808935,3.81));
#6069=CARTESIAN_POINT('',(-118.061390769521,33.4541775389606,185.7756));
#6070=CARTESIAN_POINT('Origin',(-113.304231662254,-33.0251810784073,3.81));
#6071=CARTESIAN_POINT('',(-131.445,-38.9544981327159,185.7756));
#6072=CARTESIAN_POINT('',(-131.445,-38.9544981327159,3.81));
#6073=CARTESIAN_POINT('',(-126.911282427908,-37.4726508140612,185.7756));
#6074=CARTESIAN_POINT('Origin',(-131.445,37.6997084674544,0.));
#6075=CARTESIAN_POINT('',(-131.445,39.1800660412922,185.7756));
#6076=CARTESIAN_POINT('Origin',(-121.190938634234,-39.6212909852893,185.7756));
#6077=CARTESIAN_POINT('Origin',(-113.588112799013,32.0351701808935,3.81));
#6078=CARTESIAN_POINT('',(-111.851012703112,37.5112035131976,185.7756));
#6079=CARTESIAN_POINT('Origin',(-121.364527115747,38.5619386730536,185.7756));
#6080=UNCERTAINTY_MEASURE_WITH_UNIT(LENGTH_MEASURE(0.01),#6084,
'DISTANCE_ACCURACY_VALUE',
'Maximum model space distance between geometric entities at asserted c
onnectivities');
#6081=UNCERTAINTY_MEASURE_WITH_UNIT(LENGTH_MEASURE(0.01),#6084,
'DISTANCE_ACCURACY_VALUE',
'Maximum model space distance between geometric entities at asserted c
onnectivities');
#6082=(
GEOMETRIC_REPRESENTATION_CONTEXT(3)
GLOBAL_UNCERTAINTY_ASSIGNED_CONTEXT((#6080))
GLOBAL_UNIT_ASSIGNED_CONTEXT((#6084,#6086,#6087))
REPRESENTATION_CONTEXT('','3D')
);
#6083=(
GEOMETRIC_REPRESENTATION_CONTEXT(3)
GLOBAL_UNCERTAINTY_ASSIGNED_CONTEXT((#6081))
GLOBAL_UNIT_ASSIGNED_CONTEXT((#6084,#6086,#6087))
REPRESENTATION_CONTEXT('','3D')
);
#6084=(
LENGTH_UNIT()
NAMED_UNIT(*)
SI_UNIT(.MILLI.,.METRE.)
);
#6085=(
LENGTH_UNIT()
NAMED_UNIT(*)
SI_UNIT($,.METRE.)
);
#6086=(
NAMED_UNIT(*)
PLANE_ANGLE_UNIT()
SI_UNIT($,.RADIAN.)
);
#6087=(
NAMED_UNIT(*)
SI_UNIT($,.STERADIAN.)
SOLID_ANGLE_UNIT()
);
#6088=SHAPE_DEFINITION_REPRESENTATION(#6089,#6090);
#6089=PRODUCT_DEFINITION_SHAPE('',$,#6092);
#6090=SHAPE_REPRESENTATION('',(#3315),#6082);
#6091=PRODUCT_DEFINITION_CONTEXT('part definition',#6096,'design');
#6092=PRODUCT_DEFINITION('2026-09-21-21-59-18-651',
'R1-C4 - Chassis-part 5',#6093,#6091);
#6093=PRODUCT_DEFINITION_FORMATION('',$,#6098);
#6094=PRODUCT_RELATED_PRODUCT_CATEGORY('R1-C4 - Chassis-part 5',
'R1-C4 - Chassis-part 5',(#6098));
#6095=APPLICATION_PROTOCOL_DEFINITION('international standard',
'automotive_design',2009,#6096);
#6096=APPLICATION_CONTEXT(
'Core Data for Automotive Mechanical Design Process');
#6097=PRODUCT_CONTEXT('part definition',#6096,'mechanical');
#6098=PRODUCT('2026-09-21-21-59-18-651','R1-C4 - Chassis-part 5',$,(#6097));
#6099=PRESENTATION_STYLE_ASSIGNMENT((#6100));
#6100=SURFACE_STYLE_USAGE(.BOTH.,#6101);
#6101=SURFACE_SIDE_STYLE('',(#6102));
#6102=SURFACE_STYLE_FILL_AREA(#6103);
#6103=FILL_AREA_STYLE('Acier - Satin\X\E9',(#6104));
#6104=FILL_AREA_STYLE_COLOUR('Acier - Satin\X\E9',#6105);
#6105=COLOUR_RGB('Acier - Satin\X\E9',0.627450980392157,0.627450980392157,
0.627450980392157);
ENDSEC;
END-ISO-10303-21;
